state,month,enroll,year,eligible_pop,takeup,elig2018,takeup_static,ncsl_year,dem_house_seats,total_house_seats,dem_share_house,dem_senate_seats,total_senate_seats,dem_share_sen,dem_margin,dem_control,sen_margin,gov_dem,mood,expanded,expansion_date,post_expansion,covid,year_f,restrictive_waiver
Alabama,2015-01-01,843250.0,2015,1254964.0,67.19316251302826,1174119,71.81980702126445,2015,33.0,105.0,0.3142857142857143,8.0,35.0,0.22857142857142856,-0.18571428571428572,0.0,-0.27142857142857146,0.0,0.36033333333333334,0,,0.0,0.0,2015,0.0
Alaska,2015-01-01,125747.0,2015,117117.0,107.36869967639197,114607,109.7201741603916,2015,16.0,40.0,0.4,6.0,20.0,0.3,-0.09999999999999998,0.0,-0.2,0.0,0.3940416666666667,1,2015-09-01,0.0,0.0,2015,0.0
Arizona,2015-01-01,1482316.0,2015,1679141.0,88.27823273923988,1492698,99.30448087958851,2015,24.0,60.0,0.4,13.0,30.0,0.43333333333333335,-0.09999999999999998,0.0,-0.06666666666666665,0.0,0.4487083333333333,1,2014-01-01,1.0,0.0,2015,0.0
Arkansas,2015-01-01,824529.0,2015,818275.0,100.76429073355536,761746,108.24198617386898,2015,36.0,100.0,0.36,11.0,35.0,0.3142857142857143,-0.14,0.0,-0.18571428571428572,0.0,0.34975,1,2014-01-01,1.0,0.0,2015,0.0
California,2015-01-01,12170138.0,2015,8790787.0,138.4419620222854,7534254,161.53076336422956,2015,52.0,80.0,0.65,25.0,40.0,0.625,0.15000000000000002,1.0,0.125,1.0,0.6096666666666667,1,2014-01-01,1.0,0.0,2015,0.0
Colorado,2015-01-01,1197542.0,2015,923027.0,129.74073347800228,820836,145.89296765736395,2015,34.0,65.0,0.5230769230769231,17.0,35.0,0.4857142857142857,0.023076923076923106,1.0,-0.01428571428571429,1.0,0.4965833333333333,1,2014-01-01,1.0,0.0,2015,0.0
Connecticut,2015-01-01,733590.0,2015,536530.0,136.72860790636125,530145,138.375350140056,2015,86.0,151.0,0.5695364238410596,20.0,36.0,0.5555555555555556,0.06953642384105962,1.0,0.05555555555555558,1.0,0.5615,1,2014-01-01,1.0,0.0,2015,0.0
Delaware,2015-01-01,235775.0,2015,169006.0,139.50688141249424,165961,142.0665096016534,2015,25.0,41.0,0.6097560975609756,12.0,21.0,0.5714285714285714,0.1097560975609756,1.0,0.0714285714285714,1.0,0.5566666666666666,1,2014-01-01,1.0,0.0,2015,0.0
Florida,2015-01-01,3404156.0,2015,4757511.0,71.55329751208143,4384883,77.63390722169781,2015,38.0,120.0,0.31666666666666665,14.0,40.0,0.35,-0.18333333333333335,0.0,-0.15000000000000002,0.0,0.4880833333333333,0,,0.0,0.0,2015,0.0
Georgia,2015-01-01,1765025.0,2015,2473738.0,71.35052297373448,2209726,79.87528770535351,2015,59.0,180.0,0.3277777777777778,18.0,56.0,0.32142857142857145,-0.17222222222222222,0.0,-0.17857142857142855,0.0,0.45316666666666666,0,,0.0,0.0,2015,0.0
Hawaii,2015-01-01,314805.0,2015,206963.0,152.1068983344849,185180,169.99945998487956,2015,44.0,51.0,0.8627450980392157,24.0,25.0,0.96,0.36274509803921573,1.0,0.45999999999999996,1.0,0.663625,1,2014-01-01,1.0,0.0,2015,0.0
Idaho,2015-01-01,273329.0,2015,371424.0,73.58948263978634,341618,80.01012827192947,2015,14.0,70.0,0.2,7.0,35.0,0.2,-0.3,0.0,-0.3,0.0,0.2975416666666667,1,2020-01-01,0.0,0.0,2015,0.0
Illinois,2015-01-01,3151683.0,2015,2523846.0,124.87620084585194,2253479,139.8585476057243,2015,71.0,118.0,0.6016949152542372,39.0,59.0,0.6610169491525424,0.10169491525423724,1.0,0.1610169491525424,0.0,0.5645416666666667,1,2014-01-01,1.0,0.0,2015,0.0
Indiana,2015-01-01,1220212.0,2015,1385860.0,88.04727750277806,1293314,94.34769901199554,2015,30.0,100.0,0.3,10.0,50.0,0.2,-0.2,0.0,-0.3,0.0,0.40741666666666665,1,2015-02-01,0.0,0.0,2015,1.0
Iowa,2015-01-01,569676.0,2015,567516.0,100.380606009346,533922,106.69648375605425,2015,43.0,100.0,0.43,26.0,50.0,0.52,-0.07,0.0,0.020000000000000018,0.0,0.46575,1,2014-01-01,1.0,0.0,2015,0.0
Kansas,2015-01-01,404608.0,2015,560352.0,72.20604191650962,526814,76.80281845205329,2015,28.0,125.0,0.224,8.0,40.0,0.2,-0.276,0.0,-0.3,0.0,0.369625,0,,0.0,0.0,2015,0.0
Kentucky,2015-01-01,1099327.0,2015,1119779.0,98.17356817729213,1057085,103.9960835694386,2015,54.0,100.0,0.54,11.0,38.0,0.2894736842105263,0.040000000000000036,1.0,-0.21052631578947367,1.0,0.350375,1,2014-01-01,1.0,0.0,2015,0.0
Louisiana,2015-01-01,1053090.0,2015,1255052.0,83.90807711552988,1237143,85.12273843848286,2015,43.0,105.0,0.4095238095238095,13.0,39.0,0.3333333333333333,-0.09047619047619049,0.0,-0.16666666666666669,0.0,0.3945416666666667,1,2016-07-01,0.0,0.0,2015,0.0
Maine,2015-01-01,286917.0,2015,265228.0,108.17749257242826,231999,123.67165375712825,2015,78.0,151.0,0.5165562913907285,15.0,35.0,0.42857142857142855,0.01655629139072845,1.0,-0.07142857142857145,0.0,0.5173333333333333,1,2019-01-01,0.0,0.0,2015,0.0
Maryland,2015-01-01,1166594.0,2015,844483.0,138.1429821559463,793697,146.98228669126883,2015,90.0,141.0,0.6382978723404256,32.0,47.0,0.6808510638297872,0.13829787234042556,1.0,0.18085106382978722,0.0,0.60825,1,2014-01-01,1.0,0.0,2015,0.0
Massachusetts,2015-01-01,1639502.0,2015,1090664.0,150.32145555368106,972871,168.522034267647,2015,123.0,160.0,0.76875,34.0,40.0,0.85,0.26875000000000004,1.0,0.35,0.0,0.6036666666666667,1,2014-01-01,1.0,0.0,2015,0.0
Michigan,2015-01-01,2275118.0,2015,2195668.0,103.61848876970473,1999842,113.76488742610667,2015,47.0,110.0,0.42727272727272725,11.0,38.0,0.2894736842105263,-0.07272727272727275,0.0,-0.21052631578947367,0.0,0.5045416666666667,1,2014-04-01,1.0,0.0,2015,0.0
Minnesota,2015-01-01,1041975.0,2015,856676.0,121.62999780547139,814317,127.9569258654799,2015,62.0,134.0,0.4626865671641791,39.0,67.0,0.582089552238806,-0.03731343283582089,0.0,0.08208955223880599,1.0,0.4929583333333334,1,2014-01-01,1.0,0.0,2015,0.0
Mississippi,2015-01-01,718683.0,2015,915481.0,78.50332229724046,831252,86.45789724415701,2015,56.0,122.0,0.45901639344262296,20.0,52.0,0.38461538461538464,-0.04098360655737704,0.0,-0.11538461538461536,0.0,0.41975,0,,0.0,0.0,2015,0.0
Missouri,2015-01-01,863651.0,2015,1285226.0,67.19837600546519,1199818,71.98183391147658,2015,44.0,163.0,0.26993865030674846,9.0,34.0,0.2647058823529412,-0.23006134969325154,0.0,-0.23529411764705882,1.0,0.40958333333333335,1,2021-07-01,0.0,0.0,2015,0.0
Montana,2015-01-01,170740.0,2015,216457.0,78.8794079193558,210360,81.16562084046397,2015,41.0,100.0,0.41,21.0,50.0,0.42,-0.09000000000000002,0.0,-0.08000000000000002,1.0,0.38549999999999995,1,2016-01-01,0.0,0.0,2015,0.0
Nevada,2015-01-01,541334.0,2015,639200.0,84.68929912390489,595228,90.94565443829927,2015,17.0,42.0,0.40476190476190477,10.0,21.0,0.47619047619047616,-0.09523809523809523,0.0,-0.023809523809523836,0.0,0.498,1,2014-01-01,1.0,0.0,2015,0.0
New Hampshire,2015-01-01,169747.0,2015,158072.0,107.38587479123439,155659,109.05055281095215,2015,160.0,400.0,0.4,10.0,24.0,0.4166666666666667,-0.09999999999999998,0.0,-0.08333333333333331,1.0,0.49824999999999997,1,2014-08-15,1.0,0.0,2015,0.0
New Jersey,2015-01-01,1667815.0,2015,1422722.0,117.22704787020936,1255020,132.89150770505648,2015,48.0,80.0,0.6,24.0,40.0,0.6,0.09999999999999998,1.0,0.09999999999999998,0.0,0.5642083333333333,1,2014-01-01,1.0,0.0,2015,0.0
New Mexico,2015-01-01,687829.0,2015,593395.0,115.91418869387171,585602,117.4567368280846,2015,33.0,70.0,0.4714285714285714,25.0,42.0,0.5952380952380952,-0.02857142857142858,0.0,0.09523809523809523,0.0,0.504,1,2014-01-01,1.0,0.0,2015,0.0
New York,2015-01-01,6338780.0,2015,4242651.0,149.4061142431937,3765183,168.35250770015693,2015,106.0,150.0,0.7066666666666667,31.0,63.0,0.49206349206349204,0.20666666666666667,1.0,-0.007936507936507964,1.0,0.609625,1,2014-01-01,1.0,0.0,2015,0.0
North Carolina,2015-01-01,1844304.0,2015,2416558.0,76.31945933017126,2153017,85.66137657064482,2015,45.0,120.0,0.375,15.0,50.0,0.3,-0.125,0.0,-0.2,0.0,0.47179166666666666,1,2023-12-01,0.0,0.0,2015,0.0
North Dakota,2015-01-01,86220.0,2015,118208.0,72.9392257715214,122160,70.57956777996071,2015,23.0,94.0,0.24468085106382978,15.0,47.0,0.3191489361702128,-0.25531914893617025,0.0,-0.18085106382978722,0.0,0.3237083333333334,1,2014-01-01,1.0,0.0,2015,0.0
Ohio,2015-01-01,2928588.0,2015,2446261.0,119.71690674053177,2296371,127.5311349951728,2015,34.0,99.0,0.3434343434343434,10.0,33.0,0.30303030303030304,-0.15656565656565657,0.0,-0.19696969696969696,0.0,0.4685416666666667,1,2014-01-01,1.0,0.0,2015,0.0
Oklahoma,2015-01-01,808807.0,2015,927536.0,87.19952648738162,885167,91.37337926063668,2015,29.0,101.0,0.2871287128712871,8.0,48.0,0.16666666666666666,-0.2128712871287129,0.0,-0.33333333333333337,0.0,0.309625,1,2021-07-01,0.0,0.0,2015,0.0
Oregon,2015-01-01,1053113.0,2015,881611.0,119.45325092359329,797451,132.05990085911233,2015,35.0,60.0,0.5833333333333334,18.0,30.0,0.6,0.08333333333333337,1.0,0.09999999999999998,1.0,0.51925,1,2014-01-01,1.0,0.0,2015,0.0
Pennsylvania,2015-01-01,2493851.0,2015,2377328.0,104.90142714846246,2259652,110.36438354224455,2015,83.0,203.0,0.4088669950738916,20.0,50.0,0.4,-0.09113300492610837,0.0,-0.09999999999999998,1.0,0.496625,1,2015-01-01,1.0,0.0,2015,0.0
Rhode Island,2015-01-01,267466.0,2015,202375.0,132.1635577516986,188712,141.73237525965493,2015,63.0,75.0,0.84,32.0,38.0,0.8421052631578947,0.33999999999999997,1.0,0.3421052631578947,1.0,0.5829583333333334,1,2014-01-01,1.0,0.0,2015,0.0
South Carolina,2015-01-01,983275.0,2015,1166007.0,84.32839597017858,1124024,87.47811434631288,2015,46.0,124.0,0.3709677419354839,18.0,46.0,0.391304347826087,-0.12903225806451613,0.0,-0.10869565217391303,0.0,0.4209583333333333,0,,0.0,0.0,2015,0.0
South Dakota,2015-01-01,117687.0,2015,171871.0,68.47402994106045,166237,70.79470875918116,2015,12.0,70.0,0.17142857142857143,8.0,35.0,0.22857142857142856,-0.32857142857142857,0.0,-0.27142857142857146,0.0,0.355125,1,2023-07-01,0.0,0.0,2015,0.0
Tennessee,2015-01-01,1440143.0,2015,1602238.0,89.88321335531924,1514870,95.06710146745266,2015,26.0,99.0,0.26262626262626265,5.0,33.0,0.15151515151515152,-0.23737373737373735,0.0,-0.3484848484848485,0.0,0.36654166666666665,0,,0.0,0.0,2015,0.0
Texas,2015-01-01,4699323.0,2015,6430747.0,73.07584950861852,6299251,74.60129783683807,2015,50.0,150.0,0.3333333333333333,11.0,31.0,0.3548387096774194,-0.16666666666666669,0.0,-0.14516129032258063,0.0,0.425125,0,,0.0,0.0,2015,0.0
Utah,2015-01-01,301688.0,2015,514829.0,58.59965153478145,456764,66.04898809888695,2015,12.0,75.0,0.16,5.0,29.0,0.1724137931034483,-0.33999999999999997,0.0,-0.3275862068965517,0.0,0.2625416666666667,1,2020-01-01,0.0,0.0,2015,0.0
Vermont,2015-01-01,179862.0,2015,103628.0,173.5650596363917,96287,186.797802403232,2015,85.0,150.0,0.5666666666666667,21.0,30.0,0.7,0.06666666666666665,1.0,0.19999999999999996,1.0,0.6100416666666667,1,2014-01-01,1.0,0.0,2015,0.0
Virginia,2015-01-01,959186.0,2015,1360406.0,70.50733384004481,1298806,73.85136810270356,2015,32.0,100.0,0.32,19.0,40.0,0.475,-0.18,0.0,-0.025000000000000022,1.0,0.50325,1,2019-01-01,0.0,0.0,2015,0.0
Washington,2015-01-01,1645727.0,2015,1276757.0,128.8989995747037,1136840,144.7632912283171,2015,51.0,98.0,0.5204081632653061,24.0,49.0,0.4897959183673469,0.020408163265306145,1.0,-0.010204081632653073,1.0,0.5535416666666667,1,2014-01-01,1.0,0.0,2015,0.0
West Virginia,2015-01-01,524569.0,2015,469401.0,111.75285097390078,462592,113.39776736303264,2015,36.0,100.0,0.36,16.0,34.0,0.47058823529411764,-0.14,0.0,-0.02941176470588236,1.0,0.306625,1,2014-01-01,1.0,0.0,2015,0.0
Wisconsin,2015-01-01,1042496.0,2015,1021129.0,102.09248782475085,951649,109.54627178718204,2015,36.0,99.0,0.36363636363636365,14.0,33.0,0.42424242424242425,-0.13636363636363635,0.0,-0.07575757575757575,0.0,0.494875,0,,0.0,0.0,2015,0.0
Wyoming,2015-01-01,68577.0,2015,97303.0,70.47778588532728,93266,73.52840263332833,2015,9.0,60.0,0.15,4.0,30.0,0.13333333333333333,-0.35,0.0,-0.3666666666666667,0.0,0.24758333333333335,0,,0.0,0.0,2015,0.0
Alabama,2015-02-01,835370.0,2015,1249458.25,66.85857650705816,1174119,71.14866551005477,2015,33.0,105.0,0.3142857142857143,8.0,35.0,0.22857142857142856,-0.18571428571428572,0.0,-0.27142857142857146,0.0,0.35950000000000004,0,,0.0,0.0,2015,0.0
Alaska,2015-02-01,125881.0,2015,116480.0,108.07091346153845,114607,109.83709546537297,2015,16.0,40.0,0.4,6.0,20.0,0.3,-0.09999999999999998,0.0,-0.2,0.0,0.3933125,1,2015-09-01,0.0,0.0,2015,0.0
Arizona,2015-02-01,1497026.0,2015,1674561.9166666667,89.39806794244643,1492698,100.28994478454449,2015,24.0,60.0,0.4,13.0,30.0,0.43333333333333335,-0.09999999999999998,0.0,-0.06666666666666665,0.0,0.4488125,1,2014-01-01,1.0,0.0,2015,0.0
Arkansas,2015-02-01,831643.0,2015,814276.5,102.13275220395037,761746,109.17589327676154,2015,36.0,100.0,0.36,11.0,35.0,0.3142857142857143,-0.14,0.0,-0.18571428571428572,0.0,0.349125,1,2014-01-01,1.0,0.0,2015,0.0
California,2015-02-01,12189535.0,2015,8751842.0,139.27965107231142,7534254,161.78821420143254,2015,52.0,80.0,0.65,25.0,40.0,0.625,0.15000000000000002,1.0,0.125,1.0,0.61,1,2014-01-01,1.0,0.0,2015,0.0
Colorado,2015-02-01,1227656.0,2015,923013.9166666666,133.00514519147285,820836,149.56166639864722,2015,34.0,65.0,0.5230769230769231,17.0,35.0,0.4857142857142857,0.023076923076923106,1.0,-0.01428571428571429,1.0,0.495875,1,2014-01-01,1.0,0.0,2015,0.0
Connecticut,2015-02-01,722571.0,2015,533909.5833333334,135.33583635806,530145,136.29686217921514,2015,86.0,151.0,0.5695364238410596,20.0,36.0,0.5555555555555556,0.06953642384105962,1.0,0.05555555555555558,1.0,0.56075,1,2014-01-01,1.0,0.0,2015,0.0
Delaware,2015-02-01,237445.0,2015,167850.58333333334,141.4621238035614,165961,143.07277010864,2015,25.0,41.0,0.6097560975609756,12.0,21.0,0.5714285714285714,0.1097560975609756,1.0,0.0714285714285714,1.0,0.5555,1,2014-01-01,1.0,0.0,2015,0.0
Florida,2015-02-01,3436875.0,2015,4746314.583333333,72.41144554700556,4384883,78.3800844857206,2015,38.0,120.0,0.31666666666666665,14.0,40.0,0.35,-0.18333333333333335,0.0,-0.15000000000000002,0.0,0.487625,0,,0.0,0.0,2015,0.0
Georgia,2015-02-01,1761990.0,2015,2463424.0833333335,71.52605237242781,2209726,79.73794036002654,2015,59.0,180.0,0.3277777777777778,18.0,56.0,0.32142857142857145,-0.17222222222222222,0.0,-0.17857142857142855,0.0,0.45325000000000004,0,,0.0,0.0,2015,0.0
Hawaii,2015-02-01,319394.0,2015,206075.75,154.9886388864289,185180,172.47758937250245,2015,44.0,51.0,0.8627450980392157,24.0,25.0,0.96,0.36274509803921573,1.0,0.45999999999999996,1.0,0.6616875,1,2014-01-01,1.0,0.0,2015,0.0
Idaho,2015-02-01,275757.0,2015,370889.25,74.35022719046184,341618,80.72086365472545,2015,14.0,70.0,0.2,7.0,35.0,0.2,-0.3,0.0,-0.3,0.0,0.2965625,1,2020-01-01,0.0,0.0,2015,0.0
Illinois,2015-02-01,3199540.0,2015,2513875.5,127.2751972004978,2253479,141.98224168053042,2015,71.0,118.0,0.6016949152542372,39.0,59.0,0.6610169491525424,0.10169491525423724,1.0,0.1610169491525424,0.0,0.5640625,1,2014-01-01,1.0,0.0,2015,0.0
Indiana,2015-02-01,1233668.0,2015,1382735.25,89.21939322802395,1293314,95.38812693591811,2015,30.0,100.0,0.3,10.0,50.0,0.2,-0.2,0.0,-0.3,0.0,0.406125,1,2015-02-01,1.0,0.0,2015,1.0
Iowa,2015-02-01,576882.0,2015,565071.5,102.09008948425111,533922,108.04611909604773,2015,43.0,100.0,0.43,26.0,50.0,0.52,-0.07,0.0,0.020000000000000018,0.0,0.463625,1,2014-01-01,1.0,0.0,2015,0.0
Kansas,2015-02-01,405431.0,2015,558795.0,72.55451462522035,526814,76.95904057219435,2015,28.0,125.0,0.224,8.0,40.0,0.2,-0.276,0.0,-0.3,0.0,0.3691875,0,,0.0,0.0,2015,0.0
Kentucky,2015-02-01,1121730.0,2015,1120044.9166666667,100.15044783546254,1057085,106.11540226188055,2015,54.0,100.0,0.54,11.0,38.0,0.2894736842105263,0.040000000000000036,1.0,-0.21052631578947367,1.0,0.3493125,1,2014-01-01,1.0,0.0,2015,0.0
Louisiana,2015-02-01,1061494.0,2015,1257045.1666666667,84.44358469750026,1237143,85.80204551939428,2015,43.0,105.0,0.4095238095238095,13.0,39.0,0.3333333333333333,-0.09047619047619049,0.0,-0.16666666666666669,0.0,0.3940625,1,2016-07-01,0.0,0.0,2015,0.0
Maine,2015-02-01,286625.0,2015,263648.5833333333,108.71478859327584,231999,123.54579114565149,2015,78.0,151.0,0.5165562913907285,15.0,35.0,0.42857142857142855,0.01655629139072845,1.0,-0.07142857142857145,0.0,0.5155,1,2019-01-01,0.0,0.0,2015,0.0
Maryland,2015-02-01,1185960.0,2015,843018.0833333334,140.68025626575627,793697,149.4222606359858,2015,90.0,141.0,0.6382978723404256,32.0,47.0,0.6808510638297872,0.13829787234042556,1.0,0.18085106382978722,0.0,0.6078749999999999,1,2014-01-01,1.0,0.0,2015,0.0
Massachusetts,2015-02-01,1680800.0,2015,1081275.8333333333,155.44599705132288,972871,172.7669958298685,2015,123.0,160.0,0.76875,34.0,40.0,0.85,0.26875000000000004,1.0,0.35,0.0,0.6034999999999999,1,2014-01-01,1.0,0.0,2015,0.0
Michigan,2015-02-01,2321251.0,2015,2188769.9166666665,106.05276426382414,1999842,116.0717196658536,2015,47.0,110.0,0.42727272727272725,11.0,38.0,0.2894736842105263,-0.07272727272727275,0.0,-0.21052631578947367,0.0,0.5030625,1,2014-04-01,1.0,0.0,2015,0.0
Minnesota,2015-02-01,1049142.0,2015,855380.0,122.65215459795647,814317,128.83704994492317,2015,62.0,134.0,0.4626865671641791,39.0,67.0,0.582089552238806,-0.03731343283582089,0.0,0.08208955223880599,1.0,0.49168750000000006,1,2014-01-01,1.0,0.0,2015,0.0
Mississippi,2015-02-01,720330.0,2015,910473.9166666666,79.11594026078177,831252,86.65603210578742,2015,56.0,122.0,0.45901639344262296,20.0,52.0,0.38461538461538464,-0.04098360655737704,0.0,-0.11538461538461536,0.0,0.419125,0,,0.0,0.0,2015,0.0
Missouri,2015-02-01,875879.0,2015,1282294.8333333333,68.3055859878299,1199818,73.0009884832533,2015,44.0,163.0,0.26993865030674846,9.0,34.0,0.2647058823529412,-0.23006134969325154,0.0,-0.23529411764705882,1.0,0.408375,1,2021-07-01,0.0,0.0,2015,0.0
Montana,2015-02-01,172936.0,2015,216635.0,79.82828259514852,210360,82.20954554097737,2015,41.0,100.0,0.41,21.0,50.0,0.42,-0.09000000000000002,0.0,-0.08000000000000002,1.0,0.38425,1,2016-01-01,0.0,0.0,2015,0.0
Nevada,2015-02-01,556008.0,2015,637890.4166666666,87.16356061679875,595228,93.4109282493431,2015,17.0,42.0,0.40476190476190477,10.0,21.0,0.47619047619047616,-0.09523809523809523,0.0,-0.023809523809523836,0.0,0.497,1,2014-01-01,1.0,0.0,2015,0.0
New Hampshire,2015-02-01,173286.0,2015,157384.16666666666,110.10383297769259,155659,111.32411232244843,2015,160.0,400.0,0.4,10.0,24.0,0.4166666666666667,-0.09999999999999998,0.0,-0.08333333333333331,1.0,0.497375,1,2014-08-15,1.0,0.0,2015,0.0
New Jersey,2015-02-01,1692754.0,2015,1418422.6666666667,119.34059147390951,1255020,134.87864735223343,2015,48.0,80.0,0.6,24.0,40.0,0.6,0.09999999999999998,1.0,0.09999999999999998,0.0,0.5635625,1,2014-01-01,1.0,0.0,2015,0.0
New Mexico,2015-02-01,691895.0,2015,593392.6666666666,116.59985686824577,585602,118.15106505783793,2015,33.0,70.0,0.4714285714285714,25.0,42.0,0.5952380952380952,-0.02857142857142858,0.0,0.09523809523809523,0.0,0.503,1,2014-01-01,1.0,0.0,2015,0.0
New York,2015-02-01,6400003.0,2015,4226042.583333333,151.44199032069227,3765183,169.97853756377845,2015,106.0,150.0,0.7066666666666667,31.0,63.0,0.49206349206349204,0.20666666666666667,1.0,-0.007936507936507964,1.0,0.6086874999999999,1,2014-01-01,1.0,0.0,2015,0.0
North Carolina,2015-02-01,1847000.0,2015,2407180.6666666665,76.72876513077125,2153017,85.78659620430308,2015,45.0,120.0,0.375,15.0,50.0,0.3,-0.125,0.0,-0.2,0.0,0.4714375,1,2023-12-01,0.0,0.0,2015,0.0
North Dakota,2015-02-01,87956.0,2015,118239.08333333333,74.38826276421572,122160,72.00065487884741,2015,23.0,94.0,0.24468085106382978,15.0,47.0,0.3191489361702128,-0.25531914893617025,0.0,-0.18085106382978722,0.0,0.3213125,1,2014-01-01,1.0,0.0,2015,0.0
Ohio,2015-02-01,2953995.0,2015,2441211.9166666665,121.00526709018811,2296371,128.6375328725193,2015,34.0,99.0,0.3434343434343434,10.0,33.0,0.30303030303030304,-0.15656565656565657,0.0,-0.19696969696969696,0.0,0.4670625,1,2014-01-01,1.0,0.0,2015,0.0
Oklahoma,2015-02-01,811378.0,2015,929025.0833333334,87.33650087129868,885167,91.66383292644213,2015,29.0,101.0,0.2871287128712871,8.0,48.0,0.16666666666666666,-0.2128712871287129,0.0,-0.33333333333333337,0.0,0.3086875,1,2021-07-01,0.0,0.0,2015,0.0
Oregon,2015-02-01,1083050.0,2015,876758.25,123.52892031526363,797451,135.81398731708907,2015,35.0,60.0,0.5833333333333334,18.0,30.0,0.6,0.08333333333333337,1.0,0.09999999999999998,1.0,0.518375,1,2014-01-01,1.0,0.0,2015,0.0
Pennsylvania,2015-02-01,2474050.0,2015,2374360.75,104.19857218411312,2259652,109.48809816732843,2015,83.0,203.0,0.4088669950738916,20.0,50.0,0.4,-0.09113300492610837,0.0,-0.09999999999999998,1.0,0.4956875,1,2015-01-01,1.0,0.0,2015,0.0
Rhode Island,2015-02-01,272257.0,2015,201250.75,135.28247720815946,188712,144.27116452583832,2015,63.0,75.0,0.84,32.0,38.0,0.8421052631578947,0.33999999999999997,1.0,0.3421052631578947,1.0,0.5811875,1,2014-01-01,1.0,0.0,2015,0.0
South Carolina,2015-02-01,979282.0,2015,1160679.75,84.37142114351526,1124024,87.1228728212209,2015,46.0,124.0,0.3709677419354839,18.0,46.0,0.391304347826087,-0.12903225806451613,0.0,-0.10869565217391303,0.0,0.4201875,0,,0.0,0.0,2015,0.0
South Dakota,2015-02-01,118470.0,2015,171296.25,69.16088355699556,166237,71.26572303398162,2015,12.0,70.0,0.17142857142857143,8.0,35.0,0.22857142857142856,-0.32857142857142857,0.0,-0.27142857142857146,0.0,0.3534375,1,2023-07-01,0.0,0.0,2015,0.0
Tennessee,2015-02-01,1453646.0,2015,1595715.0833333333,91.09683897725894,1514870,95.95846508281238,2015,26.0,99.0,0.26262626262626265,5.0,33.0,0.15151515151515152,-0.23737373737373735,0.0,-0.3484848484848485,0.0,0.3655625,0,,0.0,0.0,2015,0.0
Texas,2015-02-01,4706456.0,2015,6427737.5,73.22103617330359,6299251,74.71453352152501,2015,50.0,150.0,0.3333333333333333,11.0,31.0,0.3548387096774194,-0.16666666666666669,0.0,-0.14516129032258063,0.0,0.42543749999999997,0,,0.0,0.0,2015,0.0
Utah,2015-02-01,305121.0,2015,514048.0,59.35651923555777,456764,66.80057973045162,2015,12.0,75.0,0.16,5.0,29.0,0.1724137931034483,-0.33999999999999997,0.0,-0.3275862068965517,0.0,0.26306250000000003,1,2020-01-01,0.0,0.0,2015,0.0
Vermont,2015-02-01,182109.0,2015,103963.91666666667,175.16558228936802,96287,189.13145076697788,2015,85.0,150.0,0.5666666666666667,21.0,30.0,0.7,0.06666666666666665,1.0,0.19999999999999996,1.0,0.6078125000000001,1,2014-01-01,1.0,0.0,2015,0.0
Virginia,2015-02-01,968708.0,2015,1358682.3333333333,71.29760770668248,1298806,74.58450299736835,2015,32.0,100.0,0.32,19.0,40.0,0.475,-0.18,0.0,-0.025000000000000022,1.0,0.502875,1,2019-01-01,0.0,0.0,2015,0.0
Washington,2015-02-01,1689353.0,2015,1271805.8333333333,132.83104666789416,1136840,148.6007705569825,2015,51.0,98.0,0.5204081632653061,24.0,49.0,0.4897959183673469,0.020408163265306145,1.0,-0.010204081632653073,1.0,0.5530625,1,2014-01-01,1.0,0.0,2015,0.0
West Virginia,2015-02-01,526778.0,2015,469604.0833333333,112.17491897873546,462592,113.87529399557278,2015,36.0,100.0,0.36,16.0,34.0,0.47058823529411764,-0.14,0.0,-0.02941176470588236,1.0,0.3046875,1,2014-01-01,1.0,0.0,2015,0.0
Wisconsin,2015-02-01,1053400.0,2015,1019184.5,103.3571448545381,951649,110.69207239223707,2015,36.0,99.0,0.36363636363636365,14.0,33.0,0.42424242424242425,-0.13636363636363635,0.0,-0.07575757575757575,0.0,0.4935625,0,,0.0,0.0,2015,0.0
Wyoming,2015-02-01,68285.0,2015,97437.08333333333,70.08112072320174,93266,73.21531962344264,2015,9.0,60.0,0.15,4.0,30.0,0.13333333333333333,-0.35,0.0,-0.3666666666666667,0.0,0.246375,0,,0.0,0.0,2015,0.0
Alabama,2015-03-01,863391.0,2015,1243952.5,69.40707141148879,1174119,73.53522087624849,2015,33.0,105.0,0.3142857142857143,8.0,35.0,0.22857142857142856,-0.18571428571428572,0.0,-0.27142857142857146,0.0,0.3586666666666667,0,,0.0,0.0,2015,0.0
Alaska,2015-03-01,126603.0,2015,115843.0,109.28843348324888,114607,110.46707443698902,2015,16.0,40.0,0.4,6.0,20.0,0.3,-0.09999999999999998,0.0,-0.2,0.0,0.39258333333333334,1,2015-09-01,0.0,0.0,2015,0.0
Arizona,2015-03-01,1516700.0,2015,1669982.8333333333,90.82129287356946,1492698,101.60796088693091,2015,24.0,60.0,0.4,13.0,30.0,0.43333333333333335,-0.09999999999999998,0.0,-0.06666666666666665,0.0,0.4489166666666667,1,2014-01-01,1.0,0.0,2015,0.0
Arkansas,2015-03-01,831098.0,2015,810278.0,102.56948849654069,761746,109.1043471183308,2015,36.0,100.0,0.36,11.0,35.0,0.3142857142857143,-0.14,0.0,-0.18571428571428572,0.0,0.34850000000000003,1,2014-01-01,1.0,0.0,2015,0.0
California,2015-03-01,12248555.0,2015,8712897.0,140.5795913804559,7534254,162.57156979310759,2015,52.0,80.0,0.65,25.0,40.0,0.625,0.15000000000000002,1.0,0.125,1.0,0.6103333333333333,1,2014-01-01,1.0,0.0,2015,0.0
Colorado,2015-03-01,1241692.0,2015,923000.8333333334,134.52772252823894,820836,151.27163038658148,2015,34.0,65.0,0.5230769230769231,17.0,35.0,0.4857142857142857,0.023076923076923106,1.0,-0.01428571428571429,1.0,0.49516666666666664,1,2014-01-01,1.0,0.0,2015,0.0
Connecticut,2015-03-01,726253.0,2015,531289.1666666666,136.69636905200716,530145,136.9913891482519,2015,86.0,151.0,0.5695364238410596,20.0,36.0,0.5555555555555556,0.06953642384105962,1.0,0.05555555555555558,1.0,0.56,1,2014-01-01,1.0,0.0,2015,0.0
Delaware,2015-03-01,238621.0,2015,166695.16666666666,143.14812167119425,165961,143.78137032194311,2015,25.0,41.0,0.6097560975609756,12.0,21.0,0.5714285714285714,0.1097560975609756,1.0,0.0714285714285714,1.0,0.5543333333333333,1,2014-01-01,1.0,0.0,2015,0.0
Florida,2015-03-01,3482379.0,2015,4735118.166666667,73.5436556687128,4384883,79.41783167304578,2015,38.0,120.0,0.31666666666666665,14.0,40.0,0.35,-0.18333333333333335,0.0,-0.15000000000000002,0.0,0.48716666666666664,0,,0.0,0.0,2015,0.0
Georgia,2015-03-01,1769145.0,2015,2453110.1666666665,72.11844881813639,2209726,80.06173616095388,2015,59.0,180.0,0.3277777777777778,18.0,56.0,0.32142857142857145,-0.17222222222222222,0.0,-0.17857142857142855,0.0,0.45333333333333337,0,,0.0,0.0,2015,0.0
Hawaii,2015-03-01,320744.0,2015,205188.5,156.31675264451954,185180,173.206609785074,2015,44.0,51.0,0.8627450980392157,24.0,25.0,0.96,0.36274509803921573,1.0,0.45999999999999996,1.0,0.65975,1,2014-01-01,1.0,0.0,2015,0.0
Idaho,2015-03-01,277968.0,2015,370354.5,75.0545760885854,341618,81.3680777944956,2015,14.0,70.0,0.2,7.0,35.0,0.2,-0.3,0.0,-0.3,0.0,0.29558333333333336,1,2020-01-01,0.0,0.0,2015,0.0
Illinois,2015-03-01,3198477.0,2015,2503905.0,127.73955082161663,2253479,141.93507017371806,2015,71.0,118.0,0.6016949152542372,39.0,59.0,0.6610169491525424,0.10169491525423724,1.0,0.1610169491525424,0.0,0.5635833333333333,1,2014-01-01,1.0,0.0,2015,0.0
Indiana,2015-03-01,1264642.0,2015,1379610.5,91.66659720261624,1293314,97.78305964367509,2015,30.0,100.0,0.3,10.0,50.0,0.2,-0.2,0.0,-0.3,0.0,0.4048333333333333,1,2015-02-01,1.0,0.0,2015,1.0
Iowa,2015-03-01,586626.0,2015,562627.0,104.26552582794639,533922,109.87110476811219,2015,43.0,100.0,0.43,26.0,50.0,0.52,-0.07,0.0,0.020000000000000018,0.0,0.4615,1,2014-01-01,1.0,0.0,2015,0.0
Kansas,2015-03-01,406312.0,2015,557238.0,72.91534317472966,526814,77.12627227066858,2015,28.0,125.0,0.224,8.0,40.0,0.2,-0.276,0.0,-0.3,0.0,0.36875,0,,0.0,0.0,2015,0.0
Kentucky,2015-03-01,1140261.0,2015,1120310.8333333333,101.78077066409396,1057085,107.86843063708216,2015,54.0,100.0,0.54,11.0,38.0,0.2894736842105263,0.040000000000000036,1.0,-0.21052631578947367,1.0,0.34825,1,2014-01-01,1.0,0.0,2015,0.0
Louisiana,2015-03-01,1071413.0,2015,1259038.3333333333,85.09772670411148,1237143,86.60381217046049,2015,43.0,105.0,0.4095238095238095,13.0,39.0,0.3333333333333333,-0.09047619047619049,0.0,-0.16666666666666669,0.0,0.39358333333333334,1,2016-07-01,0.0,0.0,2015,0.0
Maine,2015-03-01,284206.0,2015,262069.16666666666,108.44694307800422,231999,122.50311423756138,2015,78.0,151.0,0.5165562913907285,15.0,35.0,0.42857142857142855,0.01655629139072845,1.0,-0.07142857142857145,0.0,0.5136666666666666,1,2019-01-01,0.0,0.0,2015,0.0
Maryland,2015-03-01,1194697.0,2015,841553.1666666666,141.96334198730563,793697,150.52305854753138,2015,90.0,141.0,0.6382978723404256,32.0,47.0,0.6808510638297872,0.13829787234042556,1.0,0.18085106382978722,0.0,0.6074999999999999,1,2014-01-01,1.0,0.0,2015,0.0
Massachusetts,2015-03-01,1710122.0,2015,1071887.6666666667,159.5430242534743,972871,175.78096171023702,2015,123.0,160.0,0.76875,34.0,40.0,0.85,0.26875000000000004,1.0,0.35,0.0,0.6033333333333333,1,2014-01-01,1.0,0.0,2015,0.0
Michigan,2015-03-01,2342079.0,2015,2181871.8333333335,107.34264791447036,1999842,117.1132019429535,2015,47.0,110.0,0.42727272727272725,11.0,38.0,0.2894736842105263,-0.07272727272727275,0.0,-0.21052631578947367,0.0,0.5015833333333334,1,2014-04-01,1.0,0.0,2015,0.0
Minnesota,2015-03-01,1053357.0,2015,854084.0,123.33178001227046,814317,129.35466163668448,2015,62.0,134.0,0.4626865671641791,39.0,67.0,0.582089552238806,-0.03731343283582089,0.0,0.08208955223880599,1.0,0.4904166666666667,1,2014-01-01,1.0,0.0,2015,0.0
Mississippi,2015-03-01,719290.0,2015,905466.8333333334,79.43858057749584,831252,86.53091962485504,2015,56.0,122.0,0.45901639344262296,20.0,52.0,0.38461538461538464,-0.04098360655737704,0.0,-0.11538461538461536,0.0,0.41850000000000004,0,,0.0,0.0,2015,0.0
Missouri,2015-03-01,893452.0,2015,1279363.6666666667,69.8356552775846,1199818,74.46562728680517,2015,44.0,163.0,0.26993865030674846,9.0,34.0,0.2647058823529412,-0.23006134969325154,0.0,-0.23529411764705882,1.0,0.4071666666666667,1,2021-07-01,0.0,0.0,2015,0.0
Montana,2015-03-01,174145.0,2015,216813.0,80.32036824360162,210360,82.78427457691576,2015,41.0,100.0,0.41,21.0,50.0,0.42,-0.09000000000000002,0.0,-0.08000000000000002,1.0,0.383,1,2016-01-01,0.0,0.0,2015,0.0
Nevada,2015-03-01,550816.0,2015,636580.8333333334,86.52726741956049,595228,92.53865745563044,2015,17.0,42.0,0.40476190476190477,10.0,21.0,0.47619047619047616,-0.09523809523809523,0.0,-0.023809523809523836,0.0,0.496,1,2014-01-01,1.0,0.0,2015,0.0
New Hampshire,2015-03-01,174908.0,2015,156696.33333333334,111.62226727279301,155659,112.36613366397061,2015,160.0,400.0,0.4,10.0,24.0,0.4166666666666667,-0.09999999999999998,0.0,-0.08333333333333331,1.0,0.4965,1,2014-08-15,1.0,0.0,2015,0.0
New Jersey,2015-03-01,1699114.0,2015,1414123.3333333333,120.15316910123353,1255020,135.38541218466636,2015,48.0,80.0,0.6,24.0,40.0,0.6,0.09999999999999998,1.0,0.09999999999999998,0.0,0.5629166666666667,1,2014-01-01,1.0,0.0,2015,0.0
New Mexico,2015-03-01,697425.0,2015,593390.3333333334,117.5322483064829,585602,119.095392433769,2015,33.0,70.0,0.4714285714285714,25.0,42.0,0.5952380952380952,-0.02857142857142858,0.0,0.09523809523809523,0.0,0.502,1,2014-01-01,1.0,0.0,2015,0.0
New York,2015-03-01,6414843.0,2015,4209434.166666667,152.3920495252628,3765183,170.37267511300246,2015,106.0,150.0,0.7066666666666667,31.0,63.0,0.49206349206349204,0.20666666666666667,1.0,-0.007936507936507964,1.0,0.60775,1,2014-01-01,1.0,0.0,2015,0.0
North Carolina,2015-03-01,1847722.0,2015,2397803.3333333335,77.05894700844244,2153017,85.82013054239702,2015,45.0,120.0,0.375,15.0,50.0,0.3,-0.125,0.0,-0.2,0.0,0.47108333333333335,1,2023-12-01,0.0,0.0,2015,0.0
North Dakota,2015-03-01,89143.0,2015,118270.16666666667,75.37234664701298,122160,72.97233136869679,2015,23.0,94.0,0.24468085106382978,15.0,47.0,0.3191489361702128,-0.25531914893617025,0.0,-0.18085106382978722,0.0,0.3189166666666667,1,2014-01-01,1.0,0.0,2015,0.0
Ohio,2015-03-01,2951420.0,2015,2436162.8333333335,121.15035824438938,2296371,128.5253994236994,2015,34.0,99.0,0.3434343434343434,10.0,33.0,0.30303030303030304,-0.15656565656565657,0.0,-0.19696969696969696,0.0,0.46558333333333335,1,2014-01-01,1.0,0.0,2015,0.0
Oklahoma,2015-03-01,808307.0,2015,930514.1666666666,86.86670541465874,885167,91.31689274453295,2015,29.0,101.0,0.2871287128712871,8.0,48.0,0.16666666666666666,-0.2128712871287129,0.0,-0.33333333333333337,0.0,0.30774999999999997,1,2021-07-01,0.0,0.0,2015,0.0
Oregon,2015-03-01,1100014.0,2015,871905.5,126.16206687536666,797451,137.94126535674292,2015,35.0,60.0,0.5833333333333334,18.0,30.0,0.6,0.08333333333333337,1.0,0.09999999999999998,1.0,0.5175000000000001,1,2014-01-01,1.0,0.0,2015,0.0
Pennsylvania,2015-03-01,2539514.0,2015,2371393.5,107.0895235227726,2259652,112.38518143501743,2015,83.0,203.0,0.4088669950738916,20.0,50.0,0.4,-0.09113300492610837,0.0,-0.09999999999999998,1.0,0.49475,1,2015-01-01,1.0,0.0,2015,0.0
Rhode Island,2015-03-01,272711.0,2015,200126.5,136.26930966163903,188712,144.51174276145662,2015,63.0,75.0,0.84,32.0,38.0,0.8421052631578947,0.33999999999999997,1.0,0.3421052631578947,1.0,0.5794166666666667,1,2014-01-01,1.0,0.0,2015,0.0
South Carolina,2015-03-01,983208.0,2015,1155352.5,85.10026160847013,1124024,87.47215361949567,2015,46.0,124.0,0.3709677419354839,18.0,46.0,0.391304347826087,-0.12903225806451613,0.0,-0.10869565217391303,0.0,0.41941666666666666,0,,0.0,0.0,2015,0.0
South Dakota,2015-03-01,118794.0,2015,170721.5,69.58350295656962,166237,71.46062549251971,2015,12.0,70.0,0.17142857142857143,8.0,35.0,0.22857142857142856,-0.32857142857142857,0.0,-0.27142857142857146,0.0,0.35175,1,2023-07-01,0.0,0.0,2015,0.0
Tennessee,2015-03-01,1465364.0,2015,1589192.1666666667,92.20810615204601,1514870,96.73199680500637,2015,26.0,99.0,0.26262626262626265,5.0,33.0,0.15151515151515152,-0.23737373737373735,0.0,-0.3484848484848485,0.0,0.3645833333333333,0,,0.0,0.0,2015,0.0
Texas,2015-03-01,4700214.0,2015,6424728.0,73.15817883652039,6299251,74.61544237560942,2015,50.0,150.0,0.3333333333333333,11.0,31.0,0.3548387096774194,-0.16666666666666669,0.0,-0.14516129032258063,0.0,0.42574999999999996,0,,0.0,0.0,2015,0.0
Utah,2015-03-01,307777.0,2015,513267.0,59.96430707604424,456764,67.38206163357883,2015,12.0,75.0,0.16,5.0,29.0,0.1724137931034483,-0.33999999999999997,0.0,-0.3275862068965517,0.0,0.26358333333333334,1,2020-01-01,0.0,0.0,2015,0.0
Vermont,2015-03-01,184843.0,2015,104299.83333333333,177.22271847669938,96287,191.97087872713865,2015,85.0,150.0,0.5666666666666667,21.0,30.0,0.7,0.06666666666666665,1.0,0.19999999999999996,1.0,0.6055833333333334,1,2014-01-01,1.0,0.0,2015,0.0
Virginia,2015-03-01,967813.0,2015,1356958.6666666667,71.32221664329741,1298806,74.51559355284778,2015,32.0,100.0,0.32,19.0,40.0,0.475,-0.18,0.0,-0.025000000000000022,1.0,0.5025,1,2019-01-01,0.0,0.0,2015,0.0
Washington,2015-03-01,1693603.0,2015,1266854.6666666667,133.68565823388317,1136840,148.9746138418775,2015,51.0,98.0,0.5204081632653061,24.0,49.0,0.4897959183673469,0.020408163265306145,1.0,-0.010204081632653073,1.0,0.5525833333333333,1,2014-01-01,1.0,0.0,2015,0.0
West Virginia,2015-03-01,527957.0,2015,469807.1666666667,112.3773832029666,462592,114.13016221638075,2015,36.0,100.0,0.36,16.0,34.0,0.47058823529411764,-0.14,0.0,-0.02941176470588236,1.0,0.30275,1,2014-01-01,1.0,0.0,2015,0.0
Wisconsin,2015-03-01,1063425.0,2015,1017240.0,104.54022649522237,951649,111.74550700941208,2015,36.0,99.0,0.36363636363636365,14.0,33.0,0.42424242424242425,-0.13636363636363635,0.0,-0.07575757575757575,0.0,0.49225,0,,0.0,0.0,2015,0.0
Wyoming,2015-03-01,69915.0,2015,97571.16666666667,71.65538999738652,93266,74.96300902794158,2015,9.0,60.0,0.15,4.0,30.0,0.13333333333333333,-0.35,0.0,-0.3666666666666667,0.0,0.24516666666666667,0,,0.0,0.0,2015,0.0
Alabama,2015-04-01,866766.0,2015,1238446.75,69.98815249828061,1174119,73.82267044481863,2015,33.0,105.0,0.3142857142857143,8.0,35.0,0.22857142857142856,-0.18571428571428572,0.0,-0.27142857142857146,0.0,0.35783333333333334,0,,0.0,0.0,2015,0.0
Alaska,2015-04-01,126496.0,2015,115206.0,109.79983681405483,114607,110.37371190241434,2015,16.0,40.0,0.4,6.0,20.0,0.3,-0.09999999999999998,0.0,-0.2,0.0,0.39185416666666667,1,2015-09-01,0.0,0.0,2015,0.0
Arizona,2015-04-01,1533005.0,2015,1665403.75,92.05005092608924,1492698,102.70027828803951,2015,24.0,60.0,0.4,13.0,30.0,0.43333333333333335,-0.09999999999999998,0.0,-0.06666666666666665,0.0,0.44902083333333337,1,2014-01-01,1.0,0.0,2015,0.0
Arkansas,2015-04-01,841445.0,2015,806279.5,104.3614528212611,761746,110.46267390967593,2015,36.0,100.0,0.36,11.0,35.0,0.3142857142857143,-0.14,0.0,-0.18571428571428572,0.0,0.347875,1,2014-01-01,1.0,0.0,2015,0.0
California,2015-04-01,12358742.0,2015,8673952.0,142.48109742825417,7534254,164.03405035189945,2015,52.0,80.0,0.65,25.0,40.0,0.625,0.15000000000000002,1.0,0.125,1.0,0.6106666666666667,1,2014-01-01,1.0,0.0,2015,0.0
Colorado,2015-04-01,1252298.0,2015,922987.75,135.67872379671343,820836,152.56372771174753,2015,34.0,65.0,0.5230769230769231,17.0,35.0,0.4857142857142857,0.023076923076923106,1.0,-0.01428571428571429,1.0,0.49445833333333333,1,2014-01-01,1.0,0.0,2015,0.0
Connecticut,2015-04-01,730612.0,2015,528668.75,138.19844656980388,530145,137.81361702930332,2015,86.0,151.0,0.5695364238410596,20.0,36.0,0.5555555555555556,0.06953642384105962,1.0,0.05555555555555558,1.0,0.55925,1,2014-01-01,1.0,0.0,2015,0.0
Delaware,2015-04-01,238939.0,2015,165539.75,144.33935051853103,165961,143.9729816041118,2015,25.0,41.0,0.6097560975609756,12.0,21.0,0.5714285714285714,0.1097560975609756,1.0,0.0714285714285714,1.0,0.5531666666666667,1,2014-01-01,1.0,0.0,2015,0.0
Florida,2015-04-01,3486469.0,2015,4723921.75,73.8045459791962,4384883,79.51110668175183,2015,38.0,120.0,0.31666666666666665,14.0,40.0,0.35,-0.18333333333333335,0.0,-0.15000000000000002,0.0,0.4867083333333333,0,,0.0,0.0,2015,0.0
Georgia,2015-04-01,1777657.0,2015,2442796.25,72.77139876074396,2209726,80.44694229058264,2015,59.0,180.0,0.3277777777777778,18.0,56.0,0.32142857142857145,-0.17222222222222222,0.0,-0.17857142857142855,0.0,0.4534166666666667,0,,0.0,0.0,2015,0.0
Hawaii,2015-04-01,325829.0,2015,204301.25,159.4845846513421,185180,175.95258667242683,2015,44.0,51.0,0.8627450980392157,24.0,25.0,0.96,0.36274509803921573,1.0,0.45999999999999996,1.0,0.6578125,1,2014-01-01,1.0,0.0,2015,0.0
Idaho,2015-04-01,278919.0,2015,369819.75,75.420255408209,341618,81.64645891024477,2015,14.0,70.0,0.2,7.0,35.0,0.2,-0.3,0.0,-0.3,0.0,0.29460416666666667,1,2020-01-01,0.0,0.0,2015,0.0
Illinois,2015-04-01,3199502.0,2015,2493934.5,128.29134045020027,2253479,141.9805553990075,2015,71.0,118.0,0.6016949152542372,39.0,59.0,0.6610169491525424,0.10169491525423724,1.0,0.1610169491525424,0.0,0.5631041666666666,1,2014-01-01,1.0,0.0,2015,0.0
Indiana,2015-04-01,1298274.0,2015,1376485.75,94.31801237317568,1293314,100.38351088753387,2015,30.0,100.0,0.3,10.0,50.0,0.2,-0.2,0.0,-0.3,0.0,0.4035416666666667,1,2015-02-01,1.0,0.0,2015,1.0
Iowa,2015-04-01,593387.0,2015,560182.5,105.92744328857113,533922,111.13739460070946,2015,43.0,100.0,0.43,26.0,50.0,0.52,-0.07,0.0,0.020000000000000018,0.0,0.459375,1,2014-01-01,1.0,0.0,2015,0.0
Kansas,2015-04-01,429376.0,2015,555681.0,77.27023238152825,526814,81.50428804094044,2015,28.0,125.0,0.224,8.0,40.0,0.2,-0.276,0.0,-0.3,0.0,0.3683125,0,,0.0,0.0,2015,0.0
Kentucky,2015-04-01,1154907.0,2015,1120576.75,103.06362326364527,1057085,109.25393889800725,2015,54.0,100.0,0.54,11.0,38.0,0.2894736842105263,0.040000000000000036,1.0,-0.21052631578947367,1.0,0.3471875,1,2014-01-01,1.0,0.0,2015,0.0
Louisiana,2015-04-01,1067150.0,2015,1261031.5,84.62516598514787,1237143,86.25922791463881,2015,43.0,105.0,0.4095238095238095,13.0,39.0,0.3333333333333333,-0.09047619047619049,0.0,-0.16666666666666669,0.0,0.39310416666666664,1,2016-07-01,0.0,0.0,2015,0.0
Maine,2015-04-01,283760.0,2015,260489.75,108.93326896739698,231999,122.31087202962081,2015,78.0,151.0,0.5165562913907285,15.0,35.0,0.42857142857142855,0.01655629139072845,1.0,-0.07142857142857145,0.0,0.5118333333333333,1,2019-01-01,0.0,0.0,2015,0.0
Maryland,2015-04-01,1132404.0,2015,840088.25,134.7958384134048,793697,142.67459748493442,2015,90.0,141.0,0.6382978723404256,32.0,47.0,0.6808510638297872,0.13829787234042556,1.0,0.18085106382978722,0.0,0.607125,1,2014-01-01,1.0,0.0,2015,0.0
Massachusetts,2015-04-01,1584958.0,2015,1062499.5,149.1725878459237,972871,162.91553556432456,2015,123.0,160.0,0.76875,34.0,40.0,0.85,0.26875000000000004,1.0,0.35,0.0,0.6031666666666666,1,2014-01-01,1.0,0.0,2015,0.0
Michigan,2015-04-01,2337689.0,2015,2174973.75,107.48125121050312,1999842,116.89368460108349,2015,47.0,110.0,0.42727272727272725,11.0,38.0,0.2894736842105263,-0.07272727272727275,0.0,-0.21052631578947367,0.0,0.5001041666666667,1,2014-04-01,1.0,0.0,2015,0.0
Minnesota,2015-04-01,1042882.0,2015,852788.0,122.2908858942668,814317,128.0683075509906,2015,62.0,134.0,0.4626865671641791,39.0,67.0,0.582089552238806,-0.03731343283582089,0.0,0.08208955223880599,1.0,0.48914583333333334,1,2014-01-01,1.0,0.0,2015,0.0
Mississippi,2015-04-01,718376.0,2015,900459.75,79.77880188425968,831252,86.42096500218946,2015,56.0,122.0,0.45901639344262296,20.0,52.0,0.38461538461538464,-0.04098360655737704,0.0,-0.11538461538461536,0.0,0.417875,0,,0.0,0.0,2015,0.0
Missouri,2015-04-01,908242.0,2015,1276432.5,71.15472224344022,1199818,75.69831424432707,2015,44.0,163.0,0.26993865030674846,9.0,34.0,0.2647058823529412,-0.23006134969325154,0.0,-0.23529411764705882,1.0,0.4059583333333333,1,2021-07-01,0.0,0.0,2015,0.0
Montana,2015-04-01,175583.0,2015,216991.0,80.91718089690356,210360,83.46786461304431,2015,41.0,100.0,0.41,21.0,50.0,0.42,-0.09000000000000002,0.0,-0.08000000000000002,1.0,0.38175,1,2016-01-01,0.0,0.0,2015,0.0
Nevada,2015-04-01,554010.0,2015,635271.25,87.20841687704268,595228,93.07525855638512,2015,17.0,42.0,0.40476190476190477,10.0,21.0,0.47619047619047616,-0.09523809523809523,0.0,-0.023809523809523836,0.0,0.495,1,2014-01-01,1.0,0.0,2015,0.0
New Hampshire,2015-04-01,176706.0,2015,156008.5,113.2669053288763,155659,113.52122267263698,2015,160.0,400.0,0.4,10.0,24.0,0.4166666666666667,-0.09999999999999998,0.0,-0.08333333333333331,1.0,0.495625,1,2014-08-15,1.0,0.0,2015,0.0
New Jersey,2015-04-01,1778578.0,2015,1409824.0,126.15603082370566,1255020,141.71710410989468,2015,48.0,80.0,0.6,24.0,40.0,0.6,0.09999999999999998,1.0,0.09999999999999998,0.0,0.5622708333333334,1,2014-01-01,1.0,0.0,2015,0.0
New Mexico,2015-04-01,700777.0,2015,593388.0,118.0976022433888,585602,119.66779485042743,2015,33.0,70.0,0.4714285714285714,25.0,42.0,0.5952380952380952,-0.02857142857142858,0.0,0.09523809523809523,0.0,0.501,1,2014-01-01,1.0,0.0,2015,0.0
New York,2015-04-01,6447183.0,2015,4192825.75,153.76701500175628,3765183,171.23159750800957,2015,106.0,150.0,0.7066666666666667,31.0,63.0,0.49206349206349204,0.20666666666666667,1.0,-0.007936507936507964,1.0,0.6068125,1,2014-01-01,1.0,0.0,2015,0.0
North Carolina,2015-04-01,1844841.0,2015,2388426.0,77.24086909119228,2153017,85.68631831518283,2015,45.0,120.0,0.375,15.0,50.0,0.3,-0.125,0.0,-0.2,0.0,0.4707291666666667,1,2023-12-01,0.0,0.0,2015,0.0
North Dakota,2015-04-01,89723.0,2015,118301.25,75.84281653828678,122160,73.44711853307139,2015,23.0,94.0,0.24468085106382978,15.0,47.0,0.3191489361702128,-0.25531914893617025,0.0,-0.18085106382978722,0.0,0.31652083333333336,1,2014-01-01,1.0,0.0,2015,0.0
Ohio,2015-04-01,2884271.0,2015,2431113.75,118.63990321308495,2296371,125.60126390726933,2015,34.0,99.0,0.3434343434343434,10.0,33.0,0.30303030303030304,-0.15656565656565657,0.0,-0.19696969696969696,0.0,0.46410416666666665,1,2014-01-01,1.0,0.0,2015,0.0
Oklahoma,2015-04-01,816631.0,2015,932003.25,87.6210463858361,885167,92.25728026462802,2015,29.0,101.0,0.2871287128712871,8.0,48.0,0.16666666666666666,-0.2128712871287129,0.0,-0.33333333333333337,0.0,0.3068125,1,2021-07-01,0.0,0.0,2015,0.0
Oregon,2015-04-01,1103857.0,2015,867052.75,127.3114006039425,797451,138.42317584403304,2015,35.0,60.0,0.5833333333333334,18.0,30.0,0.6,0.08333333333333337,1.0,0.09999999999999998,1.0,0.516625,1,2014-01-01,1.0,0.0,2015,0.0
Pennsylvania,2015-04-01,2580588.0,2015,2368426.25,108.9579208978958,2259652,114.20289495904679,2015,83.0,203.0,0.4088669950738916,20.0,50.0,0.4,-0.09113300492610837,0.0,-0.09999999999999998,1.0,0.4938125,1,2015-01-01,1.0,0.0,2015,0.0
Rhode Island,2015-04-01,274271.0,2015,199002.25,137.8230648145938,188712,145.33839925388952,2015,63.0,75.0,0.84,32.0,38.0,0.8421052631578947,0.33999999999999997,1.0,0.3421052631578947,1.0,0.5776458333333334,1,2014-01-01,1.0,0.0,2015,0.0
South Carolina,2015-04-01,984472.0,2015,1150025.25,85.60438129510635,1124024,87.58460673437578,2015,46.0,124.0,0.3709677419354839,18.0,46.0,0.391304347826087,-0.12903225806451613,0.0,-0.10869565217391303,0.0,0.41864583333333333,0,,0.0,0.0,2015,0.0
South Dakota,2015-04-01,118787.0,2015,170146.75,69.81443959405631,166237,71.45641463693401,2015,12.0,70.0,0.17142857142857143,8.0,35.0,0.22857142857142856,-0.32857142857142857,0.0,-0.27142857142857146,0.0,0.3500625,1,2023-07-01,0.0,0.0,2015,0.0
Tennessee,2015-04-01,1476208.0,2015,1582669.25,93.27331026365742,1514870,97.44783380752143,2015,26.0,99.0,0.26262626262626265,5.0,33.0,0.15151515151515152,-0.23737373737373735,0.0,-0.3484848484848485,0.0,0.3636041666666667,0,,0.0,0.0,2015,0.0
Texas,2015-04-01,4676724.0,2015,6421718.5,72.82667404371587,6299251,74.24254089891005,2015,50.0,150.0,0.3333333333333333,11.0,31.0,0.3548387096774194,-0.16666666666666669,0.0,-0.14516129032258063,0.0,0.4260625,0,,0.0,0.0,2015,0.0
Utah,2015-04-01,309453.0,2015,512486.0,60.382722649984586,456764,67.74899072606424,2015,12.0,75.0,0.16,5.0,29.0,0.1724137931034483,-0.33999999999999997,0.0,-0.3275862068965517,0.0,0.2641041666666667,1,2020-01-01,0.0,0.0,2015,0.0
Vermont,2015-04-01,186261.0,2015,104635.75,178.00895009592801,96287,193.44355935899966,2015,85.0,150.0,0.5666666666666667,21.0,30.0,0.7,0.06666666666666665,1.0,0.19999999999999996,1.0,0.6033541666666667,1,2014-01-01,1.0,0.0,2015,0.0
Virginia,2015-04-01,975807.0,2015,1355235.0,72.00278918416363,1298806,75.13108193217462,2015,32.0,100.0,0.32,19.0,40.0,0.475,-0.18,0.0,-0.025000000000000022,1.0,0.502125,1,2019-01-01,0.0,0.0,2015,0.0
Washington,2015-04-01,1710245.0,2015,1261903.5,135.52898458558835,1136840,150.4384961824003,2015,51.0,98.0,0.5204081632653061,24.0,49.0,0.4897959183673469,0.020408163265306145,1.0,-0.010204081632653073,1.0,0.5521041666666666,1,2014-01-01,1.0,0.0,2015,0.0
West Virginia,2015-04-01,534495.0,2015,470010.25,113.71986036474738,462592,115.54350269784173,2015,36.0,100.0,0.36,16.0,34.0,0.47058823529411764,-0.14,0.0,-0.02941176470588236,1.0,0.3008125,1,2014-01-01,1.0,0.0,2015,0.0
Wisconsin,2015-04-01,1059834.0,2015,1015295.5,104.38675242823395,951649,111.3681620009058,2015,36.0,99.0,0.36363636363636365,14.0,33.0,0.42424242424242425,-0.13636363636363635,0.0,-0.07575757575757575,0.0,0.4909375,0,,0.0,0.0,2015,0.0
Wyoming,2015-04-01,70742.0,2015,97705.25,72.40347883046203,93266,75.84972015525486,2015,9.0,60.0,0.15,4.0,30.0,0.13333333333333333,-0.35,0.0,-0.3666666666666667,0.0,0.24395833333333333,0,,0.0,0.0,2015,0.0
Alabama,2015-05-01,890291.0,2015,1232941.0,72.20872693827198,1174119,75.82630040055565,2015,33.0,105.0,0.3142857142857143,8.0,35.0,0.22857142857142856,-0.18571428571428572,0.0,-0.27142857142857146,0.0,0.35700000000000004,0,,0.0,0.0,2015,0.0
Alaska,2015-05-01,126766.0,2015,114569.0,110.64598626155417,114607,110.60929960648127,2015,16.0,40.0,0.4,6.0,20.0,0.3,-0.09999999999999998,0.0,-0.2,0.0,0.391125,1,2015-09-01,0.0,0.0,2015,0.0
Arizona,2015-05-01,1557193.0,2015,1660824.6666666667,93.76022835242091,1492698,104.32069983345593,2015,24.0,60.0,0.4,13.0,30.0,0.43333333333333335,-0.09999999999999998,0.0,-0.06666666666666665,0.0,0.449125,1,2014-01-01,1.0,0.0,2015,0.0
Arkansas,2015-05-01,832510.0,2015,802281.0,103.76788182694095,761746,109.28971074347618,2015,36.0,100.0,0.36,11.0,35.0,0.3142857142857143,-0.14,0.0,-0.18571428571428572,0.0,0.34725,1,2014-01-01,1.0,0.0,2015,0.0
California,2015-05-01,12549540.0,2015,8635007.0,145.3332927234454,7534254,166.56645767450897,2015,52.0,80.0,0.65,25.0,40.0,0.625,0.15000000000000002,1.0,0.125,1.0,0.611,1,2014-01-01,1.0,0.0,2015,0.0
Colorado,2015-05-01,1261496.0,2015,922974.6666666666,136.6772074639824,820836,153.68429259925247,2015,34.0,65.0,0.5230769230769231,17.0,35.0,0.4857142857142857,0.023076923076923106,1.0,-0.01428571428571429,1.0,0.49375,1,2014-01-01,1.0,0.0,2015,0.0
Connecticut,2015-05-01,741517.0,2015,526048.3333333334,140.95986110275035,530145,139.8706014392289,2015,86.0,151.0,0.5695364238410596,20.0,36.0,0.5555555555555556,0.06953642384105962,1.0,0.05555555555555558,1.0,0.5585,1,2014-01-01,1.0,0.0,2015,0.0
Delaware,2015-05-01,239426.0,2015,164384.33333333334,145.65013292020933,165961,144.26642403938274,2015,25.0,41.0,0.6097560975609756,12.0,21.0,0.5714285714285714,0.1097560975609756,1.0,0.0714285714285714,1.0,0.552,1,2014-01-01,1.0,0.0,2015,0.0
Florida,2015-05-01,3496934.0,2015,4712725.333333333,74.20194797405267,4384883,79.74976755366107,2015,38.0,120.0,0.31666666666666665,14.0,40.0,0.35,-0.18333333333333335,0.0,-0.15000000000000002,0.0,0.48624999999999996,0,,0.0,0.0,2015,0.0
Georgia,2015-05-01,1783631.0,2015,2432482.3333333335,73.32554796218457,2209726,80.71729255120317,2015,59.0,180.0,0.3277777777777778,18.0,56.0,0.32142857142857145,-0.17222222222222222,0.0,-0.17857142857142855,0.0,0.4535,0,,0.0,0.0,2015,0.0
Hawaii,2015-05-01,328623.0,2015,203414.0,161.55377702616337,185180,177.46138891888975,2015,44.0,51.0,0.8627450980392157,24.0,25.0,0.96,0.36274509803921573,1.0,0.45999999999999996,1.0,0.655875,1,2014-01-01,1.0,0.0,2015,0.0
Idaho,2015-05-01,278439.0,2015,369285.0,75.3994882001706,341618,81.50595109157011,2015,14.0,70.0,0.2,7.0,35.0,0.2,-0.3,0.0,-0.3,0.0,0.293625,1,2020-01-01,0.0,0.0,2015,0.0
Illinois,2015-05-01,3181783.0,2015,2483964.0,128.0929594792839,2253479,141.19426007519928,2015,71.0,118.0,0.6016949152542372,39.0,59.0,0.6610169491525424,0.10169491525423724,1.0,0.1610169491525424,0.0,0.562625,1,2014-01-01,1.0,0.0,2015,0.0
Indiana,2015-05-01,1304480.0,2015,1373361.0,94.98449424441206,1293314,100.86336342141198,2015,30.0,100.0,0.3,10.0,50.0,0.2,-0.2,0.0,-0.3,0.0,0.40225,1,2015-02-01,1.0,0.0,2015,1.0
Iowa,2015-05-01,594966.0,2015,557738.0,106.67481864244502,533922,111.43313068200973,2015,43.0,100.0,0.43,26.0,50.0,0.52,-0.07,0.0,0.020000000000000018,0.0,0.45725,1,2014-01-01,1.0,0.0,2015,0.0
Kansas,2015-05-01,409002.0,2015,554124.0,73.81055503822249,526814,77.63688892094743,2015,28.0,125.0,0.224,8.0,40.0,0.2,-0.276,0.0,-0.3,0.0,0.367875,0,,0.0,0.0,2015,0.0
Kentucky,2015-05-01,1126049.0,2015,1120842.6666666667,100.46450170823856,1057085,106.52397867721139,2015,54.0,100.0,0.54,11.0,38.0,0.2894736842105263,0.040000000000000036,1.0,-0.21052631578947367,1.0,0.346125,1,2014-01-01,1.0,0.0,2015,0.0
Louisiana,2015-05-01,1069712.0,2015,1263024.6666666667,84.69446624689832,1237143,86.46631796000948,2015,43.0,105.0,0.4095238095238095,13.0,39.0,0.3333333333333333,-0.09047619047619049,0.0,-0.16666666666666669,0.0,0.392625,1,2016-07-01,0.0,0.0,2015,0.0
Maine,2015-05-01,281443.0,2015,258910.33333333334,108.70288426752633,231999,121.31216082827943,2015,78.0,151.0,0.5165562913907285,15.0,35.0,0.42857142857142855,0.01655629139072845,1.0,-0.07142857142857145,0.0,0.51,1,2019-01-01,0.0,0.0,2015,0.0
Maryland,2015-05-01,1122043.0,2015,838623.3333333334,133.79582410855886,793697,141.36918748590458,2015,90.0,141.0,0.6382978723404256,32.0,47.0,0.6808510638297872,0.13829787234042556,1.0,0.18085106382978722,0.0,0.60675,1,2014-01-01,1.0,0.0,2015,0.0
Massachusetts,2015-05-01,1614778.0,2015,1053111.3333333333,153.33402546232847,972871,165.98069014288637,2015,123.0,160.0,0.76875,34.0,40.0,0.85,0.26875000000000004,1.0,0.35,0.0,0.603,1,2014-01-01,1.0,0.0,2015,0.0
Michigan,2015-05-01,2339905.0,2015,2168075.6666666665,107.9254306468701,1999842,117.00449335497505,2015,47.0,110.0,0.42727272727272725,11.0,38.0,0.2894736842105263,-0.07272727272727275,0.0,-0.21052631578947367,0.0,0.498625,1,2014-04-01,1.0,0.0,2015,0.0
Minnesota,2015-05-01,1034043.0,2015,851492.0,121.43895656095418,814317,126.9828580270337,2015,62.0,134.0,0.4626865671641791,39.0,67.0,0.582089552238806,-0.03731343283582089,0.0,0.08208955223880599,1.0,0.487875,1,2014-01-01,1.0,0.0,2015,0.0
Mississippi,2015-05-01,715364.0,2015,895452.6666666666,79.88853309946032,831252,86.05862000933531,2015,56.0,122.0,0.45901639344262296,20.0,52.0,0.38461538461538464,-0.04098360655737704,0.0,-0.11538461538461536,0.0,0.41725,0,,0.0,0.0,2015,0.0
Missouri,2015-05-01,918825.0,2015,1273501.3333333333,72.14951221095437,1199818,76.58036468864444,2015,44.0,163.0,0.26993865030674846,9.0,34.0,0.2647058823529412,-0.23006134969325154,0.0,-0.23529411764705882,1.0,0.40475,1,2021-07-01,0.0,0.0,2015,0.0
Montana,2015-05-01,176326.0,2015,217169.0,81.19298794947713,210360,83.82106864422893,2015,41.0,100.0,0.41,21.0,50.0,0.42,-0.09000000000000002,0.0,-0.08000000000000002,1.0,0.3805,1,2016-01-01,0.0,0.0,2015,0.0
Nevada,2015-05-01,559165.0,2015,633961.6666666666,88.20170515041656,595228,93.94131324467263,2015,17.0,42.0,0.40476190476190477,10.0,21.0,0.47619047619047616,-0.09523809523809523,0.0,-0.023809523809523836,0.0,0.494,1,2014-01-01,1.0,0.0,2015,0.0
New Hampshire,2015-05-01,176108.0,2015,155320.66666666666,113.38349479142076,155659,113.13704957631747,2015,160.0,400.0,0.4,10.0,24.0,0.4166666666666667,-0.09999999999999998,0.0,-0.08333333333333331,1.0,0.49475,1,2014-08-15,1.0,0.0,2015,0.0
New Jersey,2015-05-01,1784286.0,2015,1405524.6666666667,126.94803885808714,1255020,142.17191757900272,2015,48.0,80.0,0.6,24.0,40.0,0.6,0.09999999999999998,1.0,0.09999999999999998,0.0,0.561625,1,2014-01-01,1.0,0.0,2015,0.0
New Mexico,2015-05-01,705730.0,2015,593385.6666666666,118.93276828953852,585602,120.51359114210676,2015,33.0,70.0,0.4714285714285714,25.0,42.0,0.5952380952380952,-0.02857142857142858,0.0,0.09523809523809523,0.0,0.5,1,2014-01-01,1.0,0.0,2015,0.0
New York,2015-05-01,6462149.0,2015,4176217.3333333335,154.73689428040623,3765183,171.62908150812325,2015,106.0,150.0,0.7066666666666667,31.0,63.0,0.49206349206349204,0.20666666666666667,1.0,-0.007936507936507964,1.0,0.6058749999999999,1,2014-01-01,1.0,0.0,2015,0.0
North Carolina,2015-05-01,1942767.0,2015,2379048.6666666665,81.6615072747566,2153017,90.23463353981877,2015,45.0,120.0,0.375,15.0,50.0,0.3,-0.125,0.0,-0.2,0.0,0.470375,1,2023-12-01,0.0,0.0,2015,0.0
North Dakota,2015-05-01,89001.0,2015,118332.33333333333,75.212748276746,122160,72.85609037328095,2015,23.0,94.0,0.24468085106382978,15.0,47.0,0.3191489361702128,-0.25531914893617025,0.0,-0.18085106382978722,0.0,0.314125,1,2014-01-01,1.0,0.0,2015,0.0
Ohio,2015-05-01,2902768.0,2015,2426064.6666666665,119.64924265552692,2296371,126.40675221904473,2015,34.0,99.0,0.3434343434343434,10.0,33.0,0.30303030303030304,-0.15656565656565657,0.0,-0.19696969696969696,0.0,0.462625,1,2014-01-01,1.0,0.0,2015,0.0
Oklahoma,2015-05-01,819194.0,2015,933492.3333333334,87.75583588081601,885167,92.54683014617581,2015,29.0,101.0,0.2871287128712871,8.0,48.0,0.16666666666666666,-0.2128712871287129,0.0,-0.33333333333333337,0.0,0.305875,1,2021-07-01,0.0,0.0,2015,0.0
Oregon,2015-05-01,1090520.0,2015,862200.0,126.48109487357921,797451,136.75072198793404,2015,35.0,60.0,0.5833333333333334,18.0,30.0,0.6,0.08333333333333337,1.0,0.09999999999999998,1.0,0.51575,1,2014-01-01,1.0,0.0,2015,0.0
Pennsylvania,2015-05-01,2609873.0,2015,2365459.0,110.3326246618521,2259652,115.49889097967298,2015,83.0,203.0,0.4088669950738916,20.0,50.0,0.4,-0.09113300492610837,0.0,-0.09999999999999998,1.0,0.492875,1,2015-01-01,1.0,0.0,2015,0.0
Rhode Island,2015-05-01,272291.0,2015,197878.0,137.60549429446428,188712,144.2891813981093,2015,63.0,75.0,0.84,32.0,38.0,0.8421052631578947,0.33999999999999997,1.0,0.3421052631578947,1.0,0.575875,1,2014-01-01,1.0,0.0,2015,0.0
South Carolina,2015-05-01,997996.0,2015,1144698.0,87.18421802082295,1124024,88.78778389073543,2015,46.0,124.0,0.3709677419354839,18.0,46.0,0.391304347826087,-0.12903225806451613,0.0,-0.10869565217391303,0.0,0.417875,0,,0.0,0.0,2015,0.0
South Dakota,2015-05-01,118581.0,2015,169572.0,69.92958743188734,166237,71.33249517255484,2015,12.0,70.0,0.17142857142857143,8.0,35.0,0.22857142857142856,-0.32857142857142857,0.0,-0.27142857142857146,0.0,0.348375,1,2023-07-01,0.0,0.0,2015,0.0
Tennessee,2015-05-01,1487578.0,2015,1576146.3333333333,94.38070365293918,1514870,98.19839326146797,2015,26.0,99.0,0.26262626262626265,5.0,33.0,0.15151515151515152,-0.23737373737373735,0.0,-0.3484848484848485,0.0,0.362625,0,,0.0,0.0,2015,0.0
Texas,2015-05-01,4660912.0,2015,6418709.0,72.61447745956391,6299251,73.99152692915396,2015,50.0,150.0,0.3333333333333333,11.0,31.0,0.3548387096774194,-0.16666666666666669,0.0,-0.14516129032258063,0.0,0.426375,0,,0.0,0.0,2015,0.0
Utah,2015-05-01,309073.0,2015,511705.0,60.40062145181305,456764,67.66579677908067,2015,12.0,75.0,0.16,5.0,29.0,0.1724137931034483,-0.33999999999999997,0.0,-0.3275862068965517,0.0,0.264625,1,2020-01-01,0.0,0.0,2015,0.0
Vermont,2015-05-01,186413.0,2015,104971.66666666667,177.58410999793594,96287,193.60142075254188,2015,85.0,150.0,0.5666666666666667,21.0,30.0,0.7,0.06666666666666665,1.0,0.19999999999999996,1.0,0.601125,1,2014-01-01,1.0,0.0,2015,0.0
Virginia,2015-05-01,975437.0,2015,1353511.3333333333,72.06714683339679,1298806,75.10259422885326,2015,32.0,100.0,0.32,19.0,40.0,0.475,-0.18,0.0,-0.025000000000000022,1.0,0.50175,1,2019-01-01,0.0,0.0,2015,0.0
Washington,2015-05-01,1717073.0,2015,1256952.3333333333,136.60605533437095,1136840,151.0391084057563,2015,51.0,98.0,0.5204081632653061,24.0,49.0,0.4897959183673469,0.020408163265306145,1.0,-0.010204081632653073,1.0,0.551625,1,2014-01-01,1.0,0.0,2015,0.0
West Virginia,2015-05-01,533191.0,2015,470213.3333333333,113.39342426132819,462592,115.26161282512453,2015,36.0,100.0,0.36,16.0,34.0,0.47058823529411764,-0.14,0.0,-0.02941176470588236,1.0,0.298875,1,2014-01-01,1.0,0.0,2015,0.0
Wisconsin,2015-05-01,1052820.0,2015,1013351.0,103.89489920077051,951649,110.63112555154264,2015,36.0,99.0,0.36363636363636365,14.0,33.0,0.42424242424242425,-0.13636363636363635,0.0,-0.07575757575757575,0.0,0.48962500000000003,0,,0.0,0.0,2015,0.0
Wyoming,2015-05-01,67339.0,2015,97839.33333333333,68.82610265809934,93266,72.20101644758003,2015,9.0,60.0,0.15,4.0,30.0,0.13333333333333333,-0.35,0.0,-0.3666666666666667,0.0,0.24275000000000002,0,,0.0,0.0,2015,0.0
Alabama,2015-06-01,878932.0,2015,1227435.25,71.6071988318732,1174119,74.85885161555174,2015,33.0,105.0,0.3142857142857143,8.0,35.0,0.22857142857142856,-0.18571428571428572,0.0,-0.27142857142857146,0.0,0.3561666666666667,0,,0.0,0.0,2015,0.0
Alaska,2015-06-01,126985.0,2015,113932.0,111.45683390092336,114607,110.80038741089113,2015,16.0,40.0,0.4,6.0,20.0,0.3,-0.09999999999999998,0.0,-0.2,0.0,0.39039583333333333,1,2015-09-01,0.0,0.0,2015,0.0
Arizona,2015-06-01,1589457.0,2015,1656245.5833333333,95.96747100759565,1492698,106.48215513117859,2015,24.0,60.0,0.4,13.0,30.0,0.43333333333333335,-0.09999999999999998,0.0,-0.06666666666666665,0.0,0.4492291666666667,1,2014-01-01,1.0,0.0,2015,0.0
Arkansas,2015-06-01,820769.0,2015,798282.5,102.81685994619698,761746,107.74838331937417,2015,36.0,100.0,0.36,11.0,35.0,0.3142857142857143,-0.14,0.0,-0.18571428571428572,0.0,0.346625,1,2014-01-01,1.0,0.0,2015,0.0
California,2015-06-01,12627234.0,2015,8596062.0,146.89556683048585,7534254,167.59766793102543,2015,52.0,80.0,0.65,25.0,40.0,0.625,0.15000000000000002,1.0,0.125,1.0,0.6113333333333333,1,2014-01-01,1.0,0.0,2015,0.0
Colorado,2015-06-01,1263461.0,2015,922961.5833333334,136.89204651800694,820836,153.92368268448266,2015,34.0,65.0,0.5230769230769231,17.0,35.0,0.4857142857142857,0.023076923076923106,1.0,-0.01428571428571429,1.0,0.49304166666666666,1,2014-01-01,1.0,0.0,2015,0.0
Connecticut,2015-06-01,760758.0,2015,523427.9166666667,145.34150276980196,530145,143.499985852927,2015,86.0,151.0,0.5695364238410596,20.0,36.0,0.5555555555555556,0.06953642384105962,1.0,0.05555555555555558,1.0,0.55775,1,2014-01-01,1.0,0.0,2015,0.0
Delaware,2015-06-01,240302.0,2015,163228.91666666666,147.21778769795182,165961,144.79425889214937,2015,25.0,41.0,0.6097560975609756,12.0,21.0,0.5714285714285714,0.1097560975609756,1.0,0.0714285714285714,1.0,0.5508333333333333,1,2014-01-01,1.0,0.0,2015,0.0
Florida,2015-06-01,3523843.0,2015,4701528.916666667,74.95100131168323,4384883,80.36344413294493,2015,38.0,120.0,0.31666666666666665,14.0,40.0,0.35,-0.18333333333333335,0.0,-0.15000000000000002,0.0,0.4857916666666667,0,,0.0,0.0,2015,0.0
Georgia,2015-06-01,1785957.0,2015,2422168.4166666665,73.73380759616185,2209726,80.82255447055427,2015,59.0,180.0,0.3277777777777778,18.0,56.0,0.32142857142857145,-0.17222222222222222,0.0,-0.17857142857142855,0.0,0.45358333333333334,0,,0.0,0.0,2015,0.0
Hawaii,2015-06-01,331168.0,2015,202526.75,163.51815254034344,185180,178.8357274003672,2015,44.0,51.0,0.8627450980392157,24.0,25.0,0.96,0.36274509803921573,1.0,0.45999999999999996,1.0,0.6539375,1,2014-01-01,1.0,0.0,2015,0.0
Idaho,2015-06-01,277538.0,2015,368750.25,75.26449134610756,341618,81.24220620693289,2015,14.0,70.0,0.2,7.0,35.0,0.2,-0.3,0.0,-0.3,0.0,0.2926458333333333,1,2020-01-01,0.0,0.0,2015,0.0
Illinois,2015-06-01,3163838.0,2015,2473993.5,127.88384448059382,2253479,140.39793581391262,2015,71.0,118.0,0.6016949152542372,39.0,59.0,0.6610169491525424,0.10169491525423724,1.0,0.1610169491525424,0.0,0.5621458333333333,1,2014-01-01,1.0,0.0,2015,0.0
Indiana,2015-06-01,1341018.0,2015,1370236.25,97.86764873575633,1293314,103.68850874574929,2015,30.0,100.0,0.3,10.0,50.0,0.2,-0.2,0.0,-0.3,0.0,0.4009583333333333,1,2015-02-01,1.0,0.0,2015,1.0
Iowa,2015-06-01,597300.0,2015,555293.5,107.56473828705,533922,111.87027318597099,2015,43.0,100.0,0.43,26.0,50.0,0.52,-0.07,0.0,0.020000000000000018,0.0,0.455125,1,2014-01-01,1.0,0.0,2015,0.0
Kansas,2015-06-01,405613.0,2015,552567.0,73.40521601905289,526814,76.99358786972252,2015,28.0,125.0,0.224,8.0,40.0,0.2,-0.276,0.0,-0.3,0.0,0.3674375,0,,0.0,0.0,2015,0.0
Kentucky,2015-06-01,1117207.0,2015,1121108.5833333333,99.65198880899361,1057085,105.68752749305874,2015,54.0,100.0,0.54,11.0,38.0,0.2894736842105263,0.040000000000000036,1.0,-0.21052631578947367,1.0,0.3450625,1,2014-01-01,1.0,0.0,2015,0.0
Louisiana,2015-06-01,1072982.0,2015,1265017.8333333333,84.81951571960712,1237143,86.73063663618514,2015,43.0,105.0,0.4095238095238095,13.0,39.0,0.3333333333333333,-0.09047619047619049,0.0,-0.16666666666666669,0.0,0.3921458333333333,1,2016-07-01,0.0,0.0,2015,0.0
Maine,2015-06-01,283399.0,2015,257330.91666666666,110.13017933134735,231999,122.15526791063755,2015,78.0,151.0,0.5165562913907285,15.0,35.0,0.42857142857142855,0.01655629139072845,1.0,-0.07142857142857145,0.0,0.5081666666666667,1,2019-01-01,0.0,0.0,2015,0.0
Maryland,2015-06-01,1189192.0,2015,837158.4166666666,142.05101165141883,793697,149.829468928319,2015,90.0,141.0,0.6382978723404256,32.0,47.0,0.6808510638297872,0.13829787234042556,1.0,0.18085106382978722,0.0,0.606375,1,2014-01-01,1.0,0.0,2015,0.0
Massachusetts,2015-06-01,1642613.0,2015,1043723.1666666666,157.38014182879593,972871,168.84180944852915,2015,123.0,160.0,0.76875,34.0,40.0,0.85,0.26875000000000004,1.0,0.35,0.0,0.6028333333333333,1,2014-01-01,1.0,0.0,2015,0.0
Michigan,2015-06-01,2334621.0,2015,2161177.5833333335,108.0254125345476,1999842,116.74027248152603,2015,47.0,110.0,0.42727272727272725,11.0,38.0,0.2894736842105263,-0.07272727272727275,0.0,-0.21052631578947367,0.0,0.49714583333333334,1,2014-04-01,1.0,0.0,2015,0.0
Minnesota,2015-06-01,1029724.0,2015,850196.0,121.11607205867823,814317,126.45247489613996,2015,62.0,134.0,0.4626865671641791,39.0,67.0,0.582089552238806,-0.03731343283582089,0.0,0.08208955223880599,1.0,0.48660416666666667,1,2014-01-01,1.0,0.0,2015,0.0
Mississippi,2015-06-01,712828.0,2015,890445.5833333334,80.0529547613194,831252,85.7535380366002,2015,56.0,122.0,0.45901639344262296,20.0,52.0,0.38461538461538464,-0.04098360655737704,0.0,-0.11538461538461536,0.0,0.416625,0,,0.0,0.0,2015,0.0
Missouri,2015-06-01,926289.0,2015,1270570.1666666667,72.9034117360172,1199818,77.202459039621,2015,44.0,163.0,0.26993865030674846,9.0,34.0,0.2647058823529412,-0.23006134969325154,0.0,-0.23529411764705882,1.0,0.4035416666666667,1,2021-07-01,0.0,0.0,2015,0.0
Montana,2015-06-01,177652.0,2015,217347.0,81.73657791457899,210360,84.45141661912912,2015,41.0,100.0,0.41,21.0,50.0,0.42,-0.09000000000000002,0.0,-0.08000000000000002,1.0,0.37925,1,2016-01-01,0.0,0.0,2015,0.0
Nevada,2015-06-01,563484.0,2015,632652.0833333334,89.06696347716128,595228,94.66691755092165,2015,17.0,42.0,0.40476190476190477,10.0,21.0,0.47619047619047616,-0.09523809523809523,0.0,-0.023809523809523836,0.0,0.493,1,2014-01-01,1.0,0.0,2015,0.0
New Hampshire,2015-06-01,181243.0,2015,154632.83333333334,117.208613522139,155659,116.43592725123506,2015,160.0,400.0,0.4,10.0,24.0,0.4166666666666667,-0.09999999999999998,0.0,-0.08333333333333331,1.0,0.493875,1,2014-08-15,1.0,0.0,2015,0.0
New Jersey,2015-06-01,1790621.0,2015,1401225.3333333333,127.78965362696842,1255020,142.6766904113082,2015,48.0,80.0,0.6,24.0,40.0,0.6,0.09999999999999998,1.0,0.09999999999999998,0.0,0.5609791666666667,1,2014-01-01,1.0,0.0,2015,0.0
New Mexico,2015-06-01,711541.0,2015,593383.3333333334,119.9125354604949,585602,121.50590332683291,2015,33.0,70.0,0.4714285714285714,25.0,42.0,0.5952380952380952,-0.02857142857142858,0.0,0.09523809523809523,0.0,0.499,1,2014-01-01,1.0,0.0,2015,0.0
New York,2015-06-01,6479343.0,2015,4159608.9166666665,155.76808132222848,3765183,172.08573925888862,2015,106.0,150.0,0.7066666666666667,31.0,63.0,0.49206349206349204,0.20666666666666667,1.0,-0.007936507936507964,1.0,0.6049375,1,2014-01-01,1.0,0.0,2015,0.0
North Carolina,2015-06-01,2000049.0,2015,2369671.3333333335,84.4019578523829,2153017,92.89517918344352,2015,45.0,120.0,0.375,15.0,50.0,0.3,-0.125,0.0,-0.2,0.0,0.47002083333333333,1,2023-12-01,0.0,0.0,2015,0.0
North Dakota,2015-06-01,88820.0,2015,118363.41666666667,75.04007783936618,122160,72.70792403405369,2015,23.0,94.0,0.24468085106382978,15.0,47.0,0.3191489361702128,-0.25531914893617025,0.0,-0.18085106382978722,0.0,0.31172916666666667,1,2014-01-01,1.0,0.0,2015,0.0
Ohio,2015-06-01,2988691.0,2015,2421015.5833333335,123.44782167345956,2296371,130.1484385580553,2015,34.0,99.0,0.3434343434343434,10.0,33.0,0.30303030303030304,-0.15656565656565657,0.0,-0.19696969696969696,0.0,0.46114583333333337,1,2014-01-01,1.0,0.0,2015,0.0
Oklahoma,2015-06-01,815810.0,2015,934981.4166666666,87.25414061259863,885167,92.16452940518569,2015,29.0,101.0,0.2871287128712871,8.0,48.0,0.16666666666666666,-0.2128712871287129,0.0,-0.33333333333333337,0.0,0.3049375,1,2021-07-01,0.0,0.0,2015,0.0
Oregon,2015-06-01,1064251.0,2015,857347.25,124.13301611453235,797451,133.4566010952397,2015,35.0,60.0,0.5833333333333334,18.0,30.0,0.6,0.08333333333333337,1.0,0.09999999999999998,1.0,0.514875,1,2014-01-01,1.0,0.0,2015,0.0
Pennsylvania,2015-06-01,2642887.0,2015,2362491.75,111.8686234565687,2259652,116.95991241129164,2015,83.0,203.0,0.4088669950738916,20.0,50.0,0.4,-0.09113300492610837,0.0,-0.09999999999999998,1.0,0.49193749999999997,1,2015-01-01,1.0,0.0,2015,0.0
Rhode Island,2015-06-01,274674.0,2015,196753.75,139.60293005851224,188712,145.55195218110134,2015,63.0,75.0,0.84,32.0,38.0,0.8421052631578947,0.33999999999999997,1.0,0.3421052631578947,1.0,0.5741041666666666,1,2014-01-01,1.0,0.0,2015,0.0
South Carolina,2015-06-01,1009201.0,2015,1139370.75,88.5752947405399,1124024,89.78464872636171,2015,46.0,124.0,0.3709677419354839,18.0,46.0,0.391304347826087,-0.12903225806451613,0.0,-0.10869565217391303,0.0,0.41710416666666666,0,,0.0,0.0,2015,0.0
South Dakota,2015-06-01,118429.0,2015,168997.25,70.07747167483494,166237,71.24105945126537,2015,12.0,70.0,0.17142857142857143,8.0,35.0,0.22857142857142856,-0.32857142857142857,0.0,-0.27142857142857146,0.0,0.34668750000000004,1,2023-07-01,0.0,0.0,2015,0.0
Tennessee,2015-06-01,1498455.0,2015,1569623.4166666667,95.46589227001954,1514870,98.91640866873065,2015,26.0,99.0,0.26262626262626265,5.0,33.0,0.15151515151515152,-0.23737373737373735,0.0,-0.3484848484848485,0.0,0.36164583333333333,0,,0.0,0.0,2015,0.0
Texas,2015-06-01,4672896.0,2015,6415699.5,72.83533151763109,6299251,74.18177176937385,2015,50.0,150.0,0.3333333333333333,11.0,31.0,0.3548387096774194,-0.16666666666666669,0.0,-0.14516129032258063,0.0,0.4266875,0,,0.0,0.0,2015,0.0
Utah,2015-06-01,308627.0,2015,510924.0,60.405657201462446,456764,67.5681533570947,2015,12.0,75.0,0.16,5.0,29.0,0.1724137931034483,-0.33999999999999997,0.0,-0.3275862068965517,0.0,0.26514583333333336,1,2020-01-01,0.0,0.0,2015,0.0
Vermont,2015-06-01,184594.0,2015,105307.58333333333,175.29032018112022,96287,191.7122768390333,2015,85.0,150.0,0.5666666666666667,21.0,30.0,0.7,0.06666666666666665,1.0,0.19999999999999996,1.0,0.5988958333333334,1,2014-01-01,1.0,0.0,2015,0.0
Virginia,2015-06-01,978672.0,2015,1351787.6666666667,72.39835250259964,1298806,75.35166914843326,2015,32.0,100.0,0.32,19.0,40.0,0.475,-0.18,0.0,-0.025000000000000022,1.0,0.501375,1,2019-01-01,0.0,0.0,2015,0.0
Washington,2015-06-01,1717320.0,2015,1252001.1666666667,137.16600636820493,1136840,151.06083529784314,2015,51.0,98.0,0.5204081632653061,24.0,49.0,0.4897959183673469,0.020408163265306145,1.0,-0.010204081632653073,1.0,0.5511458333333333,1,2014-01-01,1.0,0.0,2015,0.0
West Virginia,2015-06-01,538601.0,2015,470416.4166666667,114.4945161175462,462592,116.4311099197565,2015,36.0,100.0,0.36,16.0,34.0,0.47058823529411764,-0.14,0.0,-0.02941176470588236,1.0,0.2969375,1,2014-01-01,1.0,0.0,2015,0.0
Wisconsin,2015-06-01,1047631.0,2015,1011406.5,103.58159651930256,951649,110.08586148884724,2015,36.0,99.0,0.36363636363636365,14.0,33.0,0.42424242424242425,-0.13636363636363635,0.0,-0.07575757575757575,0.0,0.48831250000000004,0,,0.0,0.0,2015,0.0
Wyoming,2015-06-01,65445.0,2015,97973.41666666667,66.79873196896096,93266,70.17026569167757,2015,9.0,60.0,0.15,4.0,30.0,0.13333333333333333,-0.35,0.0,-0.3666666666666667,0.0,0.24154166666666668,0,,0.0,0.0,2015,0.0
Alabama,2015-07-01,891912.0,2015,1221929.5,72.99209978971783,1174119,75.96436136371184,2015,33.0,105.0,0.3142857142857143,8.0,35.0,0.22857142857142856,-0.18571428571428572,0.0,-0.27142857142857146,0.0,0.35533333333333333,0,,0.0,0.0,2015,0.0
Alaska,2015-07-01,127401.0,2015,113295.0,112.45068184827221,114607,111.16336698456463,2015,16.0,40.0,0.4,6.0,20.0,0.3,-0.09999999999999998,0.0,-0.2,0.0,0.38966666666666666,1,2015-09-01,0.0,0.0,2015,0.0
Arizona,2015-07-01,1595617.0,2015,1651666.5,96.60648805312695,1492698,106.89483070252656,2015,24.0,60.0,0.4,13.0,30.0,0.43333333333333335,-0.09999999999999998,0.0,-0.06666666666666665,0.0,0.44933333333333336,1,2014-01-01,1.0,0.0,2015,0.0
Arkansas,2015-07-01,823741.0,2015,794284.0,103.70862311213622,761746,108.13853961819294,2015,36.0,100.0,0.36,11.0,35.0,0.3142857142857143,-0.14,0.0,-0.18571428571428572,0.0,0.34600000000000003,1,2014-01-01,1.0,0.0,2015,0.0
California,2015-07-01,12648637.0,2015,8557117.0,147.81423463065892,7534254,167.8817438328997,2015,52.0,80.0,0.65,25.0,40.0,0.625,0.15000000000000002,1.0,0.125,1.0,0.6116666666666667,1,2014-01-01,1.0,0.0,2015,0.0
Colorado,2015-07-01,1274849.0,2015,922948.5,138.127858705009,820836,155.31104873567924,2015,34.0,65.0,0.5230769230769231,17.0,35.0,0.4857142857142857,0.023076923076923106,1.0,-0.01428571428571429,1.0,0.49233333333333335,1,2014-01-01,1.0,0.0,2015,0.0
Connecticut,2015-07-01,754054.0,2015,520807.5,144.7855493632484,530145,142.23542615699478,2015,86.0,151.0,0.5695364238410596,20.0,36.0,0.5555555555555556,0.06953642384105962,1.0,0.05555555555555558,1.0,0.557,1,2014-01-01,1.0,0.0,2015,0.0
Delaware,2015-07-01,241749.0,2015,162073.5,149.16010328647187,165961,145.66615048113712,2015,25.0,41.0,0.6097560975609756,12.0,21.0,0.5714285714285714,0.1097560975609756,1.0,0.0714285714285714,1.0,0.5496666666666666,1,2014-01-01,1.0,0.0,2015,0.0
Florida,2015-07-01,3558092.0,2015,4690332.5,75.86012292305503,4384883,81.14451400413648,2015,38.0,120.0,0.31666666666666665,14.0,40.0,0.35,-0.18333333333333335,0.0,-0.15000000000000002,0.0,0.48533333333333334,0,,0.0,0.0,2015,0.0
Georgia,2015-07-01,1781537.0,2015,2411854.5,73.86585716509848,2209726,80.6225296710995,2015,59.0,180.0,0.3277777777777778,18.0,56.0,0.32142857142857145,-0.17222222222222222,0.0,-0.17857142857142855,0.0,0.45366666666666666,0,,0.0,0.0,2015,0.0
Hawaii,2015-07-01,332027.0,2015,201639.5,164.6636695687105,185180,179.2996003888109,2015,44.0,51.0,0.8627450980392157,24.0,25.0,0.96,0.36274509803921573,1.0,0.45999999999999996,1.0,0.652,1,2014-01-01,1.0,0.0,2015,0.0
Idaho,2015-07-01,278268.0,2015,368215.5,75.57204951991429,341618,81.45589518116726,2015,14.0,70.0,0.2,7.0,35.0,0.2,-0.3,0.0,-0.3,0.0,0.2916666666666667,1,2020-01-01,0.0,0.0,2015,0.0
Illinois,2015-07-01,3162522.0,2015,2464023.0,128.34790909013432,2253479,140.33953722222395,2015,71.0,118.0,0.6016949152542372,39.0,59.0,0.6610169491525424,0.10169491525423724,1.0,0.1610169491525424,0.0,0.5616666666666666,1,2014-01-01,1.0,0.0,2015,0.0
Indiana,2015-07-01,1389519.0,2015,1367111.5,101.63903968330308,1293314,107.43864212403176,2015,30.0,100.0,0.3,10.0,50.0,0.2,-0.2,0.0,-0.3,0.0,0.39966666666666667,1,2015-02-01,1.0,0.0,2015,1.0
Iowa,2015-07-01,599305.0,2015,552849.0,108.40301782222632,533922,112.24579620244155,2015,43.0,100.0,0.43,26.0,50.0,0.52,-0.07,0.0,0.020000000000000018,0.0,0.453,1,2014-01-01,1.0,0.0,2015,0.0
Kansas,2015-07-01,398007.0,2015,551010.0,72.2322643872162,526814,75.54981454555119,2015,28.0,125.0,0.224,8.0,40.0,0.2,-0.276,0.0,-0.3,0.0,0.367,0,,0.0,0.0,2015,0.0
Kentucky,2015-07-01,1119198.0,2015,1121374.5,99.8059078389958,1057085,105.87587563913972,2015,54.0,100.0,0.54,11.0,38.0,0.2894736842105263,0.040000000000000036,1.0,-0.21052631578947367,1.0,0.34400000000000003,1,2014-01-01,1.0,0.0,2015,0.0
Louisiana,2015-07-01,1075652.0,2015,1267011.0,84.8968162075941,1237143,86.94645647269556,2015,43.0,105.0,0.4095238095238095,13.0,39.0,0.3333333333333333,-0.09047619047619049,0.0,-0.16666666666666669,0.0,0.39166666666666666,1,2016-07-01,0.0,0.0,2015,0.0
Maine,2015-07-01,280241.0,2015,255751.5,109.57550591101128,231999,120.79405514678942,2015,78.0,151.0,0.5165562913907285,15.0,35.0,0.42857142857142855,0.01655629139072845,1.0,-0.07142857142857145,0.0,0.5063333333333333,1,2019-01-01,0.0,0.0,2015,0.0
Maryland,2015-07-01,1179937.0,2015,835693.5,141.19255444729438,793697,148.66340681645516,2015,90.0,141.0,0.6382978723404256,32.0,47.0,0.6808510638297872,0.13829787234042556,1.0,0.18085106382978722,0.0,0.606,1,2014-01-01,1.0,0.0,2015,0.0
Massachusetts,2015-07-01,1649423.0,2015,1034335.0,159.46700053657662,972871,169.54179947803974,2015,123.0,160.0,0.76875,34.0,40.0,0.85,0.26875000000000004,1.0,0.35,0.0,0.6026666666666667,1,2014-01-01,1.0,0.0,2015,0.0
Michigan,2015-07-01,2352127.0,2015,2154279.5,109.18392901199682,1999842,117.61564163568923,2015,47.0,110.0,0.42727272727272725,11.0,38.0,0.2894736842105263,-0.07272727272727275,0.0,-0.21052631578947367,0.0,0.49566666666666664,1,2014-04-01,1.0,0.0,2015,0.0
Minnesota,2015-07-01,1028161.0,2015,848900.0,121.11685710920015,814317,126.2605349022555,2015,62.0,134.0,0.4626865671641791,39.0,67.0,0.582089552238806,-0.03731343283582089,0.0,0.08208955223880599,1.0,0.48533333333333334,1,2014-01-01,1.0,0.0,2015,0.0
Mississippi,2015-07-01,709510.0,2015,885438.5,80.13091818347633,831252,85.35438110224096,2015,56.0,122.0,0.45901639344262296,20.0,52.0,0.38461538461538464,-0.04098360655737704,0.0,-0.11538461538461536,0.0,0.41600000000000004,0,,0.0,0.0,2015,0.0
Missouri,2015-07-01,932026.0,2015,1267639.0,73.5245602257425,1199818,77.68061489325882,2015,44.0,163.0,0.26993865030674846,9.0,34.0,0.2647058823529412,-0.23006134969325154,0.0,-0.23529411764705882,1.0,0.4023333333333333,1,2021-07-01,0.0,0.0,2015,0.0
Montana,2015-07-01,176714.0,2015,217525.0,81.23847833582347,210360,84.00551435634152,2015,41.0,100.0,0.41,21.0,50.0,0.42,-0.09000000000000002,0.0,-0.08000000000000002,1.0,0.378,1,2016-01-01,0.0,0.0,2015,0.0
Nevada,2015-07-01,566017.0,2015,631342.5,89.65292214606177,595228,95.09246876827031,2015,17.0,42.0,0.40476190476190477,10.0,21.0,0.47619047619047616,-0.09523809523809523,0.0,-0.023809523809523836,0.0,0.492,1,2014-01-01,1.0,0.0,2015,0.0
New Hampshire,2015-07-01,184266.0,2015,153945.0,119.69599532300496,155659,118.37799292042222,2015,160.0,400.0,0.4,10.0,24.0,0.4166666666666667,-0.09999999999999998,0.0,-0.08333333333333331,1.0,0.493,1,2014-08-15,1.0,0.0,2015,0.0
New Jersey,2015-07-01,1789264.0,2015,1396926.0,128.08581127418347,1255020,142.56856464438815,2015,48.0,80.0,0.6,24.0,40.0,0.6,0.09999999999999998,1.0,0.09999999999999998,0.0,0.5603333333333333,1,2014-01-01,1.0,0.0,2015,0.0
New Mexico,2015-07-01,717189.0,2015,593381.0,120.86484063358955,585602,122.47038090716904,2015,33.0,70.0,0.4714285714285714,25.0,42.0,0.5952380952380952,-0.02857142857142858,0.0,0.09523809523809523,0.0,0.498,1,2014-01-01,1.0,0.0,2015,0.0
New York,2015-07-01,6512137.0,2015,4143000.5,157.1840746821054,3765183,172.95671950075203,2015,106.0,150.0,0.7066666666666667,31.0,63.0,0.49206349206349204,0.20666666666666667,1.0,-0.007936507936507964,1.0,0.604,1,2014-01-01,1.0,0.0,2015,0.0
North Carolina,2015-07-01,1982496.0,2015,2360294.0,83.9936041865971,2153017,92.07990461756688,2015,45.0,120.0,0.375,15.0,50.0,0.3,-0.125,0.0,-0.2,0.0,0.4696666666666667,1,2023-12-01,0.0,0.0,2015,0.0
North Dakota,2015-07-01,88719.0,2015,118394.5,74.93506877430963,122160,72.62524557956777,2015,23.0,94.0,0.24468085106382978,15.0,47.0,0.3191489361702128,-0.25531914893617025,0.0,-0.18085106382978722,0.0,0.30933333333333335,1,2014-01-01,1.0,0.0,2015,0.0
Ohio,2015-07-01,2988934.0,2015,2415966.5,123.71587106029823,2296371,130.15902047186628,2015,34.0,99.0,0.3434343434343434,10.0,33.0,0.30303030303030304,-0.15656565656565657,0.0,-0.19696969696969696,0.0,0.45966666666666667,1,2014-01-01,1.0,0.0,2015,0.0
Oklahoma,2015-07-01,821867.0,2015,936470.5,87.76218791729158,885167,92.8488070612664,2015,29.0,101.0,0.2871287128712871,8.0,48.0,0.16666666666666666,-0.2128712871287129,0.0,-0.33333333333333337,0.0,0.304,1,2021-07-01,0.0,0.0,2015,0.0
Oregon,2015-07-01,1055685.0,2015,852494.5,123.8348165296081,797451,132.38242851284906,2015,35.0,60.0,0.5833333333333334,18.0,30.0,0.6,0.08333333333333337,1.0,0.09999999999999998,1.0,0.514,1,2014-01-01,1.0,0.0,2015,0.0
Pennsylvania,2015-07-01,2665455.0,2015,2359524.5,112.96576916238843,2259652,117.95865027004157,2015,83.0,203.0,0.4088669950738916,20.0,50.0,0.4,-0.09113300492610837,0.0,-0.09999999999999998,1.0,0.491,1,2015-01-01,1.0,0.0,2015,0.0
Rhode Island,2015-07-01,277232.0,2015,195629.5,141.71277849199635,188712,146.90745686548817,2015,63.0,75.0,0.84,32.0,38.0,0.8421052631578947,0.33999999999999997,1.0,0.3421052631578947,1.0,0.5723333333333334,1,2014-01-01,1.0,0.0,2015,0.0
South Carolina,2015-07-01,999438.0,2015,1134043.5,88.13048176723379,1124024,88.91607296641352,2015,46.0,124.0,0.3709677419354839,18.0,46.0,0.391304347826087,-0.12903225806451613,0.0,-0.10869565217391303,0.0,0.41633333333333333,0,,0.0,0.0,2015,0.0
South Dakota,2015-07-01,118715.0,2015,168422.5,70.48642550728079,166237,71.4131029794811,2015,12.0,70.0,0.17142857142857143,8.0,35.0,0.22857142857142856,-0.32857142857142857,0.0,-0.27142857142857146,0.0,0.34500000000000003,1,2023-07-01,0.0,0.0,2015,0.0
Tennessee,2015-07-01,1512658.0,2015,1563100.5,96.77292023129671,1514870,99.85398086964558,2015,26.0,99.0,0.26262626262626265,5.0,33.0,0.15151515151515152,-0.23737373737373735,0.0,-0.3484848484848485,0.0,0.36066666666666664,0,,0.0,0.0,2015,0.0
Texas,2015-07-01,4678394.0,2015,6412690.0,72.95524966901566,6299251,74.26905198729182,2015,50.0,150.0,0.3333333333333333,11.0,31.0,0.3548387096774194,-0.16666666666666669,0.0,-0.14516129032258063,0.0,0.427,0,,0.0,0.0,2015,0.0
Utah,2015-07-01,310273.0,2015,510143.0,60.82078946491474,456764,67.92851450639718,2015,12.0,75.0,0.16,5.0,29.0,0.1724137931034483,-0.33999999999999997,0.0,-0.3275862068965517,0.0,0.26566666666666666,1,2020-01-01,0.0,0.0,2015,0.0
Vermont,2015-07-01,185991.0,2015,105643.5,176.05531812179643,96287,193.1631476731023,2015,85.0,150.0,0.5666666666666667,21.0,30.0,0.7,0.06666666666666665,1.0,0.19999999999999996,1.0,0.5966666666666667,1,2014-01-01,1.0,0.0,2015,0.0
Virginia,2015-07-01,980591.0,2015,1350064.0,72.63292703160738,1298806,75.4994202367405,2015,32.0,100.0,0.32,19.0,40.0,0.475,-0.18,0.0,-0.025000000000000022,1.0,0.501,1,2019-01-01,0.0,0.0,2015,0.0
Washington,2015-07-01,1728834.0,2015,1247050.0,138.63389599454715,1136840,152.07364272896803,2015,51.0,98.0,0.5204081632653061,24.0,49.0,0.4897959183673469,0.020408163265306145,1.0,-0.010204081632653073,1.0,0.5506666666666666,1,2014-01-01,1.0,0.0,2015,0.0
West Virginia,2015-07-01,542077.0,2015,470619.5,115.18370998226806,462592,117.18252801604869,2015,36.0,100.0,0.36,16.0,34.0,0.47058823529411764,-0.14,0.0,-0.02941176470588236,1.0,0.295,1,2014-01-01,1.0,0.0,2015,0.0
Wisconsin,2015-07-01,1048817.0,2015,1009462.0,103.89861133950559,951649,110.21048726999135,2015,36.0,99.0,0.36363636363636365,14.0,33.0,0.42424242424242425,-0.13636363636363635,0.0,-0.07575757575757575,0.0,0.48700000000000004,0,,0.0,0.0,2015,0.0
Wyoming,2015-07-01,64516.0,2015,98107.5,65.76051779935274,93266,69.17418995132203,2015,9.0,60.0,0.15,4.0,30.0,0.13333333333333333,-0.35,0.0,-0.3666666666666667,0.0,0.24033333333333334,0,,0.0,0.0,2015,0.0
Alabama,2015-08-01,894636.0,2015,1216423.75,73.54641012229497,1174119,76.1963651043889,2015,33.0,105.0,0.3142857142857143,8.0,35.0,0.22857142857142856,-0.18571428571428572,0.0,-0.27142857142857146,0.0,0.35450000000000004,0,,0.0,0.0,2015,0.0
Alaska,2015-08-01,128082.0,2015,112658.0,113.69099398178557,114607,111.7575715270446,2015,16.0,40.0,0.4,6.0,20.0,0.3,-0.09999999999999998,0.0,-0.2,0.0,0.3889375,1,2015-09-01,0.0,0.0,2015,0.0
Arizona,2015-08-01,1638478.0,2015,1647087.4166666667,99.47729449089653,1492698,109.76620856998535,2015,24.0,60.0,0.4,13.0,30.0,0.43333333333333335,-0.09999999999999998,0.0,-0.06666666666666665,0.0,0.4494375,1,2014-01-01,1.0,0.0,2015,0.0
Arkansas,2015-08-01,810225.0,2015,790285.5,102.52307552144131,761746,106.36419488911002,2015,36.0,100.0,0.36,11.0,35.0,0.3142857142857143,-0.14,0.0,-0.18571428571428572,0.0,0.345375,1,2014-01-01,1.0,0.0,2015,0.0
California,2015-08-01,12621763.0,2015,8518172.0,148.17454965689822,7534254,167.52505291167512,2015,52.0,80.0,0.65,25.0,40.0,0.625,0.15000000000000002,1.0,0.125,1.0,0.612,1,2014-01-01,1.0,0.0,2015,0.0
Colorado,2015-08-01,1285671.0,2015,922935.4166666666,139.30237986135722,820836,156.6294606961683,2015,34.0,65.0,0.5230769230769231,17.0,35.0,0.4857142857142857,0.023076923076923106,1.0,-0.01428571428571429,1.0,0.491625,1,2014-01-01,1.0,0.0,2015,0.0
Connecticut,2015-08-01,718873.0,2015,518187.0833333333,138.7284675981728,530145,135.59931716794463,2015,86.0,151.0,0.5695364238410596,20.0,36.0,0.5555555555555556,0.06953642384105962,1.0,0.05555555555555558,1.0,0.55625,1,2014-01-01,1.0,0.0,2015,0.0
Delaware,2015-08-01,242551.0,2015,160918.08333333334,150.72948606873993,165961,146.1493965449714,2015,25.0,41.0,0.6097560975609756,12.0,21.0,0.5714285714285714,0.1097560975609756,1.0,0.0714285714285714,1.0,0.5485,1,2014-01-01,1.0,0.0,2015,0.0
Florida,2015-08-01,3587050.0,2015,4679136.083333333,76.66051886750533,4384883,81.80491931027578,2015,38.0,120.0,0.31666666666666665,14.0,40.0,0.35,-0.18333333333333335,0.0,-0.15000000000000002,0.0,0.484875,0,,0.0,0.0,2015,0.0
Georgia,2015-08-01,1783213.0,2015,2401540.5833333335,74.25287802236113,2209726,80.69837617876605,2015,59.0,180.0,0.3277777777777778,18.0,56.0,0.32142857142857145,-0.17222222222222222,0.0,-0.17857142857142855,0.0,0.45375,0,,0.0,0.0,2015,0.0
Hawaii,2015-08-01,336511.0,2015,200752.25,167.6250203920504,185180,181.7210281887893,2015,44.0,51.0,0.8627450980392157,24.0,25.0,0.96,0.36274509803921573,1.0,0.45999999999999996,1.0,0.6500625,1,2014-01-01,1.0,0.0,2015,0.0
Idaho,2015-08-01,279747.0,2015,367680.75,76.08421164284505,341618,81.88883489745857,2015,14.0,70.0,0.2,7.0,35.0,0.2,-0.3,0.0,-0.3,0.0,0.2906875,1,2020-01-01,0.0,0.0,2015,0.0
Illinois,2015-08-01,3152485.0,2015,2454052.5,128.46037319902487,2253479,139.89413702102394,2015,71.0,118.0,0.6016949152542372,39.0,59.0,0.6610169491525424,0.10169491525423724,1.0,0.1610169491525424,0.0,0.5611875000000001,1,2014-01-01,1.0,0.0,2015,0.0
Indiana,2015-08-01,1415294.0,2015,1363986.75,103.76156513250588,1293314,109.43158428656923,2015,30.0,100.0,0.3,10.0,50.0,0.2,-0.2,0.0,-0.3,0.0,0.39837500000000003,1,2015-02-01,1.0,0.0,2015,1.0
Iowa,2015-08-01,604957.0,2015,550404.5,109.91134701842009,533922,113.30437779301097,2015,43.0,100.0,0.43,26.0,50.0,0.52,-0.07,0.0,0.020000000000000018,0.0,0.450875,1,2014-01-01,1.0,0.0,2015,0.0
Kansas,2015-08-01,400244.0,2015,549453.0,72.8440831153893,526814,75.9744425926418,2015,28.0,125.0,0.224,8.0,40.0,0.2,-0.276,0.0,-0.3,0.0,0.3665625,0,,0.0,0.0,2015,0.0
Kentucky,2015-08-01,1136937.0,2015,1121640.4166666667,101.36376891435424,1057085,107.5539809949058,2015,54.0,100.0,0.54,11.0,38.0,0.2894736842105263,0.040000000000000036,1.0,-0.21052631578947367,1.0,0.3429375,1,2014-01-01,1.0,0.0,2015,0.0
Louisiana,2015-08-01,1074853.0,2015,1269004.1666666667,84.70050991427004,1237143,86.88187218454132,2015,43.0,105.0,0.4095238095238095,13.0,39.0,0.3333333333333333,-0.09047619047619049,0.0,-0.16666666666666669,0.0,0.3911875,1,2016-07-01,0.0,0.0,2015,0.0
Maine,2015-08-01,280373.0,2015,254172.08333333334,110.30833769116396,231999,120.85095194375839,2015,78.0,151.0,0.5165562913907285,15.0,35.0,0.42857142857142855,0.01655629139072845,1.0,-0.07142857142857145,0.0,0.5045,1,2019-01-01,0.0,0.0,2015,0.0
Maryland,2015-08-01,1175429.0,2015,834228.5833333334,140.90011101074117,793697,148.0954318839557,2015,90.0,141.0,0.6382978723404256,32.0,47.0,0.6808510638297872,0.13829787234042556,1.0,0.18085106382978722,0.0,0.605625,1,2014-01-01,1.0,0.0,2015,0.0
Massachusetts,2015-08-01,1663894.0,2015,1024946.8333333334,162.33954249009014,972871,171.0292525936121,2015,123.0,160.0,0.76875,34.0,40.0,0.85,0.26875000000000004,1.0,0.35,0.0,0.6025,1,2014-01-01,1.0,0.0,2015,0.0
Michigan,2015-08-01,2341137.0,2015,2147381.4166666665,109.02287697143696,1999842,117.06609822175953,2015,47.0,110.0,0.42727272727272725,11.0,38.0,0.2894736842105263,-0.07272727272727275,0.0,-0.21052631578947367,0.0,0.4941875,1,2014-04-01,1.0,0.0,2015,0.0
Minnesota,2015-08-01,1036683.0,2015,847604.0,122.307469053945,814317,127.30705609731837,2015,62.0,134.0,0.4626865671641791,39.0,67.0,0.582089552238806,-0.03731343283582089,0.0,0.08208955223880599,1.0,0.4840625,1,2014-01-01,1.0,0.0,2015,0.0
Mississippi,2015-08-01,708429.0,2015,880431.4166666666,80.46384835767542,831252,85.22433630234875,2015,56.0,122.0,0.45901639344262296,20.0,52.0,0.38461538461538464,-0.04098360655737704,0.0,-0.11538461538461536,0.0,0.415375,0,,0.0,0.0,2015,0.0
Missouri,2015-08-01,929124.0,2015,1264707.8333333333,73.46550527414303,1199818,77.43874487630625,2015,44.0,163.0,0.26993865030674846,9.0,34.0,0.2647058823529412,-0.23006134969325154,0.0,-0.23529411764705882,1.0,0.401125,1,2021-07-01,0.0,0.0,2015,0.0
Montana,2015-08-01,179957.0,2015,217703.0,82.66169965503461,210360,85.54715725423084,2015,41.0,100.0,0.41,21.0,50.0,0.42,-0.09000000000000002,0.0,-0.08000000000000002,1.0,0.37675,1,2016-01-01,0.0,0.0,2015,0.0
Nevada,2015-08-01,573624.0,2015,630032.9166666666,91.04667150327464,595228,96.37046644311089,2015,17.0,42.0,0.40476190476190477,10.0,21.0,0.47619047619047616,-0.09523809523809523,0.0,-0.023809523809523836,0.0,0.491,1,2014-01-01,1.0,0.0,2015,0.0
New Hampshire,2015-08-01,184779.0,2015,153257.16666666666,120.56793428909796,155659,118.70755947295049,2015,160.0,400.0,0.4,10.0,24.0,0.4166666666666667,-0.09999999999999998,0.0,-0.08333333333333331,1.0,0.492125,1,2014-08-15,1.0,0.0,2015,0.0
New Jersey,2015-08-01,1781201.0,2015,1392626.6666666667,127.90226143402874,1255020,141.9261047632707,2015,48.0,80.0,0.6,24.0,40.0,0.6,0.09999999999999998,1.0,0.09999999999999998,0.0,0.5596875,1,2014-01-01,1.0,0.0,2015,0.0
New Mexico,2015-08-01,724497.0,2015,593378.6666666666,122.09690720259576,585602,123.71832746472859,2015,33.0,70.0,0.4714285714285714,25.0,42.0,0.5952380952380952,-0.02857142857142858,0.0,0.09523809523809523,0.0,0.497,1,2014-01-01,1.0,0.0,2015,0.0
New York,2015-08-01,6527727.0,2015,4126392.0833333335,158.194540610083,3765183,173.3707764005096,2015,106.0,150.0,0.7066666666666667,31.0,63.0,0.49206349206349204,0.20666666666666667,1.0,-0.007936507936507964,1.0,0.6030625,1,2014-01-01,1.0,0.0,2015,0.0
North Carolina,2015-08-01,1977720.0,2015,2350916.6666666665,84.12548296763674,2153017,91.85807636446903,2015,45.0,120.0,0.375,15.0,50.0,0.3,-0.125,0.0,-0.2,0.0,0.4693125,1,2023-12-01,0.0,0.0,2015,0.0
North Dakota,2015-08-01,88602.0,2015,118425.58333333333,74.81660423880821,122160,72.52946954813359,2015,23.0,94.0,0.24468085106382978,15.0,47.0,0.3191489361702128,-0.25531914893617025,0.0,-0.18085106382978722,0.0,0.30693750000000003,1,2014-01-01,1.0,0.0,2015,0.0
Ohio,2015-08-01,3002281.0,2015,2410917.4166666665,124.52857071110104,2296371,130.74024188600185,2015,34.0,99.0,0.3434343434343434,10.0,33.0,0.30303030303030304,-0.15656565656565657,0.0,-0.19696969696969696,0.0,0.45818749999999997,1,2014-01-01,1.0,0.0,2015,0.0
Oklahoma,2015-08-01,815492.0,2015,937959.5833333334,86.94319184861821,885167,92.12860398094371,2015,29.0,101.0,0.2871287128712871,8.0,48.0,0.16666666666666666,-0.2128712871287129,0.0,-0.33333333333333337,0.0,0.3030625,1,2021-07-01,0.0,0.0,2015,0.0
Oregon,2015-08-01,1071605.0,2015,847641.75,126.42192294091224,797451,134.3787894177824,2015,35.0,60.0,0.5833333333333334,18.0,30.0,0.6,0.08333333333333337,1.0,0.09999999999999998,1.0,0.513125,1,2014-01-01,1.0,0.0,2015,0.0
Pennsylvania,2015-08-01,2684600.0,2015,2356557.25,113.9204235331011,2259652,118.80590462602206,2015,83.0,203.0,0.4088669950738916,20.0,50.0,0.4,-0.09113300492610837,0.0,-0.09999999999999998,1.0,0.4900625,1,2015-01-01,1.0,0.0,2015,0.0
Rhode Island,2015-08-01,278789.0,2015,194505.25,143.33237791781968,188712,147.73252363389716,2015,63.0,75.0,0.84,32.0,38.0,0.8421052631578947,0.33999999999999997,1.0,0.3421052631578947,1.0,0.5705625000000001,1,2014-01-01,1.0,0.0,2015,0.0
South Carolina,2015-08-01,981145.0,2015,1128716.25,86.92574418061227,1124024,87.2886166131684,2015,46.0,124.0,0.3709677419354839,18.0,46.0,0.391304347826087,-0.12903225806451613,0.0,-0.10869565217391303,0.0,0.4155625,0,,0.0,0.0,2015,0.0
South Dakota,2015-08-01,118333.0,2015,167847.75,70.50020033035891,166237,71.18331057466148,2015,12.0,70.0,0.17142857142857143,8.0,35.0,0.22857142857142856,-0.32857142857142857,0.0,-0.27142857142857146,0.0,0.3433125,1,2023-07-01,0.0,0.0,2015,0.0
Tennessee,2015-08-01,1526360.0,2015,1556577.5833333333,98.05871652933457,1514870,100.758480925756,2015,26.0,99.0,0.26262626262626265,5.0,33.0,0.15151515151515152,-0.23737373737373735,0.0,-0.3484848484848485,0.0,0.3596875,0,,0.0,0.0,2015,0.0
Texas,2015-08-01,4695815.0,2015,6409680.5,73.26129594134996,6299251,74.5456086763331,2015,50.0,150.0,0.3333333333333333,11.0,31.0,0.3548387096774194,-0.16666666666666669,0.0,-0.14516129032258063,0.0,0.4273125,0,,0.0,0.0,2015,0.0
Utah,2015-08-01,310628.0,2015,509362.0,60.98374044392789,456764,68.00623516739498,2015,12.0,75.0,0.16,5.0,29.0,0.1724137931034483,-0.33999999999999997,0.0,-0.3275862068965517,0.0,0.2661875,1,2020-01-01,0.0,0.0,2015,0.0
Vermont,2015-08-01,187073.0,2015,105979.41666666667,176.518238997667,96287,194.286871540291,2015,85.0,150.0,0.5666666666666667,21.0,30.0,0.7,0.06666666666666665,1.0,0.19999999999999996,1.0,0.5944375000000001,1,2014-01-01,1.0,0.0,2015,0.0
Virginia,2015-08-01,979843.0,2015,1348340.3333333333,72.6703025769211,1298806,75.44182887975572,2015,32.0,100.0,0.32,19.0,40.0,0.475,-0.18,0.0,-0.025000000000000022,1.0,0.500625,1,2019-01-01,0.0,0.0,2015,0.0
Washington,2015-08-01,1736097.0,2015,1242098.8333333333,139.77124471979084,1136840,152.71251891207206,2015,51.0,98.0,0.5204081632653061,24.0,49.0,0.4897959183673469,0.020408163265306145,1.0,-0.010204081632653073,1.0,0.5501875,1,2014-01-01,1.0,0.0,2015,0.0
West Virginia,2015-08-01,545190.0,2015,470822.5833333333,115.79521019152472,462592,117.85547523519647,2015,36.0,100.0,0.36,16.0,34.0,0.47058823529411764,-0.14,0.0,-0.02941176470588236,1.0,0.2930625,1,2014-01-01,1.0,0.0,2015,0.0
Wisconsin,2015-08-01,1047675.0,2015,1007517.5,103.98578684737485,951649,110.09048504227925,2015,36.0,99.0,0.36363636363636365,14.0,33.0,0.42424242424242425,-0.13636363636363635,0.0,-0.07575757575757575,0.0,0.48568750000000005,0,,0.0,0.0,2015,0.0
Wyoming,2015-08-01,64371.0,2015,98241.58333333333,65.52317034792632,93266,69.01872064846782,2015,9.0,60.0,0.15,4.0,30.0,0.13333333333333333,-0.35,0.0,-0.3666666666666667,0.0,0.239125,0,,0.0,0.0,2015,0.0
Alabama,2015-09-01,894969.0,2015,1210918.0,73.90830758152079,1174119,76.2247267951545,2015,33.0,105.0,0.3142857142857143,8.0,35.0,0.22857142857142856,-0.18571428571428572,0.0,-0.27142857142857146,0.0,0.3536666666666667,0,,0.0,0.0,2015,0.0
Alaska,2015-09-01,130815.0,2015,112021.0,116.77721141571669,114607,114.14224262043331,2015,16.0,40.0,0.4,6.0,20.0,0.3,-0.09999999999999998,0.0,-0.2,0.0,0.3882083333333333,1,2015-09-01,1.0,0.0,2015,0.0
Arizona,2015-09-01,1651626.0,2015,1642508.3333333333,100.55510626531576,1492698,110.64702974077811,2015,24.0,60.0,0.4,13.0,30.0,0.43333333333333335,-0.09999999999999998,0.0,-0.06666666666666665,0.0,0.4495416666666667,1,2014-01-01,1.0,0.0,2015,0.0
California,2015-09-01,11463750.0,2015,8479227.0,135.19805520007898,7534254,152.1550773308147,2015,52.0,80.0,0.65,25.0,40.0,0.625,0.15000000000000002,1.0,0.125,1.0,0.6123333333333333,1,2014-01-01,1.0,0.0,2015,0.0
Colorado,2015-09-01,1293908.0,2015,922922.3333333334,140.19684574397195,820836,157.6329498218889,2015,34.0,65.0,0.5230769230769231,17.0,35.0,0.4857142857142857,0.023076923076923106,1.0,-0.01428571428571429,1.0,0.49091666666666667,1,2014-01-01,1.0,0.0,2015,0.0
Connecticut,2015-09-01,708056.0,2015,515566.6666666667,137.33548845930045,530145,133.55893199030453,2015,86.0,151.0,0.5695364238410596,20.0,36.0,0.5555555555555556,0.06953642384105962,1.0,0.05555555555555558,1.0,0.5555,1,2014-01-01,1.0,0.0,2015,0.0
Delaware,2015-09-01,241376.0,2015,159762.66666666666,151.08410809367228,165961,145.44139888287006,2015,25.0,41.0,0.6097560975609756,12.0,21.0,0.5714285714285714,0.1097560975609756,1.0,0.0714285714285714,1.0,0.5473333333333333,1,2014-01-01,1.0,0.0,2015,0.0
Florida,2015-09-01,3589604.0,2015,4667939.666666667,76.89910873598123,4384883,81.86316487805946,2015,38.0,120.0,0.31666666666666665,14.0,40.0,0.35,-0.18333333333333335,0.0,-0.15000000000000002,0.0,0.48441666666666666,0,,0.0,0.0,2015,0.0
Georgia,2015-09-01,1778636.0,2015,2391226.6666666665,74.38173991591485,2209726,80.49124642602749,2015,59.0,180.0,0.3277777777777778,18.0,56.0,0.32142857142857145,-0.17222222222222222,0.0,-0.17857142857142855,0.0,0.45383333333333337,0,,0.0,0.0,2015,0.0
Hawaii,2015-09-01,337102.0,2015,199865.0,168.66484877292172,185180,182.0401771249595,2015,44.0,51.0,0.8627450980392157,24.0,25.0,0.96,0.36274509803921573,1.0,0.45999999999999996,1.0,0.648125,1,2014-01-01,1.0,0.0,2015,0.0
Idaho,2015-09-01,280857.0,2015,367146.0,76.49736072298214,341618,82.21375922814372,2015,14.0,70.0,0.2,7.0,35.0,0.2,-0.3,0.0,-0.3,0.0,0.28970833333333335,1,2020-01-01,0.0,0.0,2015,0.0
Illinois,2015-09-01,3147955.0,2015,2444082.0,128.79907466279772,2253479,139.69311451315943,2015,71.0,118.0,0.6016949152542372,39.0,59.0,0.6610169491525424,0.10169491525423724,1.0,0.1610169491525424,0.0,0.5607083333333334,1,2014-01-01,1.0,0.0,2015,0.0
Indiana,2015-09-01,1426190.0,2015,1360862.0,104.80048675030973,1293314,110.27407110724852,2015,30.0,100.0,0.3,10.0,50.0,0.2,-0.2,0.0,-0.3,0.0,0.39708333333333334,1,2015-02-01,1.0,0.0,2015,1.0
Iowa,2015-09-01,605969.0,2015,547960.0,110.58635666836996,533922,113.4939185873592,2015,43.0,100.0,0.43,26.0,50.0,0.52,-0.07,0.0,0.020000000000000018,0.0,0.44875,1,2014-01-01,1.0,0.0,2015,0.0
Kansas,2015-09-01,403462.0,2015,547896.0,73.63842773081024,526814,76.58528436981553,2015,28.0,125.0,0.224,8.0,40.0,0.2,-0.276,0.0,-0.3,0.0,0.366125,0,,0.0,0.0,2015,0.0
Kentucky,2015-09-01,1150740.0,2015,1121906.3333333333,102.57006006740315,1057085,108.85974164802263,2015,54.0,100.0,0.54,11.0,38.0,0.2894736842105263,0.040000000000000036,1.0,-0.21052631578947367,1.0,0.341875,1,2014-01-01,1.0,0.0,2015,0.0
Louisiana,2015-09-01,1083684.0,2015,1270997.3333333333,85.26249202725839,1237143,87.59569427301452,2015,43.0,105.0,0.4095238095238095,13.0,39.0,0.3333333333333333,-0.09047619047619049,0.0,-0.16666666666666669,0.0,0.3907083333333333,1,2016-07-01,0.0,0.0,2015,0.0
Maine,2015-09-01,280521.0,2015,252592.66666666666,111.05666831182748,231999,120.91474532217812,2015,78.0,151.0,0.5165562913907285,15.0,35.0,0.42857142857142855,0.01655629139072845,1.0,-0.07142857142857145,0.0,0.5026666666666666,1,2019-01-01,0.0,0.0,2015,0.0
Maryland,2015-09-01,1157514.0,2015,832763.6666666666,138.99669814285045,793697,145.83827329572873,2015,90.0,141.0,0.6382978723404256,32.0,47.0,0.6808510638297872,0.13829787234042556,1.0,0.18085106382978722,0.0,0.60525,1,2014-01-01,1.0,0.0,2015,0.0
Massachusetts,2015-09-01,1679001.0,2015,1015558.6666666666,165.32781956466656,972871,172.58207922735903,2015,123.0,160.0,0.76875,34.0,40.0,0.85,0.26875000000000004,1.0,0.35,0.0,0.6023333333333333,1,2014-01-01,1.0,0.0,2015,0.0
Michigan,2015-09-01,2327838.0,2015,2140483.3333333335,108.75291406146586,1999842,116.40109568655923,2015,47.0,110.0,0.42727272727272725,11.0,38.0,0.2894736842105263,-0.07272727272727275,0.0,-0.21052631578947367,0.0,0.4927083333333333,1,2014-04-01,1.0,0.0,2015,0.0
Minnesota,2015-09-01,1031703.0,2015,846308.0,121.90632724729058,814317,126.69550064655411,2015,62.0,134.0,0.4626865671641791,39.0,67.0,0.582089552238806,-0.03731343283582089,0.0,0.08208955223880599,1.0,0.4827916666666667,1,2014-01-01,1.0,0.0,2015,0.0
Mississippi,2015-09-01,705463.0,2015,875424.3333333334,80.58526284205793,831252,84.86752513076661,2015,56.0,122.0,0.45901639344262296,20.0,52.0,0.38461538461538464,-0.04098360655737704,0.0,-0.11538461538461536,0.0,0.41475,0,,0.0,0.0,2015,0.0
Missouri,2015-09-01,926456.0,2015,1261776.6666666667,73.42472122641882,1199818,77.2163778173023,2015,44.0,163.0,0.26993865030674846,9.0,34.0,0.2647058823529412,-0.23006134969325154,0.0,-0.23529411764705882,1.0,0.3999166666666667,1,2021-07-01,0.0,0.0,2015,0.0
Montana,2015-09-01,180666.0,2015,217881.0,82.91957536453384,210360,85.88419851682829,2015,41.0,100.0,0.41,21.0,50.0,0.42,-0.09000000000000002,0.0,-0.08000000000000002,1.0,0.3755,1,2016-01-01,0.0,0.0,2015,0.0
Nevada,2015-09-01,580852.0,2015,628723.3333333334,92.38594612362618,595228,97.58479103805601,2015,17.0,42.0,0.40476190476190477,10.0,21.0,0.47619047619047616,-0.09523809523809523,0.0,-0.023809523809523836,0.0,0.49,1,2014-01-01,1.0,0.0,2015,0.0
New Hampshire,2015-09-01,185604.0,2015,152569.33333333334,121.6522324276613,155659,119.23756416268895,2015,160.0,400.0,0.4,10.0,24.0,0.4166666666666667,-0.09999999999999998,0.0,-0.08333333333333331,1.0,0.49124999999999996,1,2014-08-15,1.0,0.0,2015,0.0
New Jersey,2015-09-01,1767838.0,2015,1388327.3333333333,127.33582041891178,1255020,140.8613408551258,2015,48.0,80.0,0.6,24.0,40.0,0.6,0.09999999999999998,1.0,0.09999999999999998,0.0,0.5590416666666667,1,2014-01-01,1.0,0.0,2015,0.0
New Mexico,2015-09-01,728278.0,2015,593376.3333333334,122.73458833601384,585602,124.36398782791042,2015,33.0,70.0,0.4714285714285714,25.0,42.0,0.5952380952380952,-0.02857142857142858,0.0,0.09523809523809523,0.0,0.496,1,2014-01-01,1.0,0.0,2015,0.0
New York,2015-09-01,6547004.0,2015,4109783.6666666665,159.30288625897666,3765183,173.8827568274902,2015,106.0,150.0,0.7066666666666667,31.0,63.0,0.49206349206349204,0.20666666666666667,1.0,-0.007936507936507964,1.0,0.602125,1,2014-01-01,1.0,0.0,2015,0.0
North Carolina,2015-09-01,1983045.0,2015,2341539.3333333335,84.6898009258297,2153017,92.10540371952473,2015,45.0,120.0,0.375,15.0,50.0,0.3,-0.125,0.0,-0.2,0.0,0.46895833333333337,1,2023-12-01,0.0,0.0,2015,0.0
North Dakota,2015-09-01,88622.0,2015,118456.66666666667,74.81385598109013,122160,72.54584151931893,2015,23.0,94.0,0.24468085106382978,15.0,47.0,0.3191489361702128,-0.25531914893617025,0.0,-0.18085106382978722,0.0,0.3045416666666667,1,2014-01-01,1.0,0.0,2015,0.0
Ohio,2015-09-01,2979036.0,2015,2405868.3333333335,123.82373377318376,2296371,129.7279925586937,2015,34.0,99.0,0.3434343434343434,10.0,33.0,0.30303030303030304,-0.15656565656565657,0.0,-0.19696969696969696,0.0,0.4567083333333333,1,2014-01-01,1.0,0.0,2015,0.0
Oklahoma,2015-09-01,807970.0,2015,939448.6666666666,86.00469921010408,885167,91.27882083267903,2015,29.0,101.0,0.2871287128712871,8.0,48.0,0.16666666666666666,-0.2128712871287129,0.0,-0.33333333333333337,0.0,0.302125,1,2021-07-01,0.0,0.0,2015,0.0
Oregon,2015-09-01,1069489.0,2015,842789.0,126.89878486786135,797451,134.11344396082018,2015,35.0,60.0,0.5833333333333334,18.0,30.0,0.6,0.08333333333333337,1.0,0.09999999999999998,1.0,0.51225,1,2014-01-01,1.0,0.0,2015,0.0
Pennsylvania,2015-09-01,2707763.0,2015,2353590.0,115.04820295803432,2259652,119.83097397298346,2015,83.0,203.0,0.4088669950738916,20.0,50.0,0.4,-0.09113300492610837,0.0,-0.09999999999999998,1.0,0.489125,1,2015-01-01,1.0,0.0,2015,0.0
Rhode Island,2015-09-01,278375.0,2015,193381.0,143.95157745590313,188712,147.51314171859767,2015,63.0,75.0,0.84,32.0,38.0,0.8421052631578947,0.33999999999999997,1.0,0.3421052631578947,1.0,0.5687916666666667,1,2014-01-01,1.0,0.0,2015,0.0
South Carolina,2015-09-01,954645.0,2015,1123389.0,84.97902329469133,1124024,84.93101570784965,2015,46.0,124.0,0.3709677419354839,18.0,46.0,0.391304347826087,-0.12903225806451613,0.0,-0.10869565217391303,0.0,0.41479166666666667,0,,0.0,0.0,2015,0.0
South Dakota,2015-09-01,118314.0,2015,167273.0,70.73108032976033,166237,71.17188110950029,2015,12.0,70.0,0.17142857142857143,8.0,35.0,0.22857142857142856,-0.32857142857142857,0.0,-0.27142857142857146,0.0,0.341625,1,2023-07-01,0.0,0.0,2015,0.0
Tennessee,2015-09-01,1536643.0,2015,1550054.6666666667,99.13476169872717,1514870,101.43728504756184,2015,26.0,99.0,0.26262626262626265,5.0,33.0,0.15151515151515152,-0.23737373737373735,0.0,-0.3484848484848485,0.0,0.3587083333333333,0,,0.0,0.0,2015,0.0
Texas,2015-09-01,4712608.0,2015,6406671.0,73.55782745828527,6299251,74.81219592615058,2015,50.0,150.0,0.3333333333333333,11.0,31.0,0.3548387096774194,-0.16666666666666669,0.0,-0.14516129032258063,0.0,0.427625,0,,0.0,0.0,2015,0.0
Utah,2015-09-01,310631.0,2015,508581.0,61.07797971217958,456764,68.00689196171327,2015,12.0,75.0,0.16,5.0,29.0,0.1724137931034483,-0.33999999999999997,0.0,-0.3275862068965517,0.0,0.2667083333333333,1,2020-01-01,0.0,0.0,2015,0.0
Vermont,2015-09-01,188273.0,2015,106315.33333333333,177.08922513528938,96287,195.53314569983488,2015,85.0,150.0,0.5666666666666667,21.0,30.0,0.7,0.06666666666666665,1.0,0.19999999999999996,1.0,0.5922083333333334,1,2014-01-01,1.0,0.0,2015,0.0
Virginia,2015-09-01,980310.0,2015,1346616.6666666667,72.79799992573982,1298806,75.47778498097483,2015,32.0,100.0,0.32,19.0,40.0,0.475,-0.18,0.0,-0.025000000000000022,1.0,0.50025,1,2019-01-01,0.0,0.0,2015,0.0
Washington,2015-09-01,1742389.0,2015,1237147.6666666667,140.83920997843694,1136840,153.26598289996832,2015,51.0,98.0,0.5204081632653061,24.0,49.0,0.4897959183673469,0.020408163265306145,1.0,-0.010204081632653073,1.0,0.5497083333333334,1,2014-01-01,1.0,0.0,2015,0.0
West Virginia,2015-09-01,546459.0,2015,471025.6666666667,116.01469700518795,462592,118.12979904537909,2015,36.0,100.0,0.36,16.0,34.0,0.47058823529411764,-0.14,0.0,-0.02941176470588236,1.0,0.291125,1,2014-01-01,1.0,0.0,2015,0.0
Wisconsin,2015-09-01,1046102.0,2015,1005573.0,104.03043836698083,951649,109.92519300708558,2015,36.0,99.0,0.36363636363636365,14.0,33.0,0.42424242424242425,-0.13636363636363635,0.0,-0.07575757575757575,0.0,0.484375,0,,0.0,0.0,2015,0.0
Wyoming,2015-09-01,64462.0,2015,98375.66666666667,65.52636661505046,93266,69.11629103853494,2015,9.0,60.0,0.15,4.0,30.0,0.13333333333333333,-0.35,0.0,-0.3666666666666667,0.0,0.23791666666666667,0,,0.0,0.0,2015,0.0
Alabama,2015-10-01,888504.0,2015,1205412.25,73.70955455280964,1174119,75.67410117713791,2015,33.0,105.0,0.3142857142857143,8.0,35.0,0.22857142857142856,-0.18571428571428572,0.0,-0.27142857142857146,0.0,0.35283333333333333,0,,0.0,0.0,2015,0.0
Alaska,2015-10-01,131650.0,2015,111384.0,118.19471378294908,114607,114.87081940893663,2015,16.0,40.0,0.4,6.0,20.0,0.3,-0.09999999999999998,0.0,-0.2,0.0,0.38747916666666665,1,2015-09-01,1.0,0.0,2015,0.0
Arizona,2015-10-01,1665454.0,2015,1637929.25,101.68046025186985,1492698,111.57340600710927,2015,24.0,60.0,0.4,13.0,30.0,0.43333333333333335,-0.09999999999999998,0.0,-0.06666666666666665,0.0,0.44964583333333336,1,2014-01-01,1.0,0.0,2015,0.0
Arkansas,2015-10-01,855150.0,2015,782288.5,109.31389123066491,761746,112.26183005883851,2015,36.0,100.0,0.36,11.0,35.0,0.3142857142857143,-0.14,0.0,-0.18571428571428572,0.0,0.344125,1,2014-01-01,1.0,0.0,2015,0.0
California,2015-10-01,11442006.0,2015,8440282.0,135.564261952385,7534254,151.86647543340058,2015,52.0,80.0,0.65,25.0,40.0,0.625,0.15000000000000002,1.0,0.125,1.0,0.6126666666666667,1,2014-01-01,1.0,0.0,2015,0.0
Colorado,2015-10-01,1300953.0,2015,922909.25,140.96218019268957,820836,158.49122114527142,2015,34.0,65.0,0.5230769230769231,17.0,35.0,0.4857142857142857,0.023076923076923106,1.0,-0.01428571428571429,1.0,0.4902083333333333,1,2014-01-01,1.0,0.0,2015,0.0
Connecticut,2015-10-01,729874.0,2015,512946.25,142.29054213769962,530145,137.67440983127258,2015,86.0,151.0,0.5695364238410596,20.0,36.0,0.5555555555555556,0.06953642384105962,1.0,0.05555555555555558,1.0,0.55475,1,2014-01-01,1.0,0.0,2015,0.0
Delaware,2015-10-01,241638.0,2015,158607.25,152.34990834277752,165961,145.59926729773863,2015,25.0,41.0,0.6097560975609756,12.0,21.0,0.5714285714285714,0.1097560975609756,1.0,0.0714285714285714,1.0,0.5461666666666667,1,2014-01-01,1.0,0.0,2015,0.0
Florida,2015-10-01,3585392.0,2015,4656743.25,76.99355123347202,4384883,81.76710758303015,2015,38.0,120.0,0.31666666666666665,14.0,40.0,0.35,-0.18333333333333335,0.0,-0.15000000000000002,0.0,0.4839583333333333,0,,0.0,0.0,2015,0.0
Georgia,2015-10-01,1774836.0,2015,2380912.75,74.5443527907522,2209726,80.31927940387179,2015,59.0,180.0,0.3277777777777778,18.0,56.0,0.32142857142857145,-0.17222222222222222,0.0,-0.17857142857142855,0.0,0.4539166666666667,0,,0.0,0.0,2015,0.0
Hawaii,2015-10-01,333940.0,2015,198977.75,167.82780989331724,185180,180.3326493141808,2015,44.0,51.0,0.8627450980392157,24.0,25.0,0.96,0.36274509803921573,1.0,0.45999999999999996,1.0,0.6461875,1,2014-01-01,1.0,0.0,2015,0.0
Idaho,2015-10-01,280911.0,2015,366611.25,76.62367153217475,341618,82.22956635774462,2015,14.0,70.0,0.2,7.0,35.0,0.2,-0.3,0.0,-0.3,0.0,0.2887291666666667,1,2020-01-01,0.0,0.0,2015,0.0
Illinois,2015-10-01,3141141.0,2015,2434111.5,129.04671786810096,2253479,139.3907376106012,2015,71.0,118.0,0.6016949152542372,39.0,59.0,0.6610169491525424,0.10169491525423724,1.0,0.1610169491525424,0.0,0.5602291666666667,1,2014-01-01,1.0,0.0,2015,0.0
Indiana,2015-10-01,1423847.0,2015,1357737.25,104.86911219383575,1293314,110.09290860533483,2015,30.0,100.0,0.3,10.0,50.0,0.2,-0.2,0.0,-0.3,0.0,0.39579166666666665,1,2015-02-01,1.0,0.0,2015,1.0
Iowa,2015-10-01,609593.0,2015,545515.5,111.74622902557306,533922,114.17266941613194,2015,43.0,100.0,0.43,26.0,50.0,0.52,-0.07,0.0,0.020000000000000018,0.0,0.446625,1,2014-01-01,1.0,0.0,2015,0.0
Kansas,2015-10-01,407982.0,2015,546339.0,74.67561349272155,526814,77.44327219853686,2015,28.0,125.0,0.224,8.0,40.0,0.2,-0.276,0.0,-0.3,0.0,0.3656875,0,,0.0,0.0,2015,0.0
Kentucky,2015-10-01,1161342.0,2015,1122172.25,103.49052919460449,1057085,109.86268843092088,2015,54.0,100.0,0.54,11.0,38.0,0.2894736842105263,0.040000000000000036,1.0,-0.21052631578947367,1.0,0.3408125,1,2014-01-01,1.0,0.0,2015,0.0
Louisiana,2015-10-01,1085461.0,2015,1272990.5,85.26858605779069,1237143,87.73933166982313,2015,43.0,105.0,0.4095238095238095,13.0,39.0,0.3333333333333333,-0.09047619047619049,0.0,-0.16666666666666669,0.0,0.3902291666666667,1,2016-07-01,0.0,0.0,2015,0.0
Maine,2015-10-01,282913.0,2015,251013.25,112.7083928836426,231999,121.94578424907003,2015,78.0,151.0,0.5165562913907285,15.0,35.0,0.42857142857142855,0.01655629139072845,1.0,-0.07142857142857145,0.0,0.5008333333333332,1,2019-01-01,0.0,0.0,2015,0.0
Maryland,2015-10-01,1172946.0,2015,831298.75,141.09801079335196,793697,147.78259209748808,2015,90.0,141.0,0.6382978723404256,32.0,47.0,0.6808510638297872,0.13829787234042556,1.0,0.18085106382978722,0.0,0.6048749999999999,1,2014-01-01,1.0,0.0,2015,0.0
Massachusetts,2015-10-01,1697932.0,2015,1006170.5,168.75191630046794,972871,174.527969278558,2015,123.0,160.0,0.76875,34.0,40.0,0.85,0.26875000000000004,1.0,0.35,0.0,0.6021666666666666,1,2014-01-01,1.0,0.0,2015,0.0
Michigan,2015-10-01,2317052.0,2015,2133585.25,108.598988486633,1999842,115.8617530784932,2015,47.0,110.0,0.42727272727272725,11.0,38.0,0.2894736842105263,-0.07272727272727275,0.0,-0.21052631578947367,0.0,0.49122916666666666,1,2014-04-01,1.0,0.0,2015,0.0
Minnesota,2015-10-01,1041470.0,2015,845012.0,123.24913729035801,814317,127.89491070430803,2015,62.0,134.0,0.4626865671641791,39.0,67.0,0.582089552238806,-0.03731343283582089,0.0,0.08208955223880599,1.0,0.48152083333333334,1,2014-01-01,1.0,0.0,2015,0.0
Mississippi,2015-10-01,701732.0,2015,870417.25,80.62018531916732,831252,84.4186841054217,2015,56.0,122.0,0.45901639344262296,20.0,52.0,0.38461538461538464,-0.04098360655737704,0.0,-0.11538461538461536,0.0,0.414125,0,,0.0,0.0,2015,0.0
Missouri,2015-10-01,934722.0,2015,1258845.5,74.25232087654918,1199818,77.90531563953866,2015,44.0,163.0,0.26993865030674846,9.0,34.0,0.2647058823529412,-0.23006134969325154,0.0,-0.23529411764705882,1.0,0.39870833333333333,1,2021-07-01,0.0,0.0,2015,0.0
Montana,2015-10-01,182307.0,2015,218059.0,83.60443733118102,210360,86.66428978893326,2015,41.0,100.0,0.41,21.0,50.0,0.42,-0.09000000000000002,0.0,-0.08000000000000002,1.0,0.37424999999999997,1,2016-01-01,0.0,0.0,2015,0.0
Nevada,2015-10-01,587220.0,2015,627413.75,93.59374097236473,595228,98.65463318257878,2015,17.0,42.0,0.40476190476190477,10.0,21.0,0.47619047619047616,-0.09523809523809523,0.0,-0.023809523809523836,0.0,0.489,1,2014-01-01,1.0,0.0,2015,0.0
New Hampshire,2015-10-01,185562.0,2015,151881.5,122.17551182994637,155659,119.21058210575681,2015,160.0,400.0,0.4,10.0,24.0,0.4166666666666667,-0.09999999999999998,0.0,-0.08333333333333331,1.0,0.490375,1,2014-08-15,1.0,0.0,2015,0.0
New Jersey,2015-10-01,1759806.0,2015,1384028.0,127.15104029687261,1255020,140.22135105416646,2015,48.0,80.0,0.6,24.0,40.0,0.6,0.09999999999999998,1.0,0.09999999999999998,0.0,0.5583958333333333,1,2014-01-01,1.0,0.0,2015,0.0
New Mexico,2015-10-01,735391.0,2015,593374.0,123.93380903106642,585602,125.57863531886844,2015,33.0,70.0,0.4714285714285714,25.0,42.0,0.5952380952380952,-0.02857142857142858,0.0,0.09523809523809523,0.0,0.495,1,2014-01-01,1.0,0.0,2015,0.0
New York,2015-10-01,6546539.0,2015,4093175.25,159.9379112829337,3765183,173.87040683015937,2015,106.0,150.0,0.7066666666666667,31.0,63.0,0.49206349206349204,0.20666666666666667,1.0,-0.007936507936507964,1.0,0.6011875,1,2014-01-01,1.0,0.0,2015,0.0
North Carolina,2015-10-01,1983406.0,2015,2332162.0,85.04580728096933,2153017,92.1221708885717,2015,45.0,120.0,0.375,15.0,50.0,0.3,-0.125,0.0,-0.2,0.0,0.46860416666666665,1,2023-12-01,0.0,0.0,2015,0.0
North Dakota,2015-10-01,89243.0,2015,118487.75,75.31833459577045,122160,73.05419122462344,2015,23.0,94.0,0.24468085106382978,15.0,47.0,0.3191489361702128,-0.25531914893617025,0.0,-0.18085106382978722,0.0,0.30214583333333334,1,2014-01-01,1.0,0.0,2015,0.0
Ohio,2015-10-01,2965107.0,2015,2400819.25,123.5039664064673,2296371,129.1214268077763,2015,34.0,99.0,0.3434343434343434,10.0,33.0,0.30303030303030304,-0.15656565656565657,0.0,-0.19696969696969696,0.0,0.4552291666666667,1,2014-01-01,1.0,0.0,2015,0.0
Oklahoma,2015-10-01,803914.0,2015,940937.75,85.43753292925064,885167,90.8206022140455,2015,29.0,101.0,0.2871287128712871,8.0,48.0,0.16666666666666666,-0.2128712871287129,0.0,-0.33333333333333337,0.0,0.3011875,1,2021-07-01,0.0,0.0,2015,0.0
Oregon,2015-10-01,1069723.0,2015,837936.25,127.66162103620651,797451,134.1427874565334,2015,35.0,60.0,0.5833333333333334,18.0,30.0,0.6,0.08333333333333337,1.0,0.09999999999999998,1.0,0.511375,1,2014-01-01,1.0,0.0,2015,0.0
Pennsylvania,2015-10-01,2723449.0,2015,2350622.75,115.86074371142712,2259652,120.52515166052117,2015,83.0,203.0,0.4088669950738916,20.0,50.0,0.4,-0.09113300492610837,0.0,-0.09999999999999998,1.0,0.4881875,1,2015-01-01,1.0,0.0,2015,0.0
Rhode Island,2015-10-01,274975.0,2015,192256.75,143.02488729264383,188712,145.71145449150026,2015,63.0,75.0,0.84,32.0,38.0,0.8421052631578947,0.33999999999999997,1.0,0.3421052631578947,1.0,0.5670208333333333,1,2014-01-01,1.0,0.0,2015,0.0
South Carolina,2015-10-01,951988.0,2015,1118061.75,85.1462810529025,1124024,84.69463285481449,2015,46.0,124.0,0.3709677419354839,18.0,46.0,0.391304347826087,-0.12903225806451613,0.0,-0.10869565217391303,0.0,0.41402083333333334,0,,0.0,0.0,2015,0.0
South Dakota,2015-10-01,118234.0,2015,166698.25,70.92695934120485,166237,71.12375704566372,2015,12.0,70.0,0.17142857142857143,8.0,35.0,0.22857142857142856,-0.32857142857142857,0.0,-0.27142857142857146,0.0,0.3399375,1,2023-07-01,0.0,0.0,2015,0.0
Tennessee,2015-10-01,1545186.0,2015,1543531.75,100.107173046489,1514870,102.00122782813045,2015,26.0,99.0,0.26262626262626265,5.0,33.0,0.15151515151515152,-0.23737373737373735,0.0,-0.3484848484848485,0.0,0.35772916666666665,0,,0.0,0.0,2015,0.0
Texas,2015-10-01,4724271.0,2015,6403661.5,73.77452727630903,6299251,74.99734492243601,2015,50.0,150.0,0.3333333333333333,11.0,31.0,0.3548387096774194,-0.16666666666666669,0.0,-0.14516129032258063,0.0,0.42793749999999997,0,,0.0,0.0,2015,0.0
Utah,2015-10-01,310097.0,2015,507800.0,61.06675856636471,456764,67.88998257305742,2015,12.0,75.0,0.16,5.0,29.0,0.1724137931034483,-0.33999999999999997,0.0,-0.3275862068965517,0.0,0.2672291666666667,1,2020-01-01,0.0,0.0,2015,0.0
Vermont,2015-10-01,189385.0,2015,106651.25,177.57410250700298,96287,196.68802642101218,2015,85.0,150.0,0.5666666666666667,21.0,30.0,0.7,0.06666666666666665,1.0,0.19999999999999996,1.0,0.5899791666666667,1,2014-01-01,1.0,0.0,2015,0.0
Virginia,2015-10-01,977745.0,2015,1344893.0,72.70057915388064,1298806,75.28029590254434,2015,32.0,100.0,0.32,19.0,40.0,0.475,-0.18,0.0,-0.025000000000000022,1.0,0.499875,1,2019-01-01,0.0,0.0,2015,0.0
Washington,2015-10-01,1750257.0,2015,1232196.5,142.04365943256616,1136840,153.95807677421624,2015,51.0,98.0,0.5204081632653061,24.0,49.0,0.4897959183673469,0.020408163265306145,1.0,-0.010204081632653073,1.0,0.5492291666666667,1,2014-01-01,1.0,0.0,2015,0.0
West Virginia,2015-10-01,547365.0,2015,471228.75,116.15696198502319,462592,118.32565197841727,2015,36.0,100.0,0.36,16.0,34.0,0.47058823529411764,-0.14,0.0,-0.02941176470588236,1.0,0.28918750000000004,1,2014-01-01,1.0,0.0,2015,0.0
Wisconsin,2015-10-01,1045475.0,2015,1003628.5,104.16952089343816,951649,109.85930737067973,2015,36.0,99.0,0.36363636363636365,14.0,33.0,0.42424242424242425,-0.13636363636363635,0.0,-0.07575757575757575,0.0,0.4830625,0,,0.0,0.0,2015,0.0
Wyoming,2015-10-01,65061.0,2015,98509.75,66.04523917683275,93266,69.75854008963609,2015,9.0,60.0,0.15,4.0,30.0,0.13333333333333333,-0.35,0.0,-0.3666666666666667,0.0,0.23670833333333335,0,,0.0,0.0,2015,0.0
Alabama,2015-11-01,893584.0,2015,1199906.5,74.47113587600367,1174119,76.10676600923757,2015,33.0,105.0,0.3142857142857143,8.0,35.0,0.22857142857142856,-0.18571428571428572,0.0,-0.27142857142857146,0.0,0.35200000000000004,0,,0.0,0.0,2015,0.0
Alaska,2015-11-01,132412.0,2015,110747.0,119.56260666203147,114607,115.53570026263667,2015,16.0,40.0,0.4,6.0,20.0,0.3,-0.09999999999999998,0.0,-0.2,0.0,0.38675,1,2015-09-01,1.0,0.0,2015,0.0
Arizona,2015-11-01,1683439.0,2015,1633350.1666666667,103.06663166022472,1492698,112.77827129131278,2015,24.0,60.0,0.4,13.0,30.0,0.43333333333333335,-0.09999999999999998,0.0,-0.06666666666666665,0.0,0.44975,1,2014-01-01,1.0,0.0,2015,0.0
Arkansas,2015-11-01,848509.0,2015,778290.0,109.02221536959232,761746,111.39001714482255,2015,36.0,100.0,0.36,11.0,35.0,0.3142857142857143,-0.14,0.0,-0.18571428571428572,0.0,0.3435,1,2014-01-01,1.0,0.0,2015,0.0
California,2015-11-01,12074718.0,2015,8401337.0,143.72376682425667,7534254,160.26428097592677,2015,52.0,80.0,0.65,25.0,40.0,0.625,0.15000000000000002,1.0,0.125,1.0,0.613,1,2014-01-01,1.0,0.0,2015,0.0
Colorado,2015-11-01,1308118.0,2015,922896.1666666666,141.7405388869134,820836,159.36411171050003,2015,34.0,65.0,0.5230769230769231,17.0,35.0,0.4857142857142857,0.023076923076923106,1.0,-0.01428571428571429,1.0,0.4895,1,2014-01-01,1.0,0.0,2015,0.0
Connecticut,2015-11-01,735208.0,2015,510325.8333333333,144.06638895738183,530145,138.6805496609418,2015,86.0,151.0,0.5695364238410596,20.0,36.0,0.5555555555555556,0.06953642384105962,1.0,0.05555555555555558,1.0,0.554,1,2014-01-01,1.0,0.0,2015,0.0
Delaware,2015-11-01,240708.0,2015,157451.83333333334,152.8772291208634,165961,145.03889468007546,2015,25.0,41.0,0.6097560975609756,12.0,21.0,0.5714285714285714,0.1097560975609756,1.0,0.0714285714285714,1.0,0.545,1,2014-01-01,1.0,0.0,2015,0.0
Florida,2015-11-01,3580569.0,2015,4645546.833333333,77.0752965895906,4384883,81.65711605075894,2015,38.0,120.0,0.31666666666666665,14.0,40.0,0.35,-0.18333333333333335,0.0,-0.15000000000000002,0.0,0.4835,0,,0.0,0.0,2015,0.0
Georgia,2015-11-01,1779611.0,2015,2370598.8333333335,75.07010359478087,2209726,80.53536954355427,2015,59.0,180.0,0.3277777777777778,18.0,56.0,0.32142857142857145,-0.17222222222222222,0.0,-0.17857142857142855,0.0,0.454,0,,0.0,0.0,2015,0.0
Hawaii,2015-11-01,335253.0,2015,198090.5,169.2423412531141,185180,181.04168916729668,2015,44.0,51.0,0.8627450980392157,24.0,25.0,0.96,0.36274509803921573,1.0,0.45999999999999996,1.0,0.64425,1,2014-01-01,1.0,0.0,2015,0.0
Idaho,2015-11-01,281481.0,2015,366076.5,76.8913055058164,341618,82.39641939242077,2015,14.0,70.0,0.2,7.0,35.0,0.2,-0.3,0.0,-0.3,0.0,0.28775,1,2020-01-01,0.0,0.0,2015,0.0
Illinois,2015-11-01,3133606.0,2015,2424141.0,129.26665569370758,2253479,139.05636573493695,2015,71.0,118.0,0.6016949152542372,39.0,59.0,0.6610169491525424,0.10169491525423724,1.0,0.1610169491525424,0.0,0.55975,1,2014-01-01,1.0,0.0,2015,0.0
Indiana,2015-11-01,1417445.0,2015,1354612.5,104.63841135380044,1293314,109.59790120573967,2015,30.0,100.0,0.3,10.0,50.0,0.2,-0.2,0.0,-0.3,0.0,0.3945,1,2015-02-01,1.0,0.0,2015,1.0
Iowa,2015-11-01,610462.0,2015,543071.0,112.40924299032724,533922,114.33542727214837,2015,43.0,100.0,0.43,26.0,50.0,0.52,-0.07,0.0,0.020000000000000018,0.0,0.4445,1,2014-01-01,1.0,0.0,2015,0.0
Kansas,2015-11-01,409726.0,2015,544782.0,75.20916623530147,526814,77.77431882979572,2015,28.0,125.0,0.224,8.0,40.0,0.2,-0.276,0.0,-0.3,0.0,0.36524999999999996,0,,0.0,0.0,2015,0.0
Kentucky,2015-11-01,1173882.0,2015,1122438.1666666667,104.58322203049345,1057085,111.04896957198333,2015,54.0,100.0,0.54,11.0,38.0,0.2894736842105263,0.040000000000000036,1.0,-0.21052631578947367,1.0,0.33975,1,2014-01-01,1.0,0.0,2015,0.0
Louisiana,2015-11-01,1079805.0,2015,1274983.6666666667,84.69167317437531,1237143,87.2821492745786,2015,43.0,105.0,0.4095238095238095,13.0,39.0,0.3333333333333333,-0.09047619047619049,0.0,-0.16666666666666669,0.0,0.38975,1,2016-07-01,0.0,0.0,2015,0.0
Maine,2015-11-01,280083.0,2015,249433.83333333334,112.28749374416596,231999,120.72595140496296,2015,78.0,151.0,0.5165562913907285,15.0,35.0,0.42857142857142855,0.01655629139072845,1.0,-0.07142857142857145,0.0,0.499,1,2019-01-01,0.0,0.0,2015,0.0
Maryland,2015-11-01,1159105.0,2015,829833.8333333334,139.67916870104315,793697,146.03872762527766,2015,90.0,141.0,0.6382978723404256,32.0,47.0,0.6808510638297872,0.13829787234042556,1.0,0.18085106382978722,0.0,0.6045,1,2014-01-01,1.0,0.0,2015,0.0
Massachusetts,2015-11-01,1663415.0,2015,996782.3333333334,166.87845925573185,972871,170.98001687788,2015,123.0,160.0,0.76875,34.0,40.0,0.85,0.26875000000000004,1.0,0.35,0.0,0.602,1,2014-01-01,1.0,0.0,2015,0.0
Michigan,2015-11-01,2323819.0,2015,2126687.1666666665,109.26943259089275,1999842,116.200129810255,2015,47.0,110.0,0.42727272727272725,11.0,38.0,0.2894736842105263,-0.07272727272727275,0.0,-0.21052631578947367,0.0,0.48975,1,2014-04-01,1.0,0.0,2015,0.0
Minnesota,2015-11-01,1060020.0,2015,843716.0,125.63706270830468,814317,130.17289335725522,2015,62.0,134.0,0.4626865671641791,39.0,67.0,0.582089552238806,-0.03731343283582089,0.0,0.08208955223880599,1.0,0.48025,1,2014-01-01,1.0,0.0,2015,0.0
Mississippi,2015-11-01,699644.0,2015,865410.1666666666,80.84536407687992,831252,84.16749673985747,2015,56.0,122.0,0.45901639344262296,20.0,52.0,0.38461538461538464,-0.04098360655737704,0.0,-0.11538461538461536,0.0,0.41350000000000003,0,,0.0,0.0,2015,0.0
Missouri,2015-11-01,939669.0,2015,1255914.3333333333,74.81951396366472,1199818,78.31762817360634,2015,44.0,163.0,0.26993865030674846,9.0,34.0,0.2647058823529412,-0.23006134969325154,0.0,-0.23529411764705882,1.0,0.3975,1,2021-07-01,0.0,0.0,2015,0.0
Montana,2015-11-01,183015.0,2015,218237.0,83.86066524008304,210360,87.00085567598403,2015,41.0,100.0,0.41,21.0,50.0,0.42,-0.09000000000000002,0.0,-0.08000000000000002,1.0,0.373,1,2016-01-01,0.0,0.0,2015,0.0
Nevada,2015-11-01,590363.0,2015,626104.1666666666,94.29149835290987,595228,99.18266613801771,2015,17.0,42.0,0.40476190476190477,10.0,21.0,0.47619047619047616,-0.09523809523809523,0.0,-0.023809523809523836,0.0,0.488,1,2014-01-01,1.0,0.0,2015,0.0
New Hampshire,2015-11-01,187335.0,2015,151193.66666666666,123.90399950615216,155659,120.3496103662493,2015,160.0,400.0,0.4,10.0,24.0,0.4166666666666667,-0.09999999999999998,0.0,-0.08333333333333331,1.0,0.4895,1,2014-08-15,1.0,0.0,2015,0.0
New Jersey,2015-11-01,1750936.0,2015,1379728.6666666667,126.90437201903949,1255020,139.51458940893374,2015,48.0,80.0,0.6,24.0,40.0,0.6,0.09999999999999998,1.0,0.09999999999999998,0.0,0.55775,1,2014-01-01,1.0,0.0,2015,0.0
New Mexico,2015-11-01,732196.0,2015,593371.6666666666,123.39584802105483,585602,125.03304291993538,2015,33.0,70.0,0.4714285714285714,25.0,42.0,0.5952380952380952,-0.02857142857142858,0.0,0.09523809523809523,0.0,0.494,1,2014-01-01,1.0,0.0,2015,0.0
New York,2015-11-01,6591498.0,2015,4076566.8333333335,161.6923815918468,3765183,175.06447893767714,2015,106.0,150.0,0.7066666666666667,31.0,63.0,0.49206349206349204,0.20666666666666667,1.0,-0.007936507936507964,1.0,0.60025,1,2014-01-01,1.0,0.0,2015,0.0
North Carolina,2015-11-01,1994493.0,2015,2322784.6666666665,85.86646143407755,2153017,92.63712269805579,2015,45.0,120.0,0.375,15.0,50.0,0.3,-0.125,0.0,-0.2,0.0,0.46825,1,2023-12-01,0.0,0.0,2015,0.0
North Dakota,2015-11-01,88955.0,2015,118518.83333333333,75.05558188361063,122160,72.81843483955468,2015,23.0,94.0,0.24468085106382978,15.0,47.0,0.3191489361702128,-0.25531914893617025,0.0,-0.18085106382978722,0.0,0.29975,1,2014-01-01,1.0,0.0,2015,0.0
Ohio,2015-11-01,2943443.0,2015,2395770.1666666665,122.85999053470698,2296371,128.17802524069498,2015,34.0,99.0,0.3434343434343434,10.0,33.0,0.30303030303030304,-0.15656565656565657,0.0,-0.19696969696969696,0.0,0.45375,1,2014-01-01,1.0,0.0,2015,0.0
Oklahoma,2015-11-01,796544.0,2015,942426.8333333334,84.52051361723748,885167,89.98799096667635,2015,29.0,101.0,0.2871287128712871,8.0,48.0,0.16666666666666666,-0.2128712871287129,0.0,-0.33333333333333337,0.0,0.30025,1,2021-07-01,0.0,0.0,2015,0.0
Oregon,2015-11-01,1032632.0,2015,833083.5,123.95300110973271,797451,129.49159258687993,2015,35.0,60.0,0.5833333333333334,18.0,30.0,0.6,0.08333333333333337,1.0,0.09999999999999998,1.0,0.5105,1,2014-01-01,1.0,0.0,2015,0.0
Pennsylvania,2015-11-01,2735148.0,2015,2347655.5,116.5055094327085,2259652,121.04288624974112,2015,83.0,203.0,0.4088669950738916,20.0,50.0,0.4,-0.09113300492610837,0.0,-0.09999999999999998,1.0,0.48724999999999996,1,2015-01-01,1.0,0.0,2015,0.0
Rhode Island,2015-11-01,276798.0,2015,191132.5,144.81995474343714,188712,146.67747679002926,2015,63.0,75.0,0.84,32.0,38.0,0.8421052631578947,0.33999999999999997,1.0,0.3421052631578947,1.0,0.56525,1,2014-01-01,1.0,0.0,2015,0.0
South Carolina,2015-11-01,937533.0,2015,1112734.5,84.25486942302949,1124024,83.40862828551704,2015,46.0,124.0,0.3709677419354839,18.0,46.0,0.391304347826087,-0.12903225806451613,0.0,-0.10869565217391303,0.0,0.41325,0,,0.0,0.0,2015,0.0
South Dakota,2015-11-01,118046.0,2015,166123.5,71.05918187372647,166237,71.01066549564779,2015,12.0,70.0,0.17142857142857143,8.0,35.0,0.22857142857142856,-0.32857142857142857,0.0,-0.27142857142857146,0.0,0.33825,1,2023-07-01,0.0,0.0,2015,0.0
Tennessee,2015-11-01,1555607.0,2015,1537008.8333333333,101.21002340801991,1514870,102.68914164251719,2015,26.0,99.0,0.26262626262626265,5.0,33.0,0.15151515151515152,-0.23737373737373735,0.0,-0.3484848484848485,0.0,0.35675,0,,0.0,0.0,2015,0.0
Texas,2015-11-01,4731548.0,2015,6400652.0,73.92290660388973,6299251,75.11286659318704,2015,50.0,150.0,0.3333333333333333,11.0,31.0,0.3548387096774194,-0.16666666666666669,0.0,-0.14516129032258063,0.0,0.42825,0,,0.0,0.0,2015,0.0
Utah,2015-11-01,309700.0,2015,507019.0,61.08252353462099,456764,67.80306679160354,2015,12.0,75.0,0.16,5.0,29.0,0.1724137931034483,-0.33999999999999997,0.0,-0.3275862068965517,0.0,0.26775000000000004,1,2020-01-01,0.0,0.0,2015,0.0
Vermont,2015-11-01,190207.0,2015,106987.16666666667,177.78487450987112,96287,197.54172422029973,2015,85.0,150.0,0.5666666666666667,21.0,30.0,0.7,0.06666666666666665,1.0,0.19999999999999996,1.0,0.58775,1,2014-01-01,1.0,0.0,2015,0.0
Virginia,2015-11-01,976897.0,2015,1343169.3333333333,72.73074032859596,1298806,75.2150051662835,2015,32.0,100.0,0.32,19.0,40.0,0.475,-0.18,0.0,-0.025000000000000022,1.0,0.4995,1,2019-01-01,0.0,0.0,2015,0.0
Washington,2015-11-01,1760988.0,2015,1227245.3333333333,143.49111397449465,1136840,154.9020090777946,2015,51.0,98.0,0.5204081632653061,24.0,49.0,0.4897959183673469,0.020408163265306145,1.0,-0.010204081632653073,1.0,0.5487500000000001,1,2014-01-01,1.0,0.0,2015,0.0
West Virginia,2015-11-01,546848.0,2015,471431.8333333333,115.99725799877041,462592,118.21389042612066,2015,36.0,100.0,0.36,16.0,34.0,0.47058823529411764,-0.14,0.0,-0.02941176470588236,1.0,0.28725,1,2014-01-01,1.0,0.0,2015,0.0
Wisconsin,2015-11-01,1043555.0,2015,1001684.0,104.18006077765043,951649,109.65755231182925,2015,36.0,99.0,0.36363636363636365,14.0,33.0,0.42424242424242425,-0.13636363636363635,0.0,-0.07575757575757575,0.0,0.48175,0,,0.0,0.0,2015,0.0
Wyoming,2015-11-01,64605.0,2015,98643.83333333333,65.49319690536493,93266,69.26961593721185,2015,9.0,60.0,0.15,4.0,30.0,0.13333333333333333,-0.35,0.0,-0.3666666666666667,0.0,0.23550000000000001,0,,0.0,0.0,2015,0.0
Alabama,2015-12-01,888024.0,2015,1194400.75,74.34891513589555,1174119,75.63321946071906,2015,33.0,105.0,0.3142857142857143,8.0,35.0,0.22857142857142856,-0.18571428571428572,0.0,-0.27142857142857146,0.0,0.3511666666666667,0,,0.0,0.0,2015,0.0
Alaska,2015-12-01,137868.0,2015,110110.0,125.20933611842702,114607,120.29631697889309,2015,16.0,40.0,0.4,6.0,20.0,0.3,-0.09999999999999998,0.0,-0.2,0.0,0.3860208333333333,1,2015-09-01,1.0,0.0,2015,0.0
Arizona,2015-12-01,1681587.0,2015,1628771.0833333333,103.24268506526879,1492698,112.65420064875815,2015,24.0,60.0,0.4,13.0,30.0,0.43333333333333335,-0.09999999999999998,0.0,-0.06666666666666665,0.0,0.44985416666666667,1,2014-01-01,1.0,0.0,2015,0.0
Arkansas,2015-12-01,839277.0,2015,774291.5,108.39289854014929,761746,110.17806460421191,2015,36.0,100.0,0.36,11.0,35.0,0.3142857142857143,-0.14,0.0,-0.18571428571428572,0.0,0.34287500000000004,1,2014-01-01,1.0,0.0,2015,0.0
California,2015-12-01,12166109.0,2015,8362392.0,145.48599252462694,7534254,161.47728759874568,2015,52.0,80.0,0.65,25.0,40.0,0.625,0.15000000000000002,1.0,0.125,1.0,0.6133333333333333,1,2014-01-01,1.0,0.0,2015,0.0
Colorado,2015-12-01,1324115.0,2015,922883.0833333334,143.47592061363497,820836,161.31297847560293,2015,34.0,65.0,0.5230769230769231,17.0,35.0,0.4857142857142857,0.023076923076923106,1.0,-0.01428571428571429,1.0,0.4887916666666667,1,2014-01-01,1.0,0.0,2015,0.0
Connecticut,2015-12-01,746047.0,2015,507705.4166666667,146.94485729503575,530145,140.72508464665327,2015,86.0,151.0,0.5695364238410596,20.0,36.0,0.5555555555555556,0.06953642384105962,1.0,0.05555555555555558,1.0,0.55325,1,2014-01-01,1.0,0.0,2015,0.0
Delaware,2015-12-01,241704.0,2015,156296.41666666666,154.64462023814792,165961,145.63903567705665,2015,25.0,41.0,0.6097560975609756,12.0,21.0,0.5714285714285714,0.1097560975609756,1.0,0.0714285714285714,1.0,0.5438333333333334,1,2014-01-01,1.0,0.0,2015,0.0
Florida,2015-12-01,3576023.0,2015,4634350.416666667,77.16341403833924,4384883,81.55344167677906,2015,38.0,120.0,0.31666666666666665,14.0,40.0,0.35,-0.18333333333333335,0.0,-0.15000000000000002,0.0,0.48304166666666665,0,,0.0,0.0,2015,0.0
Georgia,2015-12-01,1782498.0,2015,2360284.9166666665,75.52045888245343,2209726,80.66601922591308,2015,59.0,180.0,0.3277777777777778,18.0,56.0,0.32142857142857145,-0.17222222222222222,0.0,-0.17857142857142855,0.0,0.45408333333333334,0,,0.0,0.0,2015,0.0
Hawaii,2015-12-01,339044.0,2015,197203.25,171.92617261632353,185180,183.0888864888217,2015,44.0,51.0,0.8627450980392157,24.0,25.0,0.96,0.36274509803921573,1.0,0.45999999999999996,1.0,0.6423125,1,2014-01-01,1.0,0.0,2015,0.0
Idaho,2015-12-01,282440.0,2015,365541.75,77.26613991425056,341618,82.67714230514785,2015,14.0,70.0,0.2,7.0,35.0,0.2,-0.3,0.0,-0.3,0.0,0.28677083333333336,1,2020-01-01,0.0,0.0,2015,0.0
Illinois,2015-12-01,3134109.0,2015,2414170.5,129.82136100163598,2253479,139.07868677720094,2015,71.0,118.0,0.6016949152542372,39.0,59.0,0.6610169491525424,0.10169491525423724,1.0,0.1610169491525424,0.0,0.5592708333333334,1,2014-01-01,1.0,0.0,2015,0.0
Indiana,2015-12-01,1437538.0,2015,1351487.75,106.36707583920017,1293314,111.15150690396918,2015,30.0,100.0,0.3,10.0,50.0,0.2,-0.2,0.0,-0.3,0.0,0.3932083333333333,1,2015-02-01,1.0,0.0,2015,1.0
Iowa,2015-12-01,608837.0,2015,540626.5,112.61693609173801,533922,114.0310757001959,2015,43.0,100.0,0.43,26.0,50.0,0.52,-0.07,0.0,0.020000000000000018,0.0,0.44237499999999996,1,2014-01-01,1.0,0.0,2015,0.0
Kansas,2015-12-01,407388.0,2015,543225.0,74.99433936214275,526814,77.33051893078013,2015,28.0,125.0,0.224,8.0,40.0,0.2,-0.276,0.0,-0.3,0.0,0.3648125,0,,0.0,0.0,2015,0.0
Kentucky,2015-12-01,1179314.0,2015,1122704.0833333333,105.04228295835449,1057085,111.56283553356636,2015,54.0,100.0,0.54,11.0,38.0,0.2894736842105263,0.040000000000000036,1.0,-0.21052631578947367,1.0,0.33868750000000003,1,2014-01-01,1.0,0.0,2015,0.0
Louisiana,2015-12-01,1077109.0,2015,1276976.8333333333,84.34835870815198,1237143,87.0642278216827,2015,43.0,105.0,0.4095238095238095,13.0,39.0,0.3333333333333333,-0.09047619047619049,0.0,-0.16666666666666669,0.0,0.38927083333333334,1,2016-07-01,0.0,0.0,2015,0.0
Maine,2015-12-01,279000.0,2015,247854.41666666666,112.56607961730222,231999,120.25913904801313,2015,78.0,151.0,0.5165562913907285,15.0,35.0,0.42857142857142855,0.01655629139072845,1.0,-0.07142857142857145,0.0,0.49716666666666665,1,2019-01-01,0.0,0.0,2015,0.0
Maryland,2015-12-01,1162313.0,2015,828368.9166666666,140.31344931158392,793697,146.44291209365792,2015,90.0,141.0,0.6382978723404256,32.0,47.0,0.6808510638297872,0.13829787234042556,1.0,0.18085106382978722,0.0,0.604125,1,2014-01-01,1.0,0.0,2015,0.0
Massachusetts,2015-12-01,1676400.0,2015,987394.1666666666,169.78022117138295,972871,172.3147262072772,2015,123.0,160.0,0.76875,34.0,40.0,0.85,0.26875000000000004,1.0,0.35,0.0,0.6018333333333333,1,2014-01-01,1.0,0.0,2015,0.0
Michigan,2015-12-01,2311459.0,2015,2119789.0833333335,109.04193337788439,1999842,115.58208098439778,2015,47.0,110.0,0.42727272727272725,11.0,38.0,0.2894736842105263,-0.07272727272727275,0.0,-0.21052631578947367,0.0,0.4882708333333333,1,2014-04-01,1.0,0.0,2015,0.0
Minnesota,2015-12-01,1070731.0,2015,842420.0,127.10180195152061,814317,131.4882287855958,2015,62.0,134.0,0.4626865671641791,39.0,67.0,0.582089552238806,-0.03731343283582089,0.0,0.08208955223880599,1.0,0.4789791666666667,1,2014-01-01,1.0,0.0,2015,0.0
Mississippi,2015-12-01,693365.0,2015,860403.0833333334,80.58606639504333,831252,83.41213013622824,2015,56.0,122.0,0.45901639344262296,20.0,52.0,0.38461538461538464,-0.04098360655737704,0.0,-0.11538461538461536,0.0,0.41287500000000005,0,,0.0,0.0,2015,0.0
Missouri,2015-12-01,948576.0,2015,1252983.1666666667,75.70540652381736,1199818,79.05999076526606,2015,44.0,163.0,0.26993865030674846,9.0,34.0,0.2647058823529412,-0.23006134969325154,0.0,-0.23529411764705882,1.0,0.39629166666666665,1,2021-07-01,0.0,0.0,2015,0.0
Montana,2015-12-01,185716.0,2015,218415.0,85.02895863379347,210360,88.28484502757178,2015,41.0,100.0,0.41,21.0,50.0,0.42,-0.09000000000000002,0.0,-0.08000000000000002,1.0,0.37174999999999997,1,2016-01-01,0.0,0.0,2015,0.0
Nevada,2015-12-01,596516.0,2015,624794.5833333334,95.47393910131797,595228,100.21638766993487,2015,17.0,42.0,0.40476190476190477,10.0,21.0,0.47619047619047616,-0.09523809523809523,0.0,-0.023809523809523836,0.0,0.487,1,2014-01-01,1.0,0.0,2015,0.0
New Hampshire,2015-12-01,189687.0,2015,150505.83333333334,126.03298875458869,155659,121.86060555444915,2015,160.0,400.0,0.4,10.0,24.0,0.4166666666666667,-0.09999999999999998,0.0,-0.08333333333333331,1.0,0.488625,1,2014-08-15,1.0,0.0,2015,0.0
New Jersey,2015-12-01,1737333.0,2015,1375429.3333333333,126.3120509280981,1255020,138.43070229956496,2015,48.0,80.0,0.6,24.0,40.0,0.6,0.09999999999999998,1.0,0.09999999999999998,0.0,0.5571041666666667,1,2014-01-01,1.0,0.0,2015,0.0
New Mexico,2015-12-01,738231.0,2015,593369.3333333334,124.41340637759058,585602,126.06360634014229,2015,33.0,70.0,0.4714285714285714,25.0,42.0,0.5952380952380952,-0.02857142857142858,0.0,0.09523809523809523,0.0,0.493,1,2014-01-01,1.0,0.0,2015,0.0
New York,2015-12-01,6620649.0,2015,4059958.4166666665,163.07184262827323,3765183,175.83870425421551,2015,106.0,150.0,0.7066666666666667,31.0,63.0,0.49206349206349204,0.20666666666666667,1.0,-0.007936507936507964,1.0,0.5993125,1,2014-01-01,1.0,0.0,2015,0.0
North Carolina,2015-12-01,2000804.0,2015,2313407.3333333335,86.48731985806793,2153017,92.93024625444201,2015,45.0,120.0,0.375,15.0,50.0,0.3,-0.125,0.0,-0.2,0.0,0.46789583333333334,1,2023-12-01,0.0,0.0,2015,0.0
North Dakota,2015-12-01,89240.0,2015,118549.91666666667,75.27630765943178,122160,73.05173542894565,2015,23.0,94.0,0.24468085106382978,15.0,47.0,0.3191489361702128,-0.25531914893617025,0.0,-0.18085106382978722,0.0,0.2973541666666667,1,2014-01-01,1.0,0.0,2015,0.0
Ohio,2015-12-01,2932001.0,2015,2390721.0833333335,122.64086431663416,2296371,127.67976080520089,2015,34.0,99.0,0.3434343434343434,10.0,33.0,0.30303030303030304,-0.15656565656565657,0.0,-0.19696969696969696,0.0,0.45227083333333334,1,2014-01-01,1.0,0.0,2015,0.0
Oklahoma,2015-12-01,781927.0,2015,943915.9166666666,82.83862854662814,885167,88.33666415489958,2015,29.0,101.0,0.2871287128712871,8.0,48.0,0.16666666666666666,-0.2128712871287129,0.0,-0.33333333333333337,0.0,0.2993125,1,2021-07-01,0.0,0.0,2015,0.0
Oregon,2015-12-01,1044686.0,2015,828230.75,126.13465510668374,797451,131.00315881477357,2015,35.0,60.0,0.5833333333333334,18.0,30.0,0.6,0.08333333333333337,1.0,0.09999999999999998,1.0,0.509625,1,2014-01-01,1.0,0.0,2015,0.0
Pennsylvania,2015-12-01,2769810.0,2015,2344688.25,118.13126969011765,2259652,122.57683926551522,2015,83.0,203.0,0.4088669950738916,20.0,50.0,0.4,-0.09113300492610837,0.0,-0.09999999999999998,1.0,0.4863125,1,2015-01-01,1.0,0.0,2015,0.0
Rhode Island,2015-12-01,280350.0,2015,190008.25,147.5462249665475,188712,148.55971003433802,2015,63.0,75.0,0.84,32.0,38.0,0.8421052631578947,0.33999999999999997,1.0,0.3421052631578947,1.0,0.5634791666666668,1,2014-01-01,1.0,0.0,2015,0.0
South Carolina,2015-12-01,936141.0,2015,1107407.25,84.53448358767743,1124024,83.28478751343388,2015,46.0,124.0,0.3709677419354839,18.0,46.0,0.391304347826087,-0.12903225806451613,0.0,-0.10869565217391303,0.0,0.4124791666666667,0,,0.0,0.0,2015,0.0
South Dakota,2015-12-01,118295.0,2015,165548.75,71.4562930858735,166237,71.1604516443391,2015,12.0,70.0,0.17142857142857143,8.0,35.0,0.22857142857142856,-0.32857142857142857,0.0,-0.27142857142857146,0.0,0.3365625,1,2023-07-01,0.0,0.0,2015,0.0
Tennessee,2015-12-01,1564417.0,2015,1530485.9166666667,102.21701375777658,1514870,103.27070969786188,2015,26.0,99.0,0.26262626262626265,5.0,33.0,0.15151515151515152,-0.23737373737373735,0.0,-0.3484848484848485,0.0,0.3557708333333333,0,,0.0,0.0,2015,0.0
Texas,2015-12-01,4727969.0,2015,6397642.5,73.90173802302957,6299251,75.05605031455327,2015,50.0,150.0,0.3333333333333333,11.0,31.0,0.3548387096774194,-0.16666666666666669,0.0,-0.14516129032258063,0.0,0.4285625,0,,0.0,0.0,2015,0.0
Utah,2015-12-01,311057.0,2015,506238.0,61.44481449436826,456764,68.10015675491063,2015,12.0,75.0,0.16,5.0,29.0,0.1724137931034483,-0.33999999999999997,0.0,-0.3275862068965517,0.0,0.26827083333333335,1,2020-01-01,0.0,0.0,2015,0.0
Vermont,2015-12-01,191415.0,2015,107323.08333333333,178.35398877377267,96287,198.79630687424054,2015,85.0,150.0,0.5666666666666667,21.0,30.0,0.7,0.06666666666666665,1.0,0.19999999999999996,1.0,0.5855208333333334,1,2014-01-01,1.0,0.0,2015,0.0
Virginia,2015-12-01,955868.0,2015,1341445.6666666667,71.25655729130041,1298806,73.59590269832445,2015,32.0,100.0,0.32,19.0,40.0,0.475,-0.18,0.0,-0.025000000000000022,1.0,0.499125,1,2019-01-01,0.0,0.0,2015,0.0
Washington,2015-12-01,1779640.0,2015,1222294.1666666667,145.598338643248,1136840,156.5426973012913,2015,51.0,98.0,0.5204081632653061,24.0,49.0,0.4897959183673469,0.020408163265306145,1.0,-0.010204081632653073,1.0,0.5482708333333334,1,2014-01-01,1.0,0.0,2015,0.0
West Virginia,2015-12-01,548380.0,2015,471634.9166666667,116.27213775344241,462592,118.54506779192032,2015,36.0,100.0,0.36,16.0,34.0,0.47058823529411764,-0.14,0.0,-0.02941176470588236,1.0,0.2853125,1,2014-01-01,1.0,0.0,2015,0.0
Wisconsin,2015-12-01,1044478.0,2015,999739.5,104.4750157416007,951649,109.75454185314123,2015,36.0,99.0,0.36363636363636365,14.0,33.0,0.42424242424242425,-0.13636363636363635,0.0,-0.07575757575757575,0.0,0.4804375,0,,0.0,0.0,2015,0.0
Wyoming,2015-12-01,64508.0,2015,98777.91666666667,65.30609490144136,93266,69.16561233461283,2015,9.0,60.0,0.15,4.0,30.0,0.13333333333333333,-0.35,0.0,-0.3666666666666667,0.0,0.23429166666666668,0,,0.0,0.0,2015,0.0
Alabama,2016-01-01,896668.0,2016,1188895.0,75.42028522283296,1174119,76.36943103722876,2015,33.0,105.0,0.3142857142857143,8.0,35.0,0.22857142857142856,-0.18571428571428572,0.0,-0.27142857142857146,0.0,0.35033333333333333,0,,0.0,0.0,2016,0.0
Alaska,2016-01-01,142301.0,2016,109473.0,129.9873028052579,114607,124.16431806085144,2015,16.0,40.0,0.4,6.0,20.0,0.3,-0.09999999999999998,0.0,-0.2,0.0,0.38529166666666664,1,2015-09-01,1.0,0.0,2016,0.0
Arizona,2016-01-01,1670422.0,2016,1624192.0,102.84633836393726,1492698,111.90622617568992,2015,24.0,60.0,0.4,13.0,30.0,0.43333333333333335,-0.09999999999999998,0.0,-0.06666666666666665,0.0,0.44995833333333335,1,2014-01-01,1.0,0.0,2016,0.0
Arkansas,2016-01-01,850426.0,2016,770293.0,110.4029246014179,761746,111.64167583420195,2015,36.0,100.0,0.36,11.0,35.0,0.3142857142857143,-0.14,0.0,-0.18571428571428572,0.0,0.34225,1,2014-01-01,1.0,0.0,2016,0.0
California,2016-01-01,12259866.0,2016,8323447.0,147.29313468326285,7534254,162.7216974633454,2015,52.0,80.0,0.65,25.0,40.0,0.625,0.15000000000000002,1.0,0.125,1.0,0.6136666666666667,1,2014-01-01,1.0,0.0,2016,0.0
Colorado,2016-01-01,1336161.0,2016,922870.0,144.78323057418706,820836,162.7805067029224,2015,34.0,65.0,0.5230769230769231,17.0,35.0,0.4857142857142857,0.023076923076923106,1.0,-0.01428571428571429,1.0,0.4880833333333333,1,2014-01-01,1.0,0.0,2016,0.0
Connecticut,2016-01-01,756725.0,2016,505085.0,149.82131720403495,530145,142.73925058238783,2015,86.0,151.0,0.5695364238410596,20.0,36.0,0.5555555555555556,0.06953642384105962,1.0,0.05555555555555558,1.0,0.5525,1,2014-01-01,1.0,0.0,2016,0.0
Delaware,2016-01-01,243750.0,2016,155141.0,157.1151404206496,165961,146.87185543591568,2015,25.0,41.0,0.6097560975609756,12.0,21.0,0.5714285714285714,0.1097560975609756,1.0,0.0714285714285714,1.0,0.5426666666666666,1,2014-01-01,1.0,0.0,2016,0.0
Florida,2016-01-01,3576943.0,2016,4623154.0,77.37018926905745,4384883,81.57442285233152,2015,38.0,120.0,0.31666666666666665,14.0,40.0,0.35,-0.18333333333333335,0.0,-0.15000000000000002,0.0,0.4825833333333333,0,,0.0,0.0,2016,0.0
Georgia,2016-01-01,1786428.0,2016,2349971.0,76.01915087462781,2209726,80.84386933040567,2015,59.0,180.0,0.3277777777777778,18.0,56.0,0.32142857142857145,-0.17222222222222222,0.0,-0.17857142857142855,0.0,0.45416666666666666,0,,0.0,0.0,2016,0.0
Hawaii,2016-01-01,341274.0,2016,196316.0,173.8391165264166,185180,184.2931202073658,2015,44.0,51.0,0.8627450980392157,24.0,25.0,0.96,0.36274509803921573,1.0,0.45999999999999996,1.0,0.640375,1,2014-01-01,1.0,0.0,2016,0.0
Idaho,2016-01-01,282207.0,2016,365007.0,77.31550353828831,341618,82.6089374681662,2015,14.0,70.0,0.2,7.0,35.0,0.2,-0.3,0.0,-0.3,0.0,0.28579166666666667,1,2020-01-01,0.0,0.0,2016,0.0
Illinois,2016-01-01,3143856.0,2016,2404200.0,130.76516096830545,2253479,139.51121798783126,2015,71.0,118.0,0.6016949152542372,39.0,59.0,0.6610169491525424,0.10169491525423724,1.0,0.1610169491525424,0.0,0.5587916666666667,1,2014-01-01,1.0,0.0,2016,0.0
Indiana,2016-01-01,1450637.0,2016,1348363.0,107.58504942660099,1293314,112.16433132247855,2015,30.0,100.0,0.3,10.0,50.0,0.2,-0.2,0.0,-0.3,0.0,0.3919166666666667,1,2015-02-01,1.0,0.0,2016,1.0
Iowa,2016-01-01,605467.0,2016,538182.0,112.50227618166346,533922,113.39989736328529,2015,43.0,100.0,0.43,26.0,50.0,0.52,-0.07,0.0,0.020000000000000018,0.0,0.44025000000000003,1,2014-01-01,1.0,0.0,2016,0.0
Kansas,2016-01-01,398272.0,2016,541668.0,73.52695747210468,526814,75.60011692931471,2015,28.0,125.0,0.224,8.0,40.0,0.2,-0.276,0.0,-0.3,0.0,0.364375,0,,0.0,0.0,2016,0.0
Kentucky,2016-01-01,1182852.0,2016,1122970.0,105.33246658414738,1057085,111.89752952695385,2015,54.0,100.0,0.54,11.0,38.0,0.2894736842105263,0.040000000000000036,1.0,-0.21052631578947367,1.0,0.337625,1,2014-01-01,1.0,0.0,2016,0.0
Louisiana,2016-01-01,1074896.0,2016,1278970.0,84.04387905893024,1237143,86.88534793471733,2015,43.0,105.0,0.4095238095238095,13.0,39.0,0.3333333333333333,-0.09047619047619049,0.0,-0.16666666666666669,0.0,0.38879166666666665,1,2016-07-01,0.0,0.0,2016,0.0
Maine,2016-01-01,279528.0,2016,246275.0,113.50238554461475,231999,120.48672623588894,2015,78.0,151.0,0.5165562913907285,15.0,35.0,0.42857142857142855,0.01655629139072845,1.0,-0.07142857142857145,0.0,0.4953333333333333,1,2019-01-01,0.0,0.0,2016,0.0
Maryland,2016-01-01,1177043.0,2016,826904.0,142.3433675493165,793697,148.2987840447929,2015,90.0,141.0,0.6382978723404256,32.0,47.0,0.6808510638297872,0.13829787234042556,1.0,0.18085106382978722,0.0,0.60375,1,2014-01-01,1.0,0.0,2016,0.0
Massachusetts,2016-01-01,1682675.0,2016,978006.0,172.0516029554011,972871,172.95972436222274,2015,123.0,160.0,0.76875,34.0,40.0,0.85,0.26875000000000004,1.0,0.35,0.0,0.6016666666666667,1,2014-01-01,1.0,0.0,2016,0.0
Michigan,2016-01-01,2339419.0,2016,2112891.0,110.72123455492971,1999842,116.98019143512337,2015,47.0,110.0,0.42727272727272725,11.0,38.0,0.2894736842105263,-0.07272727272727275,0.0,-0.21052631578947367,0.0,0.4867916666666667,1,2014-04-01,1.0,0.0,2016,0.0
Minnesota,2016-01-01,1087569.0,2016,841124.0,129.29948497486697,814317,133.55597390205534,2015,62.0,134.0,0.4626865671641791,39.0,67.0,0.582089552238806,-0.03731343283582089,0.0,0.08208955223880599,1.0,0.47770833333333335,1,2014-01-01,1.0,0.0,2016,0.0
Mississippi,2016-01-01,700536.0,2016,855396.0,81.89610426048286,831252,84.27480475234947,2015,56.0,122.0,0.45901639344262296,20.0,52.0,0.38461538461538464,-0.04098360655737704,0.0,-0.11538461538461536,0.0,0.41225,0,,0.0,0.0,2016,0.0
Missouri,2016-01-01,951734.0,2016,1250052.0,76.13555276100514,1199818,79.32319735159832,2015,44.0,163.0,0.26993865030674846,9.0,34.0,0.2647058823529412,-0.23006134969325154,0.0,-0.23529411764705882,1.0,0.39508333333333334,1,2021-07-01,0.0,0.0,2016,0.0
Montana,2016-01-01,208754.0,2016,218593.0,95.49894095419342,210360,99.23654687202891,2015,41.0,100.0,0.41,21.0,50.0,0.42,-0.09000000000000002,0.0,-0.08000000000000002,1.0,0.3705,1,2016-01-01,1.0,0.0,2016,0.0
Nevada,2016-01-01,600855.0,2016,623485.0,96.37040185409433,595228,100.94535203317048,2015,17.0,42.0,0.40476190476190477,10.0,21.0,0.47619047619047616,-0.09523809523809523,0.0,-0.023809523809523836,0.0,0.486,1,2014-01-01,1.0,0.0,2016,0.0
New Hampshire,2016-01-01,191812.0,2016,149818.0,128.03000974515746,155659,123.22576914923005,2015,160.0,400.0,0.4,10.0,24.0,0.4166666666666667,-0.09999999999999998,0.0,-0.08333333333333331,1.0,0.48775,1,2014-08-15,1.0,0.0,2016,0.0
New Jersey,2016-01-01,1755259.0,2016,1371130.0,128.015505459001,1255020,139.85904607097893,2015,48.0,80.0,0.6,24.0,40.0,0.6,0.09999999999999998,1.0,0.09999999999999998,0.0,0.5564583333333334,1,2014-01-01,1.0,0.0,2016,0.0
New Mexico,2016-01-01,737850.0,2016,593367.0,124.3496857762565,585602,125.99854508693618,2015,33.0,70.0,0.4714285714285714,25.0,42.0,0.5952380952380952,-0.02857142857142858,0.0,0.09523809523809523,0.0,0.492,1,2014-01-01,1.0,0.0,2016,0.0
New York,2016-01-01,6446670.0,2016,4043350.0,159.43883166186455,3765183,171.2179726722446,2015,106.0,150.0,0.7066666666666667,31.0,63.0,0.49206349206349204,0.20666666666666667,1.0,-0.007936507936507964,1.0,0.598375,1,2014-01-01,1.0,0.0,2016,0.0
North Carolina,2016-01-01,2019528.0,2016,2304030.0,87.65198369812893,2153017,93.79990961520508,2015,45.0,120.0,0.375,15.0,50.0,0.3,-0.125,0.0,-0.2,0.0,0.4675416666666667,1,2023-12-01,0.0,0.0,2016,0.0
North Dakota,2016-01-01,89639.0,2016,118581.0,75.59305453656151,122160,73.37835625409299,2015,23.0,94.0,0.24468085106382978,15.0,47.0,0.3191489361702128,-0.25531914893617025,0.0,-0.18085106382978722,0.0,0.2949583333333333,1,2014-01-01,1.0,0.0,2016,0.0
Ohio,2016-01-01,2911402.0,2016,2385672.0,122.03697742187526,2296371,126.78273676161214,2015,34.0,99.0,0.3434343434343434,10.0,33.0,0.30303030303030304,-0.15656565656565657,0.0,-0.19696969696969696,0.0,0.45079166666666665,1,2014-01-01,1.0,0.0,2016,0.0
Oklahoma,2016-01-01,789536.0,2016,945405.0,83.51299178658881,885167,89.1962759569663,2015,29.0,101.0,0.2871287128712871,8.0,48.0,0.16666666666666666,-0.2128712871287129,0.0,-0.33333333333333337,0.0,0.298375,1,2021-07-01,0.0,0.0,2016,0.0
Oregon,2016-01-01,1064700.0,2016,823378.0,129.30877434179683,797451,133.51290549513385,2015,35.0,60.0,0.5833333333333334,18.0,30.0,0.6,0.08333333333333337,1.0,0.09999999999999998,1.0,0.50875,1,2014-01-01,1.0,0.0,2016,0.0
Pennsylvania,2016-01-01,2785001.0,2016,2341721.0,118.92966753938663,2259652,123.24911092504509,2015,83.0,203.0,0.4088669950738916,20.0,50.0,0.4,-0.09113300492610837,0.0,-0.09999999999999998,1.0,0.485375,1,2015-01-01,1.0,0.0,2016,0.0
Rhode Island,2016-01-01,279520.0,2016,188884.0,147.9850066707609,188712,148.11988638772308,2015,63.0,75.0,0.84,32.0,38.0,0.8421052631578947,0.33999999999999997,1.0,0.3421052631578947,1.0,0.5617083333333334,1,2014-01-01,1.0,0.0,2016,0.0
South Carolina,2016-01-01,939344.0,2016,1102080.0,85.23373983739837,1124024,83.56974584172579,2015,46.0,124.0,0.3709677419354839,18.0,46.0,0.391304347826087,-0.12903225806451613,0.0,-0.10869565217391303,0.0,0.41170833333333334,0,,0.0,0.0,2016,0.0
South Dakota,2016-01-01,118568.0,2016,164974.0,71.8707190223914,166237,71.3246750121814,2015,12.0,70.0,0.17142857142857143,8.0,35.0,0.22857142857142856,-0.32857142857142857,0.0,-0.27142857142857146,0.0,0.33487500000000003,1,2023-07-01,0.0,0.0,2016,0.0
Tennessee,2016-01-01,1580851.0,2016,1523963.0,103.73289902707612,1514870,104.35555526216771,2015,26.0,99.0,0.26262626262626265,5.0,33.0,0.15151515151515152,-0.23737373737373735,0.0,-0.3484848484848485,0.0,0.35479166666666667,0,,0.0,0.0,2016,0.0
Texas,2016-01-01,4733134.0,2016,6394633.0,74.01728918610341,6299251,75.1380441896981,2015,50.0,150.0,0.3333333333333333,11.0,31.0,0.3548387096774194,-0.16666666666666669,0.0,-0.14516129032258063,0.0,0.428875,0,,0.0,0.0,2016,0.0
Utah,2016-01-01,313733.0,2016,505457.0,62.069177002198,456764,68.68601728682646,2015,12.0,75.0,0.16,5.0,29.0,0.1724137931034483,-0.33999999999999997,0.0,-0.3275862068965517,0.0,0.2687916666666667,1,2020-01-01,0.0,0.0,2016,0.0
Vermont,2016-01-01,191441.0,2016,107659.0,177.82164055025592,96287,198.82330948103066,2015,85.0,150.0,0.5666666666666667,21.0,30.0,0.7,0.06666666666666665,1.0,0.19999999999999996,1.0,0.5832916666666668,1,2014-01-01,1.0,0.0,2016,0.0
Virginia,2016-01-01,976271.0,2016,1339722.0,72.871162823332,1298806,75.16680705201547,2015,32.0,100.0,0.32,19.0,40.0,0.475,-0.18,0.0,-0.025000000000000022,1.0,0.49875,1,2019-01-01,0.0,0.0,2016,0.0
Washington,2016-01-01,1781588.0,2016,1217343.0,146.35053555160707,1136840,156.714049470462,2015,51.0,98.0,0.5204081632653061,24.0,49.0,0.4897959183673469,0.020408163265306145,1.0,-0.010204081632653073,1.0,0.5477916666666667,1,2014-01-01,1.0,0.0,2016,0.0
West Virginia,2016-01-01,548197.0,2016,471838.0,116.18330867797846,462592,118.50550809352518,2015,36.0,100.0,0.36,16.0,34.0,0.47058823529411764,-0.14,0.0,-0.02941176470588236,1.0,0.28337500000000004,1,2014-01-01,1.0,0.0,2016,0.0
Wisconsin,2016-01-01,1045752.0,2016,997795.0,104.80629788684048,951649,109.88841474114932,2015,36.0,99.0,0.36363636363636365,14.0,33.0,0.42424242424242425,-0.13636363636363635,0.0,-0.07575757575757575,0.0,0.479125,0,,0.0,0.0,2016,0.0
Wyoming,2016-01-01,64130.0,2016,98912.0,64.83540925266904,93266,68.76031994510325,2015,9.0,60.0,0.15,4.0,30.0,0.13333333333333333,-0.35,0.0,-0.3666666666666667,0.0,0.23308333333333334,0,,0.0,0.0,2016,0.0
Alabama,2016-02-01,896454.0,2016,1188371.1666666667,75.43552259977136,1174119,76.35120460532535,2015,33.0,105.0,0.3142857142857143,8.0,35.0,0.22857142857142856,-0.18571428571428572,0.0,-0.27142857142857146,0.0,0.34950000000000003,0,,0.0,0.0,2016,0.0
Alaska,2016-02-01,146935.0,2016,110305.83333333333,133.20691713191354,114607,128.20770110028184,2015,16.0,40.0,0.4,6.0,20.0,0.3,-0.09999999999999998,0.0,-0.2,0.0,0.3845625,1,2015-09-01,1.0,0.0,2016,0.0
Arizona,2016-02-01,1682936.0,2016,1616593.0,104.103877723088,1492698,112.74457391917186,2015,24.0,60.0,0.4,13.0,30.0,0.43333333333333335,-0.09999999999999998,0.0,-0.06666666666666665,0.0,0.45006250000000003,1,2014-01-01,1.0,0.0,2016,0.0
Arkansas,2016-02-01,826136.0,2016,767565.3333333334,107.6307076574589,761746,108.45294888322354,2015,36.0,100.0,0.36,11.0,35.0,0.3142857142857143,-0.14,0.0,-0.18571428571428572,0.0,0.341625,1,2014-01-01,1.0,0.0,2016,0.0
California,2016-02-01,12161629.0,2016,8280618.25,146.8686109276925,7534254,161.4178258391607,2015,52.0,80.0,0.65,25.0,40.0,0.625,0.15000000000000002,1.0,0.125,1.0,0.614,1,2014-01-01,1.0,0.0,2016,0.0
Colorado,2016-02-01,1343076.0,2016,917560.4166666666,146.37466651832645,820836,163.62294051430493,2015,34.0,65.0,0.5230769230769231,17.0,35.0,0.4857142857142857,0.023076923076923106,1.0,-0.01428571428571429,1.0,0.487375,1,2014-01-01,1.0,0.0,2016,0.0
Connecticut,2016-02-01,762637.0,2016,504658.0,151.11957008508733,530145,143.85441718775053,2015,86.0,151.0,0.5695364238410596,20.0,36.0,0.5555555555555556,0.06953642384105962,1.0,0.05555555555555558,1.0,0.5517500000000001,1,2014-01-01,1.0,0.0,2016,0.0
Delaware,2016-02-01,247981.0,2016,157515.16666666666,157.43309374441193,165961,149.42124957068228,2015,25.0,41.0,0.6097560975609756,12.0,21.0,0.5714285714285714,0.1097560975609756,1.0,0.0714285714285714,1.0,0.5415,1,2014-01-01,1.0,0.0,2016,0.0
Florida,2016-02-01,3597720.0,2016,4611303.0,78.01959663027999,4384883,82.04825533543311,2015,38.0,120.0,0.31666666666666665,14.0,40.0,0.35,-0.18333333333333335,0.0,-0.15000000000000002,0.0,0.48212499999999997,0,,0.0,0.0,2016,0.0
Georgia,2016-02-01,1793029.0,2016,2345315.5,76.45150513864766,2209726,81.1425941496819,2015,59.0,180.0,0.3277777777777778,18.0,56.0,0.32142857142857145,-0.17222222222222222,0.0,-0.17857142857142855,0.0,0.45425000000000004,0,,0.0,0.0,2016,0.0
Hawaii,2016-02-01,343023.0,2016,195592.66666666666,175.3762070152596,185180,185.23760665298627,2015,44.0,51.0,0.8627450980392157,24.0,25.0,0.96,0.36274509803921573,1.0,0.45999999999999996,1.0,0.6384375,1,2014-01-01,1.0,0.0,2016,0.0
Idaho,2016-02-01,283580.0,2016,363329.8333333333,78.05029314502572,341618,83.01084837450017,2015,14.0,70.0,0.2,7.0,35.0,0.2,-0.3,0.0,-0.3,0.0,0.2848125,1,2020-01-01,0.0,0.0,2016,0.0
Illinois,2016-02-01,3145225.0,2016,2398939.3333333335,131.10898455400707,2253479,139.57196849848611,2015,71.0,118.0,0.6016949152542372,39.0,59.0,0.6610169491525424,0.10169491525423724,1.0,0.1610169491525424,0.0,0.5583125,1,2014-01-01,1.0,0.0,2016,0.0
Indiana,2016-02-01,1454790.0,2016,1344979.9166666667,108.16444037361399,1293314,112.4854443700447,2015,30.0,100.0,0.3,10.0,50.0,0.2,-0.2,0.0,-0.3,0.0,0.390625,1,2015-02-01,1.0,0.0,2016,1.0
Iowa,2016-02-01,614294.0,2016,536175.25,114.5696299857183,533922,115.05313510213102,2015,43.0,100.0,0.43,26.0,50.0,0.52,-0.07,0.0,0.020000000000000018,0.0,0.438125,1,2014-01-01,1.0,0.0,2016,0.0
Kansas,2016-02-01,397800.0,2016,540475.25,73.60189018831113,526814,75.51052174012081,2015,28.0,125.0,0.224,8.0,40.0,0.2,-0.276,0.0,-0.3,0.0,0.36393749999999997,0,,0.0,0.0,2016,0.0
Kentucky,2016-02-01,1189416.0,2016,1118617.0,106.32915466151506,1057085,112.51848243045734,2015,54.0,100.0,0.54,11.0,38.0,0.2894736842105263,0.040000000000000036,1.0,-0.21052631578947367,1.0,0.3365625,1,2014-01-01,1.0,0.0,2016,0.0
Louisiana,2016-02-01,1072660.0,2016,1279853.1666666667,83.81117677691932,1237143,86.70460892556478,2015,43.0,105.0,0.4095238095238095,13.0,39.0,0.3333333333333333,-0.09047619047619049,0.0,-0.16666666666666669,0.0,0.3883125,1,2016-07-01,0.0,0.0,2016,0.0
Maine,2016-02-01,276302.0,2016,245249.91666666666,112.66140423425222,231999,119.096203000875,2015,78.0,151.0,0.5165562913907285,15.0,35.0,0.42857142857142855,0.01655629139072845,1.0,-0.07142857142857145,0.0,0.49349999999999994,1,2019-01-01,0.0,0.0,2016,0.0
Maryland,2016-02-01,1184724.0,2016,826598.25,143.3252489949017,793697,149.26653370240786,2015,90.0,141.0,0.6382978723404256,32.0,47.0,0.6808510638297872,0.13829787234042556,1.0,0.18085106382978722,0.0,0.603375,1,2014-01-01,1.0,0.0,2016,0.0
Massachusetts,2016-02-01,1688738.0,2016,980070.6666666666,172.30777916694444,972871,173.5829313444434,2015,123.0,160.0,0.76875,34.0,40.0,0.85,0.26875000000000004,1.0,0.35,0.0,0.6014999999999999,1,2014-01-01,1.0,0.0,2016,0.0
Michigan,2016-02-01,2336333.0,2016,2105701.5833333335,110.9527113667064,1999842,116.82587924446031,2015,47.0,110.0,0.42727272727272725,11.0,38.0,0.2894736842105263,-0.07272727272727275,0.0,-0.21052631578947367,0.0,0.4853125,1,2014-04-01,1.0,0.0,2016,0.0
Minnesota,2016-02-01,1040116.0,2016,837650.0833333334,124.17070333963038,814317,127.72863639098779,2015,62.0,134.0,0.4626865671641791,39.0,67.0,0.582089552238806,-0.03731343283582089,0.0,0.08208955223880599,1.0,0.4764375,1,2014-01-01,1.0,0.0,2016,0.0
Mississippi,2016-02-01,702715.0,2016,853048.9166666666,82.3768703377405,831252,84.53693945999528,2015,56.0,122.0,0.45901639344262296,20.0,52.0,0.38461538461538464,-0.04098360655737704,0.0,-0.11538461538461536,0.0,0.411625,0,,0.0,0.0,2016,0.0
Missouri,2016-02-01,956583.0,2016,1247473.25,76.68164427573898,1199818,79.72734198020032,2015,44.0,163.0,0.26993865030674846,9.0,34.0,0.2647058823529412,-0.23006134969325154,0.0,-0.23529411764705882,1.0,0.39387500000000003,1,2021-07-01,0.0,0.0,2016,0.0
Montana,2016-02-01,225403.0,2016,217291.16666666666,103.73316295262809,210360,107.15107434873549,2015,41.0,100.0,0.41,21.0,50.0,0.42,-0.09000000000000002,0.0,-0.08000000000000002,1.0,0.36924999999999997,1,2016-01-01,1.0,0.0,2016,0.0
Nevada,2016-02-01,607623.0,2016,620498.3333333334,97.92500114155557,595228,102.08239531742458,2015,17.0,42.0,0.40476190476190477,10.0,21.0,0.47619047619047616,-0.09523809523809523,0.0,-0.023809523809523836,0.0,0.485,1,2014-01-01,1.0,0.0,2016,0.0
New Hampshire,2016-02-01,191824.0,2016,150513.16666666666,127.44665749065143,155659,123.23347830835351,2015,160.0,400.0,0.4,10.0,24.0,0.4166666666666667,-0.09999999999999998,0.0,-0.08333333333333331,1.0,0.486875,1,2014-08-15,1.0,0.0,2016,0.0
New Jersey,2016-02-01,1766320.0,2016,1365637.75,129.34030272669307,1255020,140.74038660738475,2015,48.0,80.0,0.6,24.0,40.0,0.6,0.09999999999999998,1.0,0.09999999999999998,0.0,0.5558125,1,2014-01-01,1.0,0.0,2016,0.0
New Mexico,2016-02-01,760940.0,2016,591961.5833333334,128.5455038678608,585602,129.94149610144774,2015,33.0,70.0,0.4714285714285714,25.0,42.0,0.5952380952380952,-0.02857142857142858,0.0,0.09523809523809523,0.0,0.491,1,2014-01-01,1.0,0.0,2016,0.0
New York,2016-02-01,6448003.0,2016,4037403.1666666665,159.70669100464286,3765183,171.25337599792627,2015,106.0,150.0,0.7066666666666667,31.0,63.0,0.49206349206349204,0.20666666666666667,1.0,-0.007936507936507964,1.0,0.5974375,1,2014-01-01,1.0,0.0,2016,0.0
North Carolina,2016-02-01,2041623.0,2016,2297174.1666666665,88.87541178310019,2153017,94.82614396449262,2015,45.0,120.0,0.375,15.0,50.0,0.3,-0.125,0.0,-0.2,0.0,0.46718750000000003,1,2023-12-01,0.0,0.0,2016,0.0
North Dakota,2016-02-01,85790.0,2016,118347.25,72.49006630910309,122160,70.22757039947611,2015,23.0,94.0,0.24468085106382978,15.0,47.0,0.3191489361702128,-0.25531914893617025,0.0,-0.18085106382978722,0.0,0.2925625,1,2014-01-01,1.0,0.0,2016,0.0
Ohio,2016-02-01,2981675.0,2016,2378914.4166666665,125.33763211952456,2296371,129.84291301362018,2015,34.0,99.0,0.3434343434343434,10.0,33.0,0.30303030303030304,-0.15656565656565657,0.0,-0.19696969696969696,0.0,0.4493125,1,2014-01-01,1.0,0.0,2016,0.0
Oklahoma,2016-02-01,787721.0,2016,943499.5833333334,83.48927905373567,885167,88.99122990350973,2015,29.0,101.0,0.2871287128712871,8.0,48.0,0.16666666666666666,-0.2128712871287129,0.0,-0.33333333333333337,0.0,0.29743749999999997,1,2021-07-01,0.0,0.0,2016,0.0
Oregon,2016-02-01,1077965.0,2016,822394.8333333334,131.0763341776831,797451,135.1763305833211,2015,35.0,60.0,0.5833333333333334,18.0,30.0,0.6,0.08333333333333337,1.0,0.09999999999999998,1.0,0.507875,1,2014-01-01,1.0,0.0,2016,0.0
Pennsylvania,2016-02-01,2802826.0,2016,2336168.5833333335,119.97533140355915,2259652,124.03794920633797,2015,83.0,203.0,0.4088669950738916,20.0,50.0,0.4,-0.09113300492610837,0.0,-0.09999999999999998,1.0,0.48443749999999997,1,2015-01-01,1.0,0.0,2016,0.0
Rhode Island,2016-02-01,280996.0,2016,187850.75,149.58471020211525,188712,148.90203060748655,2015,63.0,75.0,0.84,32.0,38.0,0.8421052631578947,0.33999999999999997,1.0,0.3421052631578947,1.0,0.5599375,1,2014-01-01,1.0,0.0,2016,0.0
South Carolina,2016-02-01,948482.0,2016,1105603.25,85.78864072622797,1124024,84.38271780673722,2015,46.0,124.0,0.3709677419354839,18.0,46.0,0.391304347826087,-0.12903225806451613,0.0,-0.10869565217391303,0.0,0.4109375,0,,0.0,0.0,2016,0.0
South Dakota,2016-02-01,118983.0,2016,164583.25,72.29350495873669,166237,71.57431859333362,2015,12.0,70.0,0.17142857142857143,8.0,35.0,0.22857142857142856,-0.32857142857142857,0.0,-0.27142857142857146,0.0,0.3331875,1,2023-07-01,0.0,0.0,2016,0.0
Tennessee,2016-02-01,1593218.0,2016,1521281.5833333333,104.72867202592727,1514870,105.17192894439786,2015,26.0,99.0,0.26262626262626265,5.0,33.0,0.15151515151515152,-0.23737373737373735,0.0,-0.3484848484848485,0.0,0.3538125,0,,0.0,0.0,2016,0.0
Texas,2016-02-01,4745751.0,2016,6382856.333333333,74.35152464917874,6299251,75.33833784365792,2015,50.0,150.0,0.3333333333333333,11.0,31.0,0.3548387096774194,-0.16666666666666669,0.0,-0.14516129032258063,0.0,0.4291875,0,,0.0,0.0,2016,0.0
Utah,2016-02-01,314980.0,2016,502820.6666666667,62.64261214402483,456764,68.9590247917962,2015,12.0,75.0,0.16,5.0,29.0,0.1724137931034483,-0.33999999999999997,0.0,-0.3275862068965517,0.0,0.2693125,1,2020-01-01,0.0,0.0,2016,0.0
Vermont,2016-02-01,192723.0,2016,107461.58333333333,179.34129948764635,96287,200.15474570814337,2015,85.0,150.0,0.5666666666666667,21.0,30.0,0.7,0.06666666666666665,1.0,0.19999999999999996,1.0,0.5810625,1,2014-01-01,1.0,0.0,2016,0.0
Virginia,2016-02-01,982470.0,2016,1337487.75,73.45637371258167,1298806,75.64409157333736,2015,32.0,100.0,0.32,19.0,40.0,0.475,-0.18,0.0,-0.025000000000000022,1.0,0.498375,1,2019-01-01,0.0,0.0,2016,0.0
Washington,2016-02-01,1780807.0,2016,1215198.75,146.54450557984856,1136840,156.64535026916718,2015,51.0,98.0,0.5204081632653061,24.0,49.0,0.4897959183673469,0.020408163265306145,1.0,-0.010204081632653073,1.0,0.5473125,1,2014-01-01,1.0,0.0,2016,0.0
West Virginia,2016-02-01,553046.0,2016,472273.0,117.10303150931772,462592,119.55373201438849,2015,36.0,100.0,0.36,16.0,34.0,0.47058823529411764,-0.14,0.0,-0.02941176470588236,1.0,0.2814375,1,2014-01-01,1.0,0.0,2016,0.0
Wisconsin,2016-02-01,1050694.0,2016,996068.3333333334,105.48412843161697,951649,110.40772385616965,2015,36.0,99.0,0.36363636363636365,14.0,33.0,0.42424242424242425,-0.13636363636363635,0.0,-0.07575757575757575,0.0,0.47781250000000003,0,,0.0,0.0,2016,0.0
Wyoming,2016-02-01,63866.0,2016,98562.33333333333,64.79757310940285,93266,68.47725859369974,2015,9.0,60.0,0.15,4.0,30.0,0.13333333333333333,-0.35,0.0,-0.3666666666666667,0.0,0.231875,0,,0.0,0.0,2016,0.0
Alabama,2016-03-01,897511.0,2016,1187847.3333333333,75.5577736981913,1174119,76.44122955168939,2015,33.0,105.0,0.3142857142857143,8.0,35.0,0.22857142857142856,-0.18571428571428572,0.0,-0.27142857142857146,0.0,0.3486666666666667,0,,0.0,0.0,2016,0.0
Alaska,2016-03-01,152314.0,2016,111138.66666666667,137.04861194423782,114607,132.90113169352657,2015,16.0,40.0,0.4,6.0,20.0,0.3,-0.09999999999999998,0.0,-0.2,0.0,0.38383333333333336,1,2015-09-01,1.0,0.0,2016,0.0
Arizona,2016-03-01,1675407.0,2016,1608994.0,104.12761017132443,1492698,112.24018522165903,2015,24.0,60.0,0.4,13.0,30.0,0.43333333333333335,-0.09999999999999998,0.0,-0.06666666666666665,0.0,0.45016666666666666,1,2014-01-01,1.0,0.0,2016,0.0
Arkansas,2016-03-01,842433.0,2016,764837.6666666666,110.14533367211257,761746,110.59237593633573,2015,36.0,100.0,0.36,11.0,35.0,0.3142857142857143,-0.14,0.0,-0.18571428571428572,0.0,0.341,1,2014-01-01,1.0,0.0,2016,0.0
California,2016-03-01,11869623.0,2016,8237789.5,144.08747637943407,7534254,157.54211365849892,2015,52.0,80.0,0.65,25.0,40.0,0.625,0.15000000000000002,1.0,0.125,1.0,0.6143333333333333,1,2014-01-01,1.0,0.0,2016,0.0
Colorado,2016-03-01,1351234.0,2016,912250.8333333334,148.12088415010126,820836,164.61680530581017,2015,34.0,65.0,0.5230769230769231,17.0,35.0,0.4857142857142857,0.023076923076923106,1.0,-0.01428571428571429,1.0,0.48666666666666664,1,2014-01-01,1.0,0.0,2016,0.0
Connecticut,2016-03-01,764590.0,2016,504231.0,151.63486576588906,530145,144.222806967905,2015,86.0,151.0,0.5695364238410596,20.0,36.0,0.5555555555555556,0.06953642384105962,1.0,0.05555555555555558,1.0,0.551,1,2014-01-01,1.0,0.0,2016,0.0
Delaware,2016-03-01,251851.0,2016,159889.33333333334,157.51582344454914,165961,151.75312272160326,2015,25.0,41.0,0.6097560975609756,12.0,21.0,0.5714285714285714,0.1097560975609756,1.0,0.0714285714285714,1.0,0.5403333333333333,1,2014-01-01,1.0,0.0,2016,0.0
Florida,2016-03-01,3595860.0,2016,4599452.0,78.18018320443392,4384883,82.0058368718162,2015,38.0,120.0,0.31666666666666665,14.0,40.0,0.35,-0.18333333333333335,0.0,-0.15000000000000002,0.0,0.48166666666666663,0,,0.0,0.0,2016,0.0
Georgia,2016-03-01,1795069.0,2016,2340660.0,76.69071971153436,2209726,81.2349132878918,2015,59.0,180.0,0.3277777777777778,18.0,56.0,0.32142857142857145,-0.17222222222222222,0.0,-0.17857142857142855,0.0,0.45433333333333337,0,,0.0,0.0,2016,0.0
Hawaii,2016-03-01,341802.0,2016,194869.33333333334,175.4006103234988,185180,184.57824819094935,2015,44.0,51.0,0.8627450980392157,24.0,25.0,0.96,0.36274509803921573,1.0,0.45999999999999996,1.0,0.6365,1,2014-01-01,1.0,0.0,2016,0.0
Idaho,2016-03-01,285384.0,2016,361652.6666666667,78.91107305536251,341618,83.53892359301909,2015,14.0,70.0,0.2,7.0,35.0,0.2,-0.3,0.0,-0.3,0.0,0.2838333333333334,1,2020-01-01,0.0,0.0,2016,0.0
Illinois,2016-03-01,3150343.0,2016,2393678.6666666665,131.61094025987336,2253479,139.79908399412642,2015,71.0,118.0,0.6016949152542372,39.0,59.0,0.6610169491525424,0.10169491525423724,1.0,0.1610169491525424,0.0,0.5578333333333334,1,2014-01-01,1.0,0.0,2016,0.0
Indiana,2016-03-01,1469462.0,2016,1341596.8333333333,109.53081905753852,1293314,113.61989431800785,2015,30.0,100.0,0.3,10.0,50.0,0.2,-0.2,0.0,-0.3,0.0,0.3893333333333333,1,2015-02-01,1.0,0.0,2016,1.0
Iowa,2016-03-01,619917.0,2016,534168.5,116.05270621536089,533922,116.10628518772405,2015,43.0,100.0,0.43,26.0,50.0,0.52,-0.07,0.0,0.020000000000000018,0.0,0.436,1,2014-01-01,1.0,0.0,2016,0.0
Kansas,2016-03-01,405108.0,2016,539282.5,75.11981197238924,526814,76.89772861009769,2015,28.0,125.0,0.224,8.0,40.0,0.2,-0.276,0.0,-0.3,0.0,0.3635,0,,0.0,0.0,2016,0.0
Kentucky,2016-03-01,1187773.0,2016,1114264.0,106.59709009714035,1057085,112.36305500503745,2015,54.0,100.0,0.54,11.0,38.0,0.2894736842105263,0.040000000000000036,1.0,-0.21052631578947367,1.0,0.3355,1,2014-01-01,1.0,0.0,2016,0.0
Louisiana,2016-03-01,1069499.0,2016,1280736.3333333333,83.50657134997081,1237143,86.44910087192831,2015,43.0,105.0,0.4095238095238095,13.0,39.0,0.3333333333333333,-0.09047619047619049,0.0,-0.16666666666666669,0.0,0.38783333333333336,1,2016-07-01,0.0,0.0,2016,0.0
Maine,2016-03-01,279215.0,2016,244224.83333333334,114.32703062546874,231999,120.35181186125803,2015,78.0,151.0,0.5165562913907285,15.0,35.0,0.42857142857142855,0.01655629139072845,1.0,-0.07142857142857145,0.0,0.49166666666666664,1,2019-01-01,0.0,0.0,2016,0.0
Maryland,2016-03-01,1202264.0,2016,826292.5,145.50101810194332,793697,151.4764450413697,2015,90.0,141.0,0.6382978723404256,32.0,47.0,0.6808510638297872,0.13829787234042556,1.0,0.18085106382978722,0.0,0.603,1,2014-01-01,1.0,0.0,2016,0.0
Massachusetts,2016-03-01,1653273.0,2016,982135.3333333334,168.33454045369172,972871,169.93753539780712,2015,123.0,160.0,0.76875,34.0,40.0,0.85,0.26875000000000004,1.0,0.35,0.0,0.6013333333333333,1,2014-01-01,1.0,0.0,2016,0.0
Michigan,2016-03-01,2336615.0,2016,2098512.1666666665,111.34626890019621,1999842,116.83998035844832,2015,47.0,110.0,0.42727272727272725,11.0,38.0,0.2894736842105263,-0.07272727272727275,0.0,-0.21052631578947367,0.0,0.48383333333333334,1,2014-04-01,1.0,0.0,2016,0.0
Minnesota,2016-03-01,1042228.0,2016,834176.1666666666,124.9409946779827,814317,127.98799484721553,2015,62.0,134.0,0.4626865671641791,39.0,67.0,0.582089552238806,-0.03731343283582089,0.0,0.08208955223880599,1.0,0.4751666666666667,1,2014-01-01,1.0,0.0,2016,0.0
Mississippi,2016-03-01,703067.0,2016,850701.8333333334,82.64552542988525,831252,84.5792852227724,2015,56.0,122.0,0.45901639344262296,20.0,52.0,0.38461538461538464,-0.04098360655737704,0.0,-0.11538461538461536,0.0,0.41100000000000003,0,,0.0,0.0,2016,0.0
Missouri,2016-03-01,952532.0,2016,1244894.5,76.5150781853402,1199818,79.38970743896158,2015,44.0,163.0,0.26993865030674846,9.0,34.0,0.2647058823529412,-0.23006134969325154,0.0,-0.23529411764705882,1.0,0.39266666666666666,1,2021-07-01,0.0,0.0,2016,0.0
Montana,2016-03-01,229685.0,2016,215989.33333333334,106.3408995505951,210360,109.18663243962729,2015,41.0,100.0,0.41,21.0,50.0,0.42,-0.09000000000000002,0.0,-0.08000000000000002,1.0,0.368,1,2016-01-01,1.0,0.0,2016,0.0
Nevada,2016-03-01,608719.0,2016,617511.6666666666,98.57611327181404,595228,102.26652644028842,2015,17.0,42.0,0.40476190476190477,10.0,21.0,0.47619047619047616,-0.09523809523809523,0.0,-0.023809523809523836,0.0,0.484,1,2014-01-01,1.0,0.0,2016,0.0
New Hampshire,2016-03-01,191528.0,2016,151208.33333333334,126.66497657756956,155659,123.04331904997463,2015,160.0,400.0,0.4,10.0,24.0,0.4166666666666667,-0.09999999999999998,0.0,-0.08333333333333331,1.0,0.486,1,2014-08-15,1.0,0.0,2016,0.0
New Jersey,2016-03-01,1768366.0,2016,1360145.5,130.01300228541726,1255020,140.90341189781836,2015,48.0,80.0,0.6,24.0,40.0,0.6,0.09999999999999998,1.0,0.09999999999999998,0.0,0.5551666666666667,1,2014-01-01,1.0,0.0,2016,0.0
New Mexico,2016-03-01,750736.0,2016,590556.1666666666,127.12355612802281,585602,128.19901571374416,2015,33.0,70.0,0.4714285714285714,25.0,42.0,0.5952380952380952,-0.02857142857142858,0.0,0.09523809523809523,0.0,0.49,1,2014-01-01,1.0,0.0,2016,0.0
New York,2016-03-01,6428934.0,2016,4031456.3333333335,159.46927036871458,3765183,170.74691987082699,2015,106.0,150.0,0.7066666666666667,31.0,63.0,0.49206349206349204,0.20666666666666667,1.0,-0.007936507936507964,1.0,0.5965,1,2014-01-01,1.0,0.0,2016,0.0
North Carolina,2016-03-01,2040328.0,2016,2290318.3333333335,89.08490886638029,2153017,94.76599580960114,2015,45.0,120.0,0.375,15.0,50.0,0.3,-0.125,0.0,-0.2,0.0,0.4668333333333333,1,2023-12-01,0.0,0.0,2016,0.0
North Dakota,2016-03-01,84313.0,2016,118113.5,71.3830341154906,122160,69.01850032743943,2015,23.0,94.0,0.24468085106382978,15.0,47.0,0.3191489361702128,-0.25531914893617025,0.0,-0.18085106382978722,0.0,0.2901666666666667,1,2014-01-01,1.0,0.0,2016,0.0
Ohio,2016-03-01,2995514.0,2016,2372156.8333333335,126.27807562751786,2296371,130.4455595372002,2015,34.0,99.0,0.3434343434343434,10.0,33.0,0.30303030303030304,-0.15656565656565657,0.0,-0.19696969696969696,0.0,0.4478333333333333,1,2014-01-01,1.0,0.0,2016,0.0
Oklahoma,2016-03-01,780157.0,2016,941594.1666666666,82.8549100682973,885167,88.13670188789234,2015,29.0,101.0,0.2871287128712871,8.0,48.0,0.16666666666666666,-0.2128712871287129,0.0,-0.33333333333333337,0.0,0.2965,1,2021-07-01,0.0,0.0,2016,0.0
Oregon,2016-03-01,1091630.0,2016,821411.6666666666,132.89682193459635,797451,136.88991549324035,2015,35.0,60.0,0.5833333333333334,18.0,30.0,0.6,0.08333333333333337,1.0,0.09999999999999998,1.0,0.507,1,2014-01-01,1.0,0.0,2016,0.0
Pennsylvania,2016-03-01,2832265.0,2016,2330616.1666666665,121.52430076252368,2259652,125.3407604356777,2015,83.0,203.0,0.4088669950738916,20.0,50.0,0.4,-0.09113300492610837,0.0,-0.09999999999999998,1.0,0.4835,1,2015-01-01,1.0,0.0,2016,0.0
Rhode Island,2016-03-01,283133.0,2016,186817.5,151.55593025278682,188712,150.03444402051804,2015,63.0,75.0,0.84,32.0,38.0,0.8421052631578947,0.33999999999999997,1.0,0.3421052631578947,1.0,0.5581666666666667,1,2014-01-01,1.0,0.0,2016,0.0
South Carolina,2016-03-01,958933.0,2016,1109126.5,86.45839766699291,1124024,85.3125022241518,2015,46.0,124.0,0.3709677419354839,18.0,46.0,0.391304347826087,-0.12903225806451613,0.0,-0.10869565217391303,0.0,0.4101666666666667,0,,0.0,0.0,2016,0.0
South Dakota,2016-03-01,119140.0,2016,164192.5,72.56117057721882,166237,71.66876206861288,2015,12.0,70.0,0.17142857142857143,8.0,35.0,0.22857142857142856,-0.32857142857142857,0.0,-0.27142857142857146,0.0,0.3315,1,2023-07-01,0.0,0.0,2016,0.0
Tennessee,2016-03-01,1602840.0,2016,1518600.1666666667,105.5472029558801,1514870,105.80709895898659,2015,26.0,99.0,0.26262626262626265,5.0,33.0,0.15151515151515152,-0.23737373737373735,0.0,-0.3484848484848485,0.0,0.35283333333333333,0,,0.0,0.0,2016,0.0
Texas,2016-03-01,4746502.0,2016,6371079.666666667,74.5007478847515,6299251,75.35025989597811,2015,50.0,150.0,0.3333333333333333,11.0,31.0,0.3548387096774194,-0.16666666666666669,0.0,-0.14516129032258063,0.0,0.4295,0,,0.0,0.0,2016,0.0
Utah,2016-03-01,316382.0,2016,500184.3333333333,63.25308069758283,456764,69.26596666987767,2015,12.0,75.0,0.16,5.0,29.0,0.1724137931034483,-0.33999999999999997,0.0,-0.3275862068965517,0.0,0.26983333333333337,1,2020-01-01,0.0,0.0,2016,0.0
Vermont,2016-03-01,192719.0,2016,107264.16666666667,179.66764296868323,96287,200.1505914609449,2015,85.0,150.0,0.5666666666666667,21.0,30.0,0.7,0.06666666666666665,1.0,0.19999999999999996,1.0,0.5788333333333334,1,2014-01-01,1.0,0.0,2016,0.0
Virginia,2016-03-01,985672.0,2016,1335253.5,73.81909128116871,1298806,75.89062569775624,2015,32.0,100.0,0.32,19.0,40.0,0.475,-0.18,0.0,-0.025000000000000022,1.0,0.498,1,2019-01-01,0.0,0.0,2016,0.0
Washington,2016-03-01,1780401.0,2016,1213054.5,146.77007504609233,1136840,156.60963724006896,2015,51.0,98.0,0.5204081632653061,24.0,49.0,0.4897959183673469,0.020408163265306145,1.0,-0.010204081632653073,1.0,0.5468333333333334,1,2014-01-01,1.0,0.0,2016,0.0
West Virginia,2016-03-01,556843.0,2016,472708.0,117.79851409326687,462592,120.37454171278361,2015,36.0,100.0,0.36,16.0,34.0,0.47058823529411764,-0.14,0.0,-0.02941176470588236,1.0,0.2795,1,2014-01-01,1.0,0.0,2016,0.0
Wisconsin,2016-03-01,1054411.0,2016,994341.6666666666,106.04111598126065,951649,110.79830904041302,2015,36.0,99.0,0.36363636363636365,14.0,33.0,0.42424242424242425,-0.13636363636363635,0.0,-0.07575757575757575,0.0,0.47650000000000003,0,,0.0,0.0,2016,0.0
Wyoming,2016-03-01,63648.0,2016,98212.66666666667,64.80630468574998,93266,68.24351853837412,2015,9.0,60.0,0.15,4.0,30.0,0.13333333333333333,-0.35,0.0,-0.3666666666666667,0.0,0.2306666666666667,0,,0.0,0.0,2016,0.0
Alabama,2016-04-01,899890.0,2016,1187323.5,75.79147553299501,1174119,76.64384955869039,2015,33.0,105.0,0.3142857142857143,8.0,35.0,0.22857142857142856,-0.18571428571428572,0.0,-0.27142857142857146,0.0,0.3478333333333333,0,,0.0,0.0,2016,0.0
Alaska,2016-04-01,155700.0,2016,111971.5,139.0532412265621,114607,135.85557601193645,2015,16.0,40.0,0.4,6.0,20.0,0.3,-0.09999999999999998,0.0,-0.2,0.0,0.3831041666666667,1,2015-09-01,1.0,0.0,2016,0.0
Arizona,2016-04-01,1668030.0,2016,1601395.0,104.16105957618203,1492698,111.7459794278548,2015,24.0,60.0,0.4,13.0,30.0,0.43333333333333335,-0.09999999999999998,0.0,-0.06666666666666665,0.0,0.45027083333333334,1,2014-01-01,1.0,0.0,2016,0.0
Arkansas,2016-04-01,826082.0,2016,762110.0,108.39406384905065,761746,108.44585990605793,2015,36.0,100.0,0.36,11.0,35.0,0.3142857142857143,-0.14,0.0,-0.18571428571428572,0.0,0.34037500000000004,1,2014-01-01,1.0,0.0,2016,0.0
California,2016-04-01,12179766.0,2016,8194960.75,148.62506815545152,7534254,161.65855305648046,2015,52.0,80.0,0.65,25.0,40.0,0.625,0.15000000000000002,1.0,0.125,1.0,0.6146666666666667,1,2014-01-01,1.0,0.0,2016,0.0
Colorado,2016-04-01,1356998.0,2016,906941.25,149.62358366652745,820836,165.31901622248537,2015,34.0,65.0,0.5230769230769231,17.0,35.0,0.4857142857142857,0.023076923076923106,1.0,-0.01428571428571429,1.0,0.4859583333333333,1,2014-01-01,1.0,0.0,2016,0.0
Connecticut,2016-04-01,770176.0,2016,503804.0,152.87214869274558,530145,145.27648096275547,2015,86.0,151.0,0.5695364238410596,20.0,36.0,0.5555555555555556,0.06953642384105962,1.0,0.05555555555555558,1.0,0.55025,1,2014-01-01,1.0,0.0,2016,0.0
Delaware,2016-04-01,237729.0,2016,162263.5,146.50799471230437,165961,143.2438946499479,2015,25.0,41.0,0.6097560975609756,12.0,21.0,0.5714285714285714,0.1097560975609756,1.0,0.0714285714285714,1.0,0.5391666666666667,1,2014-01-01,1.0,0.0,2016,0.0
Florida,2016-04-01,3591512.0,2016,4587601.0,78.28736631629472,4384883,81.90667801170521,2015,38.0,120.0,0.31666666666666665,14.0,40.0,0.35,-0.18333333333333335,0.0,-0.15000000000000002,0.0,0.4812083333333333,0,,0.0,0.0,2016,0.0
Georgia,2016-04-01,1792266.0,2016,2336004.5,76.72356795545556,2209726,81.10806498181222,2015,59.0,180.0,0.3277777777777778,18.0,56.0,0.32142857142857145,-0.17222222222222222,0.0,-0.17857142857142855,0.0,0.4544166666666667,0,,0.0,0.0,2016,0.0
Hawaii,2016-04-01,343521.0,2016,194146.0,176.93951974287393,185180,185.50653418295713,2015,44.0,51.0,0.8627450980392157,24.0,25.0,0.96,0.36274509803921573,1.0,0.45999999999999996,1.0,0.6345625,1,2014-01-01,1.0,0.0,2016,0.0
Idaho,2016-04-01,286760.0,2016,359975.5,79.66097692759647,341618,83.9417126732198,2015,14.0,70.0,0.2,7.0,35.0,0.2,-0.3,0.0,-0.3,0.0,0.2828541666666667,1,2020-01-01,0.0,0.0,2016,0.0
Illinois,2016-04-01,3135327.0,2016,2388418.0,131.2721223839378,2253479,139.13273653759367,2015,71.0,118.0,0.6016949152542372,39.0,59.0,0.6610169491525424,0.10169491525423724,1.0,0.1610169491525424,0.0,0.5573541666666667,1,2014-01-01,1.0,0.0,2016,0.0
Indiana,2016-04-01,1472831.0,2016,1338213.75,110.0594729354709,1293314,113.88038790270576,2015,30.0,100.0,0.3,10.0,50.0,0.2,-0.2,0.0,-0.3,0.0,0.3880416666666667,1,2015-02-01,1.0,0.0,2016,1.0
Iowa,2016-04-01,617029.0,2016,532161.75,115.94764185888971,533922,115.56538220938639,2015,43.0,100.0,0.43,26.0,50.0,0.52,-0.07,0.0,0.020000000000000018,0.0,0.433875,1,2014-01-01,1.0,0.0,2016,0.0
Kansas,2016-04-01,411107.0,2016,538089.75,76.40119515378242,526814,78.03646068631434,2015,28.0,125.0,0.224,8.0,40.0,0.2,-0.276,0.0,-0.3,0.0,0.3630625,0,,0.0,0.0,2016,0.0
Kentucky,2016-04-01,1215463.0,2016,1109911.0,109.50995169882991,1057085,114.9825226921203,2015,54.0,100.0,0.54,11.0,38.0,0.2894736842105263,0.040000000000000036,1.0,-0.21052631578947367,1.0,0.3344375,1,2014-01-01,1.0,0.0,2016,0.0
Louisiana,2016-04-01,1061125.0,2016,1281619.5,82.7956347418247,1237143,85.77221873300014,2015,43.0,105.0,0.4095238095238095,13.0,39.0,0.3333333333333333,-0.09047619047619049,0.0,-0.16666666666666669,0.0,0.38735416666666667,1,2016-07-01,0.0,0.0,2016,0.0
Maine,2016-04-01,277931.0,2016,243199.75,114.28095629210145,231999,119.79836119983275,2015,78.0,151.0,0.5165562913907285,15.0,35.0,0.42857142857142855,0.01655629139072845,1.0,-0.07142857142857145,0.0,0.48983333333333334,1,2019-01-01,0.0,0.0,2016,0.0
Maryland,2016-04-01,1208040.0,2016,825986.75,146.25416206736972,793697,152.20417867271766,2015,90.0,141.0,0.6382978723404256,32.0,47.0,0.6808510638297872,0.13829787234042556,1.0,0.18085106382978722,0.0,0.602625,1,2014-01-01,1.0,0.0,2016,0.0
Massachusetts,2016-04-01,1663469.0,2016,984200.0,169.01737451737452,972871,170.9855674596118,2015,123.0,160.0,0.76875,34.0,40.0,0.85,0.26875000000000004,1.0,0.35,0.0,0.6011666666666666,1,2014-01-01,1.0,0.0,2016,0.0
Michigan,2016-04-01,2334104.0,2016,2091322.75,111.60898048854486,1999842,116.71442043921469,2015,47.0,110.0,0.42727272727272725,11.0,38.0,0.2894736842105263,-0.07272727272727275,0.0,-0.21052631578947367,0.0,0.48235416666666664,1,2014-04-01,1.0,0.0,2016,0.0
Minnesota,2016-04-01,1043452.0,2016,830702.25,125.61083107695927,814317,128.13830486162024,2015,62.0,134.0,0.4626865671641791,39.0,67.0,0.582089552238806,-0.03731343283582089,0.0,0.08208955223880599,1.0,0.47389583333333335,1,2014-01-01,1.0,0.0,2016,0.0
Mississippi,2016-04-01,702614.0,2016,848354.75,82.82077751082315,831252,84.52478911328936,2015,56.0,122.0,0.45901639344262296,20.0,52.0,0.38461538461538464,-0.04098360655737704,0.0,-0.11538461538461536,0.0,0.41037500000000005,0,,0.0,0.0,2016,0.0
Missouri,2016-04-01,961286.0,2016,1242315.75,77.37855694093872,1199818,80.11931809657798,2015,44.0,163.0,0.26993865030674846,9.0,34.0,0.2647058823529412,-0.23006134969325154,0.0,-0.23529411764705882,1.0,0.39145833333333335,1,2021-07-01,0.0,0.0,2016,0.0
Montana,2016-04-01,233900.0,2016,214687.5,108.9490538573508,210360,111.19034036889141,2015,41.0,100.0,0.41,21.0,50.0,0.42,-0.09000000000000002,0.0,-0.08000000000000002,1.0,0.36674999999999996,1,2016-01-01,1.0,0.0,2016,0.0
Nevada,2016-04-01,607790.0,2016,614525.0,98.90403156909808,595228,102.11045179326241,2015,17.0,42.0,0.40476190476190477,10.0,21.0,0.47619047619047616,-0.09523809523809523,0.0,-0.023809523809523836,0.0,0.483,1,2014-01-01,1.0,0.0,2016,0.0
New Hampshire,2016-04-01,190640.0,2016,151903.5,125.50072908129175,155659,122.47284127483795,2015,160.0,400.0,0.4,10.0,24.0,0.4166666666666667,-0.09999999999999998,0.0,-0.08333333333333331,1.0,0.485125,1,2014-08-15,1.0,0.0,2016,0.0
New Jersey,2016-04-01,1772805.0,2016,1354653.25,130.8678069461687,1255020,141.25711144045513,2015,48.0,80.0,0.6,24.0,40.0,0.6,0.09999999999999998,1.0,0.09999999999999998,0.0,0.5545208333333334,1,2014-01-01,1.0,0.0,2016,0.0
New Mexico,2016-04-01,750868.0,2016,589150.75,127.4492139745218,585602,128.22155662036673,2015,33.0,70.0,0.4714285714285714,25.0,42.0,0.5952380952380952,-0.02857142857142858,0.0,0.09523809523809523,0.0,0.489,1,2014-01-01,1.0,0.0,2016,0.0
New York,2016-04-01,6410320.0,2016,4025509.5,159.2424511729509,3765183,170.25254814971808,2015,106.0,150.0,0.7066666666666667,31.0,63.0,0.49206349206349204,0.20666666666666667,1.0,-0.007936507936507964,1.0,0.5955625,1,2014-01-01,1.0,0.0,2016,0.0
North Carolina,2016-04-01,2044322.0,2016,2283462.5,89.52728586521566,2153017,94.95150293750584,2015,45.0,120.0,0.375,15.0,50.0,0.3,-0.125,0.0,-0.2,0.0,0.46647916666666667,1,2023-12-01,0.0,0.0,2016,0.0
North Dakota,2016-04-01,85983.0,2016,117879.75,72.94128126332132,122160,70.38555992141454,2015,23.0,94.0,0.24468085106382978,15.0,47.0,0.3191489361702128,-0.25531914893617025,0.0,-0.18085106382978722,0.0,0.28777083333333336,1,2014-01-01,1.0,0.0,2016,0.0
Ohio,2016-04-01,2985542.0,2016,2365399.25,126.21725486722801,2296371,130.0113091482169,2015,34.0,99.0,0.3434343434343434,10.0,33.0,0.30303030303030304,-0.15656565656565657,0.0,-0.19696969696969696,0.0,0.44635416666666666,1,2014-01-01,1.0,0.0,2016,0.0
Oklahoma,2016-04-01,779411.0,2016,939688.75,82.943527843661,885167,88.05242400586556,2015,29.0,101.0,0.2871287128712871,8.0,48.0,0.16666666666666666,-0.2128712871287129,0.0,-0.33333333333333337,0.0,0.2955625,1,2021-07-01,0.0,0.0,2016,0.0
Oregon,2016-04-01,1072624.0,2016,820428.5,130.73948552494215,797451,134.50657156364468,2015,35.0,60.0,0.5833333333333334,18.0,30.0,0.6,0.08333333333333337,1.0,0.09999999999999998,1.0,0.506125,1,2014-01-01,1.0,0.0,2016,0.0
Pennsylvania,2016-04-01,2833914.0,2016,2325063.75,121.88543217363394,2259652,125.41373627443517,2015,83.0,203.0,0.4088669950738916,20.0,50.0,0.4,-0.09113300492610837,0.0,-0.09999999999999998,1.0,0.4825625,1,2015-01-01,1.0,0.0,2016,0.0
Rhode Island,2016-04-01,281125.0,2016,185784.25,151.31799385577628,188712,148.97038874051464,2015,63.0,75.0,0.84,32.0,38.0,0.8421052631578947,0.33999999999999997,1.0,0.3421052631578947,1.0,0.5563958333333334,1,2014-01-01,1.0,0.0,2016,0.0
South Carolina,2016-04-01,1004042.0,2016,1112649.75,90.23881953867333,1124024,89.3256727614357,2015,46.0,124.0,0.3709677419354839,18.0,46.0,0.391304347826087,-0.12903225806451613,0.0,-0.10869565217391303,0.0,0.40939583333333335,0,,0.0,0.0,2016,0.0
South Dakota,2016-04-01,119053.0,2016,163801.75,72.6811526738878,166237,71.61642714919061,2015,12.0,70.0,0.17142857142857143,8.0,35.0,0.22857142857142856,-0.32857142857142857,0.0,-0.27142857142857146,0.0,0.3298125,1,2023-07-01,0.0,0.0,2016,0.0
Tennessee,2016-04-01,1610651.0,2016,1515918.75,106.24916407953921,1514870,106.3227207615175,2015,26.0,99.0,0.26262626262626265,5.0,33.0,0.15151515151515152,-0.23737373737373735,0.0,-0.3484848484848485,0.0,0.35185416666666663,0,,0.0,0.0,2016,0.0
Texas,2016-04-01,4725625.0,2016,6359303.0,74.31042364233942,6299251,75.01883954139944,2015,50.0,150.0,0.3333333333333333,11.0,31.0,0.3548387096774194,-0.16666666666666669,0.0,-0.14516129032258063,0.0,0.4298125,0,,0.0,0.0,2016,0.0
Utah,2016-04-01,315517.0,2016,497548.0,63.41438413982169,456764,69.07659097477034,2015,12.0,75.0,0.16,5.0,29.0,0.1724137931034483,-0.33999999999999997,0.0,-0.3275862068965517,0.0,0.2703541666666667,1,2020-01-01,0.0,0.0,2016,0.0
Vermont,2016-04-01,193634.0,2016,107066.75,180.85353295957896,96287,201.1008755075971,2015,85.0,150.0,0.5666666666666667,21.0,30.0,0.7,0.06666666666666665,1.0,0.19999999999999996,1.0,0.5766041666666667,1,2014-01-01,1.0,0.0,2016,0.0
Virginia,2016-04-01,984505.0,2016,1333019.25,73.85527253263598,1298806,75.80077394160483,2015,32.0,100.0,0.32,19.0,40.0,0.475,-0.18,0.0,-0.025000000000000022,1.0,0.497625,1,2019-01-01,0.0,0.0,2016,0.0
Washington,2016-04-01,1779187.0,2016,1210910.25,146.92971671517356,1136840,156.5028500052778,2015,51.0,98.0,0.5204081632653061,24.0,49.0,0.4897959183673469,0.020408163265306145,1.0,-0.010204081632653073,1.0,0.5463541666666667,1,2014-01-01,1.0,0.0,2016,0.0
West Virginia,2016-04-01,568478.0,2016,473143.0,120.14929947182986,462592,122.88971707249586,2015,36.0,100.0,0.36,16.0,34.0,0.47058823529411764,-0.14,0.0,-0.02941176470588236,1.0,0.27756250000000005,1,2014-01-01,1.0,0.0,2016,0.0
Wisconsin,2016-04-01,1049851.0,2016,992615.0,105.76618326340022,951649,110.3191407756431,2015,36.0,99.0,0.36363636363636365,14.0,33.0,0.42424242424242425,-0.13636363636363635,0.0,-0.07575757575757575,0.0,0.47518750000000004,0,,0.0,0.0,2016,0.0
Wyoming,2016-04-01,63668.0,2016,97863.0,65.05829578083647,93266,68.2649625801471,2015,9.0,60.0,0.15,4.0,30.0,0.13333333333333333,-0.35,0.0,-0.3666666666666667,0.0,0.22945833333333335,0,,0.0,0.0,2016,0.0
Alabama,2016-05-01,897875.0,2016,1186799.6666666667,75.65514426894289,1174119,76.4722315199737,2015,33.0,105.0,0.3142857142857143,8.0,35.0,0.22857142857142856,-0.18571428571428572,0.0,-0.27142857142857146,0.0,0.34700000000000003,0,,0.0,0.0,2016,0.0
Alaska,2016-05-01,158220.0,2016,112804.33333333333,140.26056918617195,114607,138.0543945832279,2015,16.0,40.0,0.4,6.0,20.0,0.3,-0.09999999999999998,0.0,-0.2,0.0,0.382375,1,2015-09-01,1.0,0.0,2016,0.0
Arizona,2016-05-01,1682202.0,2016,1593796.0,105.54688303898365,1492698,112.6954012131054,2015,24.0,60.0,0.4,13.0,30.0,0.43333333333333335,-0.09999999999999998,0.0,-0.06666666666666665,0.0,0.450375,1,2014-01-01,1.0,0.0,2016,0.0
Arkansas,2016-05-01,843941.0,2016,759382.3333333334,111.13519013478937,761746,110.79034218755332,2015,36.0,100.0,0.36,11.0,35.0,0.3142857142857143,-0.14,0.0,-0.18571428571428572,0.0,0.33975,1,2014-01-01,1.0,0.0,2016,0.0
California,2016-05-01,12281742.0,2016,8152132.0,150.65680977687802,7534254,163.01205135903302,2015,52.0,80.0,0.65,25.0,40.0,0.625,0.15000000000000002,1.0,0.125,1.0,0.615,1,2014-01-01,1.0,0.0,2016,0.0
Colorado,2016-05-01,1360835.0,2016,901631.6666666666,150.93025792128716,820836,165.78646648051497,2015,34.0,65.0,0.5230769230769231,17.0,35.0,0.4857142857142857,0.023076923076923106,1.0,-0.01428571428571429,1.0,0.48524999999999996,1,2014-01-01,1.0,0.0,2016,0.0
Connecticut,2016-05-01,770880.0,2016,503377.0,153.14168108594552,530145,145.40927482103953,2015,86.0,151.0,0.5695364238410596,20.0,36.0,0.5555555555555556,0.06953642384105962,1.0,0.05555555555555558,1.0,0.5495,1,2014-01-01,1.0,0.0,2016,0.0
Delaware,2016-05-01,235154.0,2016,164637.66666666666,142.83122736190384,165961,141.69232530534282,2015,25.0,41.0,0.6097560975609756,12.0,21.0,0.5714285714285714,0.1097560975609756,1.0,0.0714285714285714,1.0,0.538,1,2014-01-01,1.0,0.0,2016,0.0
Florida,2016-05-01,3600889.0,2016,4575750.0,78.69505545538983,4384883,82.12052636296112,2015,38.0,120.0,0.31666666666666665,14.0,40.0,0.35,-0.18333333333333335,0.0,-0.15000000000000002,0.0,0.48075,0,,0.0,0.0,2016,0.0
Georgia,2016-05-01,1784520.0,2016,2331349.0,76.5445242218132,2209726,80.75752378349172,2015,59.0,180.0,0.3277777777777778,18.0,56.0,0.32142857142857145,-0.17222222222222222,0.0,-0.17857142857142855,0.0,0.4545,0,,0.0,0.0,2016,0.0
Hawaii,2016-05-01,344649.0,2016,193422.66666666666,178.18439066086705,185180,186.11567123879468,2015,44.0,51.0,0.8627450980392157,24.0,25.0,0.96,0.36274509803921573,1.0,0.45999999999999996,1.0,0.632625,1,2014-01-01,1.0,0.0,2016,0.0
Idaho,2016-05-01,287554.0,2016,358298.3333333333,80.25546681303756,341618,84.17413602327746,2015,14.0,70.0,0.2,7.0,35.0,0.2,-0.3,0.0,-0.3,0.0,0.28187500000000004,1,2020-01-01,0.0,0.0,2016,0.0
Illinois,2016-05-01,3131986.0,2016,2383157.3333333335,131.4217049874452,2253479,138.98447689106487,2015,71.0,118.0,0.6016949152542372,39.0,59.0,0.6610169491525424,0.10169491525423724,1.0,0.1610169491525424,0.0,0.556875,1,2014-01-01,1.0,0.0,2016,0.0
Indiana,2016-05-01,1471521.0,2016,1334830.6666666667,110.24027517098298,1293314,113.77909772878047,2015,30.0,100.0,0.3,10.0,50.0,0.2,-0.2,0.0,-0.3,0.0,0.38675,1,2015-02-01,1.0,0.0,2016,1.0
Iowa,2016-05-01,619961.0,2016,530155.0,116.93957427544774,533922,116.11452609182615,2015,43.0,100.0,0.43,26.0,50.0,0.52,-0.07,0.0,0.020000000000000018,0.0,0.43174999999999997,1,2014-01-01,1.0,0.0,2016,0.0
Kansas,2016-05-01,414947.0,2016,536897.0,77.28614613231215,526814,78.76537070009529,2015,28.0,125.0,0.224,8.0,40.0,0.2,-0.276,0.0,-0.3,0.0,0.362625,0,,0.0,0.0,2016,0.0
Kentucky,2016-05-01,1213629.0,2016,1105558.0,109.7752447180519,1057085,114.80902671024562,2015,54.0,100.0,0.54,11.0,38.0,0.2894736842105263,0.040000000000000036,1.0,-0.21052631578947367,1.0,0.33337500000000003,1,2014-01-01,1.0,0.0,2016,0.0
Louisiana,2016-05-01,1057073.0,2016,1282502.6666666667,82.42267462471813,1237143,85.44468990246075,2015,43.0,105.0,0.4095238095238095,13.0,39.0,0.3333333333333333,-0.09047619047619049,0.0,-0.16666666666666669,0.0,0.386875,1,2016-07-01,0.0,0.0,2016,0.0
Maine,2016-05-01,276176.0,2016,242174.66666666666,114.04000418430775,231999,119.0418924219501,2015,78.0,151.0,0.5165562913907285,15.0,35.0,0.42857142857142855,0.01655629139072845,1.0,-0.07142857142857145,0.0,0.488,1,2019-01-01,0.0,0.0,2016,0.0
Maryland,2016-05-01,1218613.0,2016,825681.0,147.58883878883006,793697,153.53629911666542,2015,90.0,141.0,0.6382978723404256,32.0,47.0,0.6808510638297872,0.13829787234042556,1.0,0.18085106382978722,0.0,0.60225,1,2014-01-01,1.0,0.0,2016,0.0
Massachusetts,2016-05-01,1671446.0,2016,986264.6666666666,169.47235934640938,972871,171.80551172765968,2015,123.0,160.0,0.76875,34.0,40.0,0.85,0.26875000000000004,1.0,0.35,0.0,0.601,1,2014-01-01,1.0,0.0,2016,0.0
Michigan,2016-05-01,2321897.0,2016,2084133.3333333333,111.40827522231464,1999842,116.1040222177552,2015,47.0,110.0,0.42727272727272725,11.0,38.0,0.2894736842105263,-0.07272727272727275,0.0,-0.21052631578947367,0.0,0.480875,1,2014-04-01,1.0,0.0,2016,0.0
Minnesota,2016-05-01,1046317.0,2016,827228.3333333334,126.48466666800984,814317,128.4901334492587,2015,62.0,134.0,0.4626865671641791,39.0,67.0,0.582089552238806,-0.03731343283582089,0.0,0.08208955223880599,1.0,0.472625,1,2014-01-01,1.0,0.0,2016,0.0
Mississippi,2016-05-01,701126.0,2016,846007.6666666666,82.87466268036184,831252,84.3457820251861,2015,56.0,122.0,0.45901639344262296,20.0,52.0,0.38461538461538464,-0.04098360655737704,0.0,-0.11538461538461536,0.0,0.40975,0,,0.0,0.0,2016,0.0
Missouri,2016-05-01,963241.0,2016,1239737.0,77.69720513302418,1199818,80.28225947602053,2015,44.0,163.0,0.26993865030674846,9.0,34.0,0.2647058823529412,-0.23006134969325154,0.0,-0.23529411764705882,1.0,0.39025,1,2021-07-01,0.0,0.0,2016,0.0
Montana,2016-05-01,237352.0,2016,213385.66666666666,111.2314635316024,210360,112.83133675603727,2015,41.0,100.0,0.41,21.0,50.0,0.42,-0.09000000000000002,0.0,-0.08000000000000002,1.0,0.3655,1,2016-01-01,1.0,0.0,2016,0.0
Nevada,2016-05-01,609004.0,2016,611538.3333333334,99.58558062590788,595228,102.314407252347,2015,17.0,42.0,0.40476190476190477,10.0,21.0,0.47619047619047616,-0.09523809523809523,0.0,-0.023809523809523836,0.0,0.482,1,2014-01-01,1.0,0.0,2016,0.0
New Hampshire,2016-05-01,190029.0,2016,152598.66666666666,124.52861099703799,155659,122.08031658946801,2015,160.0,400.0,0.4,10.0,24.0,0.4166666666666667,-0.09999999999999998,0.0,-0.08333333333333331,1.0,0.48424999999999996,1,2014-08-15,1.0,0.0,2016,0.0
New Jersey,2016-05-01,1779374.0,2016,1349161.0,131.88744708748624,1255020,141.78052939395388,2015,48.0,80.0,0.6,24.0,40.0,0.6,0.09999999999999998,1.0,0.09999999999999998,0.0,0.553875,1,2014-01-01,1.0,0.0,2016,0.0
New Mexico,2016-05-01,753726.0,2016,587745.3333333334,128.24023556687817,585602,128.70960140163456,2015,33.0,70.0,0.4714285714285714,25.0,42.0,0.5952380952380952,-0.02857142857142858,0.0,0.09523809523809523,0.0,0.488,1,2014-01-01,1.0,0.0,2016,0.0
New York,2016-05-01,6426070.0,2016,4019562.6666666665,159.86987970830657,3765183,170.67085451092282,2015,106.0,150.0,0.7066666666666667,31.0,63.0,0.49206349206349204,0.20666666666666667,1.0,-0.007936507936507964,1.0,0.594625,1,2014-01-01,1.0,0.0,2016,0.0
North Carolina,2016-05-01,2052351.0,2016,2276606.6666666665,90.14956470302292,2153017,95.32442149783304,2015,45.0,120.0,0.375,15.0,50.0,0.3,-0.125,0.0,-0.2,0.0,0.466125,1,2023-12-01,0.0,0.0,2016,0.0
North Dakota,2016-05-01,89839.0,2016,117646.0,76.36383727453547,122160,73.5420759659463,2015,23.0,94.0,0.24468085106382978,15.0,47.0,0.3191489361702128,-0.25531914893617025,0.0,-0.18085106382978722,0.0,0.28537500000000005,1,2014-01-01,1.0,0.0,2016,0.0
Ohio,2016-05-01,2983176.0,2016,2358641.6666666665,126.47855934029828,2296371,129.90827701621384,2015,34.0,99.0,0.3434343434343434,10.0,33.0,0.30303030303030304,-0.15656565656565657,0.0,-0.19696969696969696,0.0,0.444875,1,2014-01-01,1.0,0.0,2016,0.0
Oklahoma,2016-05-01,775604.0,2016,937783.3333333334,82.70609771269127,885167,87.62233567225167,2015,29.0,101.0,0.2871287128712871,8.0,48.0,0.16666666666666666,-0.2128712871287129,0.0,-0.33333333333333337,0.0,0.29462499999999997,1,2021-07-01,0.0,0.0,2016,0.0
Oregon,2016-05-01,1061004.0,2016,819445.3333333334,129.4783137862359,797451,133.04942874233026,2015,35.0,60.0,0.5833333333333334,18.0,30.0,0.6,0.08333333333333337,1.0,0.09999999999999998,1.0,0.50525,1,2014-01-01,1.0,0.0,2016,0.0
Pennsylvania,2016-05-01,2848012.0,2016,2319511.3333333335,122.78500040382067,2259652,126.03763765393963,2015,83.0,203.0,0.4088669950738916,20.0,50.0,0.4,-0.09113300492610837,0.0,-0.09999999999999998,1.0,0.48162499999999997,1,2015-01-01,1.0,0.0,2016,0.0
Rhode Island,2016-05-01,281995.0,2016,184751.0,152.63516841586784,188712,149.43140870744838,2015,63.0,75.0,0.84,32.0,38.0,0.8421052631578947,0.33999999999999997,1.0,0.3421052631578947,1.0,0.554625,1,2014-01-01,1.0,0.0,2016,0.0
South Carolina,2016-05-01,1009855.0,2016,1116173.0,90.47477407176127,1124024,89.84283253738354,2015,46.0,124.0,0.3709677419354839,18.0,46.0,0.391304347826087,-0.12903225806451613,0.0,-0.10869565217391303,0.0,0.408625,0,,0.0,0.0,2016,0.0
South Dakota,2016-05-01,119189.0,2016,163411.0,72.93817429671196,166237,71.69823805771279,2015,12.0,70.0,0.17142857142857143,8.0,35.0,0.22857142857142856,-0.32857142857142857,0.0,-0.27142857142857146,0.0,0.328125,1,2023-07-01,0.0,0.0,2016,0.0
Tennessee,2016-05-01,1616888.0,2016,1513237.3333333333,106.84959750750708,1514870,106.73443925881429,2015,26.0,99.0,0.26262626262626265,5.0,33.0,0.15151515151515152,-0.23737373737373735,0.0,-0.3484848484848485,0.0,0.350875,0,,0.0,0.0,2016,0.0
Texas,2016-05-01,4737582.0,2016,6347526.333333333,74.63666554829574,6299251,75.20865575923233,2015,50.0,150.0,0.3333333333333333,11.0,31.0,0.3548387096774194,-0.16666666666666669,0.0,-0.14516129032258063,0.0,0.430125,0,,0.0,0.0,2016,0.0
Utah,2016-05-01,315246.0,2016,494911.6666666667,63.697427487059976,456764,69.0172605546847,2015,12.0,75.0,0.16,5.0,29.0,0.1724137931034483,-0.33999999999999997,0.0,-0.3275862068965517,0.0,0.27087500000000003,1,2020-01-01,0.0,0.0,2016,0.0
Vermont,2016-05-01,189619.0,2016,106869.33333333333,177.430694181056,96287,196.93104988212323,2015,85.0,150.0,0.5666666666666667,21.0,30.0,0.7,0.06666666666666665,1.0,0.19999999999999996,1.0,0.5743750000000001,1,2014-01-01,1.0,0.0,2016,0.0
Virginia,2016-05-01,984692.0,2016,1330785.0,73.99331973233843,1298806,75.81517178085103,2015,32.0,100.0,0.32,19.0,40.0,0.475,-0.18,0.0,-0.025000000000000022,1.0,0.49724999999999997,1,2019-01-01,0.0,0.0,2016,0.0
Washington,2016-05-01,1779263.0,2016,1208766.0,147.196645173673,1136840,156.50953520284295,2015,51.0,98.0,0.5204081632653061,24.0,49.0,0.4897959183673469,0.020408163265306145,1.0,-0.010204081632653073,1.0,0.545875,1,2014-01-01,1.0,0.0,2016,0.0
West Virginia,2016-05-01,565849.0,2016,473578.0,119.48380203472288,462592,122.32139768954067,2015,36.0,100.0,0.36,16.0,34.0,0.47058823529411764,-0.14,0.0,-0.02941176470588236,1.0,0.275625,1,2014-01-01,1.0,0.0,2016,0.0
Wisconsin,2016-05-01,1049374.0,2016,990888.3333333334,105.90234688402494,951649,110.26901725320994,2015,36.0,99.0,0.36363636363636365,14.0,33.0,0.42424242424242425,-0.13636363636363635,0.0,-0.07575757575757575,0.0,0.47387500000000005,0,,0.0,0.0,2016,0.0
Wyoming,2016-05-01,63707.0,2016,97513.33333333333,65.33157858754358,93266,68.30677846160444,2015,9.0,60.0,0.15,4.0,30.0,0.13333333333333333,-0.35,0.0,-0.3666666666666667,0.0,0.22825,0,,0.0,0.0,2016,0.0
Alabama,2016-06-01,896723.0,2016,1186275.8333333333,75.59144128227626,1174119,76.37411540056843,2015,33.0,105.0,0.3142857142857143,8.0,35.0,0.22857142857142856,-0.18571428571428572,0.0,-0.27142857142857146,0.0,0.3461666666666667,0,,0.0,0.0,2016,0.0
Alaska,2016-06-01,160450.0,2016,113637.16666666667,141.19500222198428,114607,140.0001745094104,2015,16.0,40.0,0.4,6.0,20.0,0.3,-0.09999999999999998,0.0,-0.2,0.0,0.38164583333333335,1,2015-09-01,1.0,0.0,2016,0.0
Arizona,2016-06-01,1685493.0,2016,1586197.0,106.2600042743745,1492698,112.91587447695382,2015,24.0,60.0,0.4,13.0,30.0,0.43333333333333335,-0.09999999999999998,0.0,-0.06666666666666665,0.0,0.45047916666666665,1,2014-01-01,1.0,0.0,2016,0.0
Arkansas,2016-06-01,857359.0,2016,756654.6666666666,113.30915380155808,761746,112.5518217358542,2015,36.0,100.0,0.36,11.0,35.0,0.3142857142857143,-0.14,0.0,-0.18571428571428572,0.0,0.339125,1,2014-01-01,1.0,0.0,2016,0.0
California,2016-06-01,12333253.0,2016,8109303.25,152.08770247924815,7534254,163.69574213983228,2015,52.0,80.0,0.65,25.0,40.0,0.625,0.15000000000000002,1.0,0.125,1.0,0.6153333333333333,1,2014-01-01,1.0,0.0,2016,0.0
Colorado,2016-06-01,1363125.0,2016,896322.0833333334,152.07981877794114,820836,166.06545034574506,2015,34.0,65.0,0.5230769230769231,17.0,35.0,0.4857142857142857,0.023076923076923106,1.0,-0.01428571428571429,1.0,0.48454166666666665,1,2014-01-01,1.0,0.0,2016,0.0
Connecticut,2016-06-01,771512.0,2016,502950.0,153.3973556019485,530145,145.5284874892718,2015,86.0,151.0,0.5695364238410596,20.0,36.0,0.5555555555555556,0.06953642384105962,1.0,0.05555555555555558,1.0,0.5487500000000001,1,2014-01-01,1.0,0.0,2016,0.0
Delaware,2016-06-01,235967.0,2016,167011.83333333334,141.28759339408086,165961,142.18219943239677,2015,25.0,41.0,0.6097560975609756,12.0,21.0,0.5714285714285714,0.1097560975609756,1.0,0.0714285714285714,1.0,0.5368333333333334,1,2014-01-01,1.0,0.0,2016,0.0
Florida,2016-06-01,3605848.0,2016,4563899.0,79.00805867965089,4384883,82.23361946031399,2015,38.0,120.0,0.31666666666666665,14.0,40.0,0.35,-0.18333333333333335,0.0,-0.15000000000000002,0.0,0.4802916666666667,0,,0.0,0.0,2016,0.0
Georgia,2016-06-01,1782171.0,2016,2326693.5,76.59672406356918,2209726,80.65122101111179,2015,59.0,180.0,0.3277777777777778,18.0,56.0,0.32142857142857145,-0.17222222222222222,0.0,-0.17857142857142855,0.0,0.45458333333333334,0,,0.0,0.0,2016,0.0
Hawaii,2016-06-01,340999.0,2016,192699.33333333334,176.9590969005255,185180,184.14461604924938,2015,44.0,51.0,0.8627450980392157,24.0,25.0,0.96,0.36274509803921573,1.0,0.45999999999999996,1.0,0.6306875,1,2014-01-01,1.0,0.0,2016,0.0
Idaho,2016-06-01,289367.0,2016,356621.1666666667,81.1412857808496,341618,84.70484576339655,2015,14.0,70.0,0.2,7.0,35.0,0.2,-0.3,0.0,-0.3,0.0,0.28089583333333334,1,2020-01-01,0.0,0.0,2016,0.0
Illinois,2016-06-01,3123639.0,2016,2377896.6666666665,131.36142725574004,2253479,138.6140718418055,2015,71.0,118.0,0.6016949152542372,39.0,59.0,0.6610169491525424,0.10169491525423724,1.0,0.1610169491525424,0.0,0.5563958333333334,1,2014-01-01,1.0,0.0,2016,0.0
Indiana,2016-06-01,1476940.0,2016,1331447.5833333333,110.927385988596,1293314,114.19809883755994,2015,30.0,100.0,0.3,10.0,50.0,0.2,-0.2,0.0,-0.3,0.0,0.38545833333333335,1,2015-02-01,1.0,0.0,2016,1.0
Iowa,2016-06-01,618152.0,2016,528148.25,117.04137995345056,533922,115.77571255726491,2015,43.0,100.0,0.43,26.0,50.0,0.52,-0.07,0.0,0.020000000000000018,0.0,0.429625,1,2014-01-01,1.0,0.0,2016,0.0
Kansas,2016-06-01,420386.0,2016,535704.25,78.47352340400509,526814,79.79780339930223,2015,28.0,125.0,0.224,8.0,40.0,0.2,-0.276,0.0,-0.3,0.0,0.3621875,0,,0.0,0.0,2016,0.0
Kentucky,2016-06-01,1225842.0,2016,1101205.0,111.31823774864806,1057085,115.96437372585933,2015,54.0,100.0,0.54,11.0,38.0,0.2894736842105263,0.040000000000000036,1.0,-0.21052631578947367,1.0,0.3323125,1,2014-01-01,1.0,0.0,2016,0.0
Louisiana,2016-06-01,1052682.0,2016,1283385.8333333333,82.02381331153336,1237143,85.08975922751048,2015,43.0,105.0,0.4095238095238095,13.0,39.0,0.3333333333333333,-0.09047619047619049,0.0,-0.16666666666666669,0.0,0.3863958333333333,1,2016-07-01,0.0,0.0,2016,0.0
Maine,2016-06-01,274432.0,2016,241149.58333333334,113.80156507285415,231999,118.29016504381484,2015,78.0,151.0,0.5165562913907285,15.0,35.0,0.42857142857142855,0.01655629139072845,1.0,-0.07142857142857145,0.0,0.48616666666666664,1,2019-01-01,0.0,0.0,2016,0.0
Maryland,2016-06-01,1229447.0,2016,825375.25,148.95612631951346,793697,154.90130364610172,2015,90.0,141.0,0.6382978723404256,32.0,47.0,0.6808510638297872,0.13829787234042556,1.0,0.18085106382978722,0.0,0.6018749999999999,1,2014-01-01,1.0,0.0,2016,0.0
Massachusetts,2016-06-01,1665649.0,2016,988329.3333333334,168.53177820618498,972871,171.20964649989568,2015,123.0,160.0,0.76875,34.0,40.0,0.85,0.26875000000000004,1.0,0.35,0.0,0.6008333333333333,1,2014-01-01,1.0,0.0,2016,0.0
Michigan,2016-06-01,2312812.0,2016,2076943.9166666667,111.3564974692183,1999842,115.64973632917,2015,47.0,110.0,0.42727272727272725,11.0,38.0,0.2894736842105263,-0.07272727272727275,0.0,-0.21052631578947367,0.0,0.4793958333333333,1,2014-04-01,1.0,0.0,2016,0.0
Minnesota,2016-06-01,1049997.0,2016,823754.4166666666,127.46480974861744,814317,128.94204591086765,2015,62.0,134.0,0.4626865671641791,39.0,67.0,0.582089552238806,-0.03731343283582089,0.0,0.08208955223880599,1.0,0.4713541666666667,1,2014-01-01,1.0,0.0,2016,0.0
Mississippi,2016-06-01,699103.0,2016,843660.5833333334,82.8654335417472,831252,84.10241418968015,2015,56.0,122.0,0.45901639344262296,20.0,52.0,0.38461538461538464,-0.04098360655737704,0.0,-0.11538461538461536,0.0,0.409125,0,,0.0,0.0,2016,0.0
Missouri,2016-06-01,964598.0,2016,1237158.25,77.96884513359548,1199818,80.39535996292771,2015,44.0,163.0,0.26993865030674846,9.0,34.0,0.2647058823529412,-0.23006134969325154,0.0,-0.23529411764705882,1.0,0.3890416666666667,1,2021-07-01,0.0,0.0,2016,0.0
Montana,2016-06-01,239983.0,2016,212083.83333333334,113.15478234628915,210360,114.0820498193573,2015,41.0,100.0,0.41,21.0,50.0,0.42,-0.09000000000000002,0.0,-0.08000000000000002,1.0,0.36424999999999996,1,2016-01-01,1.0,0.0,2016,0.0
Nevada,2016-06-01,608960.0,2016,608551.6666666666,100.06709920549063,595228,102.30701512697655,2015,17.0,42.0,0.40476190476190477,10.0,21.0,0.47619047619047616,-0.09523809523809523,0.0,-0.023809523809523836,0.0,0.481,1,2014-01-01,1.0,0.0,2016,0.0
New Hampshire,2016-06-01,190009.0,2016,153293.83333333334,123.95084385868968,155659,122.06746799092889,2015,160.0,400.0,0.4,10.0,24.0,0.4166666666666667,-0.09999999999999998,0.0,-0.08333333333333331,1.0,0.483375,1,2014-08-15,1.0,0.0,2016,0.0
New Jersey,2016-06-01,1780412.0,2016,1343668.75,132.50378860117124,1255020,141.86323723924718,2015,48.0,80.0,0.6,24.0,40.0,0.6,0.09999999999999998,1.0,0.09999999999999998,0.0,0.5532291666666667,1,2014-01-01,1.0,0.0,2016,0.0
New Mexico,2016-06-01,757248.0,2016,586339.9166666666,129.14829409959725,585602,129.31103377379176,2015,33.0,70.0,0.4714285714285714,25.0,42.0,0.5952380952380952,-0.02857142857142858,0.0,0.09523809523809523,0.0,0.487,1,2014-01-01,1.0,0.0,2016,0.0
New York,2016-06-01,6413404.0,2016,4013615.8333333335,159.79117748979047,3765183,170.33445651911208,2015,106.0,150.0,0.7066666666666667,31.0,63.0,0.49206349206349204,0.20666666666666667,1.0,-0.007936507936507964,1.0,0.5936874999999999,1,2014-01-01,1.0,0.0,2016,0.0
North Carolina,2016-06-01,2047693.0,2016,2269750.8333333335,90.21664272253085,2153017,95.10807392603031,2015,45.0,120.0,0.375,15.0,50.0,0.3,-0.125,0.0,-0.2,0.0,0.46577083333333336,1,2023-12-01,0.0,0.0,2016,0.0
North Dakota,2016-06-01,89914.0,2016,117412.25,76.57974359574916,122160,73.6034708578913,2015,23.0,94.0,0.24468085106382978,15.0,47.0,0.3191489361702128,-0.25531914893617025,0.0,-0.18085106382978722,0.0,0.28297916666666667,1,2014-01-01,1.0,0.0,2016,0.0
Ohio,2016-06-01,2979371.0,2016,2351884.0833333335,126.68018041847229,2296371,129.74258079378288,2015,34.0,99.0,0.3434343434343434,10.0,33.0,0.30303030303030304,-0.15656565656565657,0.0,-0.19696969696969696,0.0,0.4433958333333333,1,2014-01-01,1.0,0.0,2016,0.0
Oklahoma,2016-06-01,780782.0,2016,935877.9166666666,83.42776190092458,885167,88.20731003302201,2015,29.0,101.0,0.2871287128712871,8.0,48.0,0.16666666666666666,-0.2128712871287129,0.0,-0.33333333333333337,0.0,0.2936875,1,2021-07-01,0.0,0.0,2016,0.0
Oregon,2016-06-01,1049229.0,2016,818462.1666666666,128.19517416097221,797451,131.57284899009468,2015,35.0,60.0,0.5833333333333334,18.0,30.0,0.6,0.08333333333333337,1.0,0.09999999999999998,1.0,0.504375,1,2014-01-01,1.0,0.0,2016,0.0
Pennsylvania,2016-06-01,2855265.0,2016,2313958.9166666665,123.39307234171221,2259652,126.35861628250721,2015,83.0,203.0,0.4088669950738916,20.0,50.0,0.4,-0.09113300492610837,0.0,-0.09999999999999998,1.0,0.4806875,1,2015-01-01,1.0,0.0,2016,0.0
Rhode Island,2016-06-01,285580.0,2016,183717.75,155.444969253107,188712,151.3311289160202,2015,63.0,75.0,0.84,32.0,38.0,0.8421052631578947,0.33999999999999997,1.0,0.3421052631578947,1.0,0.5528541666666666,1,2014-01-01,1.0,0.0,2016,0.0
South Carolina,2016-06-01,1016732.0,2016,1119696.25,90.80426946147226,1124024,90.45465221383174,2015,46.0,124.0,0.3709677419354839,18.0,46.0,0.391304347826087,-0.12903225806451613,0.0,-0.10869565217391303,0.0,0.4078541666666667,0,,0.0,0.0,2016,0.0
South Dakota,2016-06-01,119350.0,2016,163020.25,73.21176356924983,166237,71.79508773618389,2015,12.0,70.0,0.17142857142857143,8.0,35.0,0.22857142857142856,-0.32857142857142857,0.0,-0.27142857142857146,0.0,0.3264375,1,2023-07-01,0.0,0.0,2016,0.0
Tennessee,2016-06-01,1623164.0,2016,1510555.9166666667,107.45474444811185,1514870,107.14873223444916,2015,26.0,99.0,0.26262626262626265,5.0,33.0,0.15151515151515152,-0.23737373737373735,0.0,-0.3484848484848485,0.0,0.3498958333333333,0,,0.0,0.0,2016,0.0
Texas,2016-06-01,4740159.0,2016,6335749.666666667,74.8160714893565,6299251,75.24956538483703,2015,50.0,150.0,0.3333333333333333,11.0,31.0,0.3548387096774194,-0.16666666666666669,0.0,-0.14516129032258063,0.0,0.4304375,0,,0.0,0.0,2016,0.0
Utah,2016-06-01,313641.0,2016,492275.3333333333,63.71251589557606,456764,68.66587559439886,2015,12.0,75.0,0.16,5.0,29.0,0.1724137931034483,-0.33999999999999997,0.0,-0.3275862068965517,0.0,0.27139583333333334,1,2020-01-01,0.0,0.0,2016,0.0
Vermont,2016-06-01,185382.0,2016,106671.91666666667,173.78707141757866,96287,192.53066353713376,2015,85.0,150.0,0.5666666666666667,21.0,30.0,0.7,0.06666666666666665,1.0,0.19999999999999996,1.0,0.5721458333333334,1,2014-01-01,1.0,0.0,2016,0.0
Virginia,2016-06-01,983389.0,2016,1328550.75,74.01967896220751,1298806,75.71484886888419,2015,32.0,100.0,0.32,19.0,40.0,0.475,-0.18,0.0,-0.025000000000000022,1.0,0.496875,1,2019-01-01,0.0,0.0,2016,0.0
Washington,2016-06-01,1782166.0,2016,1206621.75,147.69881282183087,1136840,156.7648921572077,2015,51.0,98.0,0.5204081632653061,24.0,49.0,0.4897959183673469,0.020408163265306145,1.0,-0.010204081632653073,1.0,0.5453958333333334,1,2014-01-01,1.0,0.0,2016,0.0
West Virginia,2016-06-01,573178.0,2016,474013.0,120.92031231210957,462592,123.90573118428334,2015,36.0,100.0,0.36,16.0,34.0,0.47058823529411764,-0.14,0.0,-0.02941176470588236,1.0,0.27368750000000003,1,2014-01-01,1.0,0.0,2016,0.0
Wisconsin,2016-06-01,1047259.0,2016,989161.6666666666,105.8733911039146,951649,110.04677144619497,2015,36.0,99.0,0.36363636363636365,14.0,33.0,0.42424242424242425,-0.13636363636363635,0.0,-0.07575757575757575,0.0,0.4725625,0,,0.0,0.0,2016,0.0
Wyoming,2016-06-01,64048.0,2016,97163.66666666667,65.91764411251118,93266,68.67239937383398,2015,9.0,60.0,0.15,4.0,30.0,0.13333333333333333,-0.35,0.0,-0.3666666666666667,0.0,0.22704166666666667,0,,0.0,0.0,2016,0.0
Alabama,2016-07-01,896741.0,2016,1185752.0,75.62635357140448,1174119,76.37564846493413,2015,33.0,105.0,0.3142857142857143,8.0,35.0,0.22857142857142856,-0.18571428571428572,0.0,-0.27142857142857146,0.0,0.3453333333333334,0,,0.0,0.0,2016,0.0
Alaska,2016-07-01,162869.0,2016,114470.0,142.28094697300602,114607,142.11086582843978,2015,16.0,40.0,0.4,6.0,20.0,0.3,-0.09999999999999998,0.0,-0.2,0.0,0.3809166666666667,1,2015-09-01,1.0,0.0,2016,0.0
Arizona,2016-07-01,1699635.0,2016,1578598.0,107.66737320077688,1492698,113.8632864785777,2015,24.0,60.0,0.4,13.0,30.0,0.43333333333333335,-0.09999999999999998,0.0,-0.06666666666666665,0.0,0.45058333333333334,1,2014-01-01,1.0,0.0,2016,0.0
Arkansas,2016-07-01,889082.0,2016,753927.0,117.92680193175202,761746,116.71633326594429,2015,36.0,100.0,0.36,11.0,35.0,0.3142857142857143,-0.14,0.0,-0.18571428571428572,0.0,0.3385,1,2014-01-01,1.0,0.0,2016,0.0
California,2016-07-01,12201179.0,2016,8066474.5,151.25788843688775,7534254,161.94276168549666,2015,52.0,80.0,0.65,25.0,40.0,0.625,0.15000000000000002,1.0,0.125,1.0,0.6156666666666667,1,2014-01-01,1.0,0.0,2016,0.0
Colorado,2016-07-01,1362887.0,2016,891012.5,152.9593580336976,820836,166.0364555160836,2015,34.0,65.0,0.5230769230769231,17.0,35.0,0.4857142857142857,0.023076923076923106,1.0,-0.01428571428571429,1.0,0.48383333333333334,1,2014-01-01,1.0,0.0,2016,0.0
Connecticut,2016-07-01,753413.0,2016,502523.0,149.92607303546305,530145,142.11451584000602,2015,86.0,151.0,0.5695364238410596,20.0,36.0,0.5555555555555556,0.06953642384105962,1.0,0.05555555555555558,1.0,0.548,1,2014-01-01,1.0,0.0,2016,0.0
Delaware,2016-07-01,236248.0,2016,169386.0,139.47315598691745,165961,142.3515163200993,2015,25.0,41.0,0.6097560975609756,12.0,21.0,0.5714285714285714,0.1097560975609756,1.0,0.0714285714285714,1.0,0.5356666666666667,1,2014-01-01,1.0,0.0,2016,0.0
Florida,2016-07-01,3620085.0,2016,4552048.0,79.52651202272033,4384883,82.55830315198833,2015,38.0,120.0,0.31666666666666665,14.0,40.0,0.35,-0.18333333333333335,0.0,-0.15000000000000002,0.0,0.47983333333333333,0,,0.0,0.0,2016,0.0
Georgia,2016-07-01,1775301.0,2016,2322038.0,76.45443356224145,2209726,80.3403227368461,2015,59.0,180.0,0.3277777777777778,18.0,56.0,0.32142857142857145,-0.17222222222222222,0.0,-0.17857142857142855,0.0,0.45466666666666666,0,,0.0,0.0,2016,0.0
Hawaii,2016-07-01,341072.0,2016,191976.0,177.66387465099805,185180,184.1840371530403,2015,44.0,51.0,0.8627450980392157,24.0,25.0,0.96,0.36274509803921573,1.0,0.45999999999999996,1.0,0.62875,1,2014-01-01,1.0,0.0,2016,0.0
Idaho,2016-07-01,291057.0,2016,354944.0,82.00082266498377,341618,85.19955037498023,2015,14.0,70.0,0.2,7.0,35.0,0.2,-0.3,0.0,-0.3,0.0,0.2799166666666667,1,2020-01-01,0.0,0.0,2016,0.0
Illinois,2016-07-01,3118055.0,2016,2372636.0,131.41733498100848,2253479,138.36627720959459,2015,71.0,118.0,0.6016949152542372,39.0,59.0,0.6610169491525424,0.10169491525423724,1.0,0.1610169491525424,0.0,0.5559166666666667,1,2014-01-01,1.0,0.0,2016,0.0
Indiana,2016-07-01,1481425.0,2016,1328064.5,111.54766955972394,1293314,114.54488237195297,2015,30.0,100.0,0.3,10.0,50.0,0.2,-0.2,0.0,-0.3,0.0,0.38416666666666666,1,2015-02-01,1.0,0.0,2016,1.0
Iowa,2016-07-01,613386.0,2016,526141.5,116.5819461114548,533922,114.88307280838774,2015,43.0,100.0,0.43,26.0,50.0,0.52,-0.07,0.0,0.020000000000000018,0.0,0.4275,1,2014-01-01,1.0,0.0,2016,0.0
Kansas,2016-07-01,422549.0,2016,534511.5,79.0533038110499,526814,80.20838474300227,2015,28.0,125.0,0.224,8.0,40.0,0.2,-0.276,0.0,-0.3,0.0,0.36175,0,,0.0,0.0,2016,0.0
Kentucky,2016-07-01,1223869.0,2016,1096852.0,111.58014025593243,1057085,115.77772837567461,2015,54.0,100.0,0.54,11.0,38.0,0.2894736842105263,0.040000000000000036,1.0,-0.21052631578947367,1.0,0.33125,1,2014-01-01,1.0,0.0,2016,0.0
Louisiana,2016-07-01,1308428.0,2016,1284269.0,101.88114795264855,1237143,105.76206630923022,2015,43.0,105.0,0.4095238095238095,13.0,39.0,0.3333333333333333,-0.09047619047619049,0.0,-0.16666666666666669,0.0,0.3859166666666667,1,2016-07-01,1.0,0.0,2016,0.0
Maine,2016-07-01,273367.0,2016,240124.5,113.84386016420649,231999,117.83111134099715,2015,78.0,151.0,0.5165562913907285,15.0,35.0,0.42857142857142855,0.01655629139072845,1.0,-0.07142857142857145,0.0,0.4843333333333333,1,2019-01-01,0.0,0.0,2016,0.0
Maryland,2016-07-01,1236465.0,2016,825069.5,149.86192072304212,793697,155.78552016701587,2015,90.0,141.0,0.6382978723404256,32.0,47.0,0.6808510638297872,0.13829787234042556,1.0,0.18085106382978722,0.0,0.6014999999999999,1,2014-01-01,1.0,0.0,2016,0.0
Massachusetts,2016-07-01,1677180.0,2016,990394.0,169.34472543250465,972871,172.3949012767366,2015,123.0,160.0,0.76875,34.0,40.0,0.85,0.26875000000000004,1.0,0.35,0.0,0.6006666666666667,1,2014-01-01,1.0,0.0,2016,0.0
Michigan,2016-07-01,2304480.0,2016,2069754.5,111.34074113620723,1999842,115.2331034151698,2015,47.0,110.0,0.42727272727272725,11.0,38.0,0.2894736842105263,-0.07272727272727275,0.0,-0.21052631578947367,0.0,0.47791666666666666,1,2014-04-01,1.0,0.0,2016,0.0
Minnesota,2016-07-01,1047507.0,2016,820280.5,127.70107298661858,814317,128.6362681854855,2015,62.0,134.0,0.4626865671641791,39.0,67.0,0.582089552238806,-0.03731343283582089,0.0,0.08208955223880599,1.0,0.47008333333333335,1,2014-01-01,1.0,0.0,2016,0.0
Mississippi,2016-07-01,696139.0,2016,841313.5,82.74430399607282,831252,83.74584361902288,2015,56.0,122.0,0.45901639344262296,20.0,52.0,0.38461538461538464,-0.04098360655737704,0.0,-0.11538461538461536,0.0,0.40850000000000003,0,,0.0,0.0,2016,0.0
Missouri,2016-07-01,961073.0,2016,1234579.5,77.84618163512353,1199818,80.10156540408629,2015,44.0,163.0,0.26993865030674846,9.0,34.0,0.2647058823529412,-0.23006134969325154,0.0,-0.23529411764705882,1.0,0.38783333333333336,1,2021-07-01,0.0,0.0,2016,0.0
Montana,2016-07-01,220378.0,2016,210782.0,104.55257090263873,210360,104.76231222665906,2015,41.0,100.0,0.41,21.0,50.0,0.42,-0.09000000000000002,0.0,-0.08000000000000002,1.0,0.363,1,2016-01-01,1.0,0.0,2016,0.0
Nevada,2016-07-01,609435.0,2016,605565.0,100.63907260161997,595228,102.3868164804075,2015,17.0,42.0,0.40476190476190477,10.0,21.0,0.47619047619047616,-0.09523809523809523,0.0,-0.023809523809523836,0.0,0.48,1,2014-01-01,1.0,0.0,2016,0.0
New Hampshire,2016-07-01,189484.0,2016,153989.0,123.05034775211216,155659,121.73019227927713,2015,160.0,400.0,0.4,10.0,24.0,0.4166666666666667,-0.09999999999999998,0.0,-0.08333333333333331,1.0,0.4825,1,2014-08-15,1.0,0.0,2016,0.0
New Jersey,2016-07-01,1782594.0,2016,1338176.5,133.21067886037454,1255020,142.03709901037433,2015,48.0,80.0,0.6,24.0,40.0,0.6,0.09999999999999998,1.0,0.09999999999999998,0.0,0.5525833333333334,1,2014-01-01,1.0,0.0,2016,0.0
New Mexico,2016-07-01,761033.0,2016,584934.5,130.1056784990456,585602,129.95737719475002,2015,33.0,70.0,0.4714285714285714,25.0,42.0,0.5952380952380952,-0.02857142857142858,0.0,0.09523809523809523,0.0,0.486,1,2014-01-01,1.0,0.0,2016,0.0
New York,2016-07-01,6417388.0,2016,4007669.0,160.127695176423,3765183,170.44026810914636,2015,106.0,150.0,0.7066666666666667,31.0,63.0,0.49206349206349204,0.20666666666666667,1.0,-0.007936507936507964,1.0,0.59275,1,2014-01-01,1.0,0.0,2016,0.0
North Carolina,2016-07-01,2059981.0,2016,2262895.0,91.03299092534121,2153017,95.67880792395044,2015,45.0,120.0,0.375,15.0,50.0,0.3,-0.125,0.0,-0.2,0.0,0.4654166666666667,1,2023-12-01,0.0,0.0,2016,0.0
North Dakota,2016-07-01,89460.0,2016,117178.5,76.34506330086151,122160,73.23182711198429,2015,23.0,94.0,0.24468085106382978,15.0,47.0,0.3191489361702128,-0.25531914893617025,0.0,-0.18085106382978722,0.0,0.28058333333333335,1,2014-01-01,1.0,0.0,2016,0.0
Ohio,2016-07-01,2976705.0,2016,2345126.5,126.93153226489062,2296371,129.62648457065518,2015,34.0,99.0,0.3434343434343434,10.0,33.0,0.30303030303030304,-0.15656565656565657,0.0,-0.19696969696969696,0.0,0.4419166666666667,1,2014-01-01,1.0,0.0,2016,0.0
Oklahoma,2016-07-01,787331.0,2016,933972.5,84.29916298392082,885167,88.94717042094882,2015,29.0,101.0,0.2871287128712871,8.0,48.0,0.16666666666666666,-0.2128712871287129,0.0,-0.33333333333333337,0.0,0.29274999999999995,1,2021-07-01,0.0,0.0,2016,0.0
Oregon,2016-07-01,1036984.0,2016,817479.0,126.85145428812238,797451,130.03733144732402,2015,35.0,60.0,0.5833333333333334,18.0,30.0,0.6,0.08333333333333337,1.0,0.09999999999999998,1.0,0.5035000000000001,1,2014-01-01,1.0,0.0,2016,0.0
Pennsylvania,2016-07-01,2861112.0,2016,2308406.5,123.94316165718647,2259652,126.6173729406121,2015,83.0,203.0,0.4088669950738916,20.0,50.0,0.4,-0.09113300492610837,0.0,-0.09999999999999998,1.0,0.47975,1,2015-01-01,1.0,0.0,2016,0.0
Rhode Island,2016-07-01,284455.0,2016,182684.5,155.70833869321152,188712,150.73498240705413,2015,63.0,75.0,0.84,32.0,38.0,0.8421052631578947,0.33999999999999997,1.0,0.3421052631578947,1.0,0.5510833333333334,1,2014-01-01,1.0,0.0,2016,0.0
South Carolina,2016-07-01,1021192.0,2016,1123219.5,90.91651275641138,1124024,90.85144089450047,2015,46.0,124.0,0.3709677419354839,18.0,46.0,0.391304347826087,-0.12903225806451613,0.0,-0.10869565217391303,0.0,0.40708333333333335,0,,0.0,0.0,2016,0.0
South Dakota,2016-07-01,119252.0,2016,162629.5,73.32740984876668,166237,71.73613575798409,2015,12.0,70.0,0.17142857142857143,8.0,35.0,0.22857142857142856,-0.32857142857142857,0.0,-0.27142857142857146,0.0,0.32475,1,2023-07-01,0.0,0.0,2016,0.0
Tennessee,2016-07-01,1632972.0,2016,1507874.5,108.29628062547644,1514870,107.79618053034254,2015,26.0,99.0,0.26262626262626265,5.0,33.0,0.15151515151515152,-0.23737373737373735,0.0,-0.3484848484848485,0.0,0.34891666666666665,0,,0.0,0.0,2016,0.0
Texas,2016-07-01,4744278.0,2016,6323973.0,75.02052902502905,6299251,75.314954111211,2015,50.0,150.0,0.3333333333333333,11.0,31.0,0.3548387096774194,-0.16666666666666669,0.0,-0.14516129032258063,0.0,0.43074999999999997,0,,0.0,0.0,2016,0.0
Utah,2016-07-01,312936.0,2016,489639.0,63.91157567105561,456764,68.5115289296004,2015,12.0,75.0,0.16,5.0,29.0,0.1724137931034483,-0.33999999999999997,0.0,-0.3275862068965517,0.0,0.2719166666666667,1,2020-01-01,0.0,0.0,2016,0.0
Vermont,2016-07-01,179421.0,2016,106474.5,168.51077018441035,96287,186.33979664959963,2015,85.0,150.0,0.5666666666666667,21.0,30.0,0.7,0.06666666666666665,1.0,0.19999999999999996,1.0,0.5699166666666667,1,2014-01-01,1.0,0.0,2016,0.0
Virginia,2016-07-01,984787.0,2016,1326316.5,74.249773715399,1298806,75.82248619116326,2015,32.0,100.0,0.32,19.0,40.0,0.475,-0.18,0.0,-0.025000000000000022,1.0,0.4965,1,2019-01-01,0.0,0.0,2016,0.0
Washington,2016-07-01,1782418.0,2016,1204477.5,147.98267298475895,1136840,156.78705886492384,2015,51.0,98.0,0.5204081632653061,24.0,49.0,0.4897959183673469,0.020408163265306145,1.0,-0.010204081632653073,1.0,0.5449166666666667,1,2014-01-01,1.0,0.0,2016,0.0
West Virginia,2016-07-01,572107.0,2016,474448.0,120.58370991130745,462592,123.67420967072495,2015,36.0,100.0,0.36,16.0,34.0,0.47058823529411764,-0.14,0.0,-0.02941176470588236,1.0,0.27175000000000005,1,2014-01-01,1.0,0.0,2016,0.0
Wisconsin,2016-07-01,1045160.0,2016,987435.0,105.84595441725277,951649,109.82620693133708,2015,36.0,99.0,0.36363636363636365,14.0,33.0,0.42424242424242425,-0.13636363636363635,0.0,-0.07575757575757575,0.0,0.47125,0,,0.0,0.0,2016,0.0
Wyoming,2016-07-01,63618.0,2016,96814.0,65.71157064060984,93266,68.21135247571462,2015,9.0,60.0,0.15,4.0,30.0,0.13333333333333333,-0.35,0.0,-0.3666666666666667,0.0,0.22583333333333333,0,,0.0,0.0,2016,0.0
Alabama,2016-08-01,910775.0,2016,1185228.1666666667,76.84385383461327,1174119,77.57092764873067,2015,33.0,105.0,0.3142857142857143,8.0,35.0,0.22857142857142856,-0.18571428571428572,0.0,-0.27142857142857146,0.0,0.34450000000000003,0,,0.0,0.0,2016,0.0
Alaska,2016-08-01,166625.0,2016,115302.83333333333,144.51075934820915,114607,145.38815255612658,2015,16.0,40.0,0.4,6.0,20.0,0.3,-0.09999999999999998,0.0,-0.2,0.0,0.3801875,1,2015-09-01,1.0,0.0,2016,0.0
Arizona,2016-08-01,1716198.0,2016,1570999.0,109.2424629169083,1492698,114.97288801887589,2015,24.0,60.0,0.4,13.0,30.0,0.43333333333333335,-0.09999999999999998,0.0,-0.06666666666666665,0.0,0.4506875,1,2014-01-01,1.0,0.0,2016,0.0
Arkansas,2016-08-01,920194.0,2016,751199.3333333334,122.49664758310932,761746,120.80063433217896,2015,36.0,100.0,0.36,11.0,35.0,0.3142857142857143,-0.14,0.0,-0.18571428571428572,0.0,0.33787500000000004,1,2014-01-01,1.0,0.0,2016,0.0
California,2016-08-01,12432420.0,2016,8023645.75,154.94726945042407,7534254,165.01195738821656,2015,52.0,80.0,0.65,25.0,40.0,0.625,0.15000000000000002,1.0,0.125,1.0,0.616,1,2014-01-01,1.0,0.0,2016,0.0
Colorado,2016-08-01,1375264.0,2016,885702.9166666666,155.27373503248597,820836,167.5443084854953,2015,34.0,65.0,0.5230769230769231,17.0,35.0,0.4857142857142857,0.023076923076923106,1.0,-0.01428571428571429,1.0,0.48312499999999997,1,2014-01-01,1.0,0.0,2016,0.0
Connecticut,2016-08-01,761137.0,2016,502096.0,151.5919266435104,530145,143.57147572833847,2015,86.0,151.0,0.5695364238410596,20.0,36.0,0.5555555555555556,0.06953642384105962,1.0,0.05555555555555558,1.0,0.54725,1,2014-01-01,1.0,0.0,2016,0.0
Delaware,2016-08-01,236702.0,2016,171760.16666666666,137.8096007902492,165961,142.62507456571123,2015,25.0,41.0,0.6097560975609756,12.0,21.0,0.5714285714285714,0.1097560975609756,1.0,0.0714285714285714,1.0,0.5345,1,2014-01-01,1.0,0.0,2016,0.0
Florida,2016-08-01,4333426.0,2016,4540197.0,95.44577030468061,4384883,98.82649092347503,2015,38.0,120.0,0.31666666666666665,14.0,40.0,0.35,-0.18333333333333335,0.0,-0.15000000000000002,0.0,0.479375,0,,0.0,0.0,2016,0.0
Georgia,2016-08-01,1782301.0,2016,2317382.5,76.91009145015983,2209726,80.6571040934487,2015,59.0,180.0,0.3277777777777778,18.0,56.0,0.32142857142857145,-0.17222222222222222,0.0,-0.17857142857142855,0.0,0.45475,0,,0.0,0.0,2016,0.0
Hawaii,2016-08-01,341200.0,2016,191252.66666666666,178.4027412253947,185180,184.25315908845448,2015,44.0,51.0,0.8627450980392157,24.0,25.0,0.96,0.36274509803921573,1.0,0.45999999999999996,1.0,0.6268125,1,2014-01-01,1.0,0.0,2016,0.0
Idaho,2016-08-01,293905.0,2016,353266.8333333333,83.1963185524068,341618,86.03323009911655,2015,14.0,70.0,0.2,7.0,35.0,0.2,-0.3,0.0,-0.3,0.0,0.2789375,1,2020-01-01,0.0,0.0,2016,0.0
Illinois,2016-08-01,3117939.0,2016,2367375.3333333335,131.7044642688682,2253479,138.3611296133667,2015,71.0,118.0,0.6016949152542372,39.0,59.0,0.6610169491525424,0.10169491525423724,1.0,0.1610169491525424,0.0,0.5554375,1,2014-01-01,1.0,0.0,2016,0.0
Indiana,2016-08-01,1489805.0,2016,1324681.4166666667,112.46515435755401,1293314,115.19283020210096,2015,30.0,100.0,0.3,10.0,50.0,0.2,-0.2,0.0,-0.3,0.0,0.382875,1,2015-02-01,1.0,0.0,2016,1.0
Iowa,2016-08-01,619055.0,2016,524134.75,118.10989444985283,533922,115.94483838463296,2015,43.0,100.0,0.43,26.0,50.0,0.52,-0.07,0.0,0.020000000000000018,0.0,0.425375,1,2014-01-01,1.0,0.0,2016,0.0
Kansas,2016-08-01,421638.0,2016,533318.75,79.05928677737282,526814,80.03545843504538,2015,28.0,125.0,0.224,8.0,40.0,0.2,-0.276,0.0,-0.3,0.0,0.3613125,0,,0.0,0.0,2016,0.0
Kentucky,2016-08-01,1220788.0,2016,1092499.0,111.74271097730981,1057085,115.48626647809779,2015,54.0,100.0,0.54,11.0,38.0,0.2894736842105263,0.040000000000000036,1.0,-0.21052631578947367,1.0,0.3301875,1,2014-01-01,1.0,0.0,2016,0.0
Louisiana,2016-08-01,1328708.0,2016,1285152.1666666667,103.38915767821528,1237143,107.40132708991604,2015,43.0,105.0,0.4095238095238095,13.0,39.0,0.3333333333333333,-0.09047619047619049,0.0,-0.16666666666666669,0.0,0.3854375,1,2016-07-01,1.0,0.0,2016,0.0
Maine,2016-08-01,273160.0,2016,239099.41666666666,114.24536446310863,231999,117.74188681847765,2015,78.0,151.0,0.5165562913907285,15.0,35.0,0.42857142857142855,0.01655629139072845,1.0,-0.07142857142857145,0.0,0.4825,1,2019-01-01,0.0,0.0,2016,0.0
Maryland,2016-08-01,1252304.0,2016,824763.75,151.8379050970657,793697,157.781117983311,2015,90.0,141.0,0.6382978723404256,32.0,47.0,0.6808510638297872,0.13829787234042556,1.0,0.18085106382978722,0.0,0.601125,1,2014-01-01,1.0,0.0,2016,0.0
Massachusetts,2016-08-01,1684328.0,2016,992458.6666666666,169.71265973797063,972871,173.12963383634624,2015,123.0,160.0,0.76875,34.0,40.0,0.85,0.26875000000000004,1.0,0.35,0.0,0.6005,1,2014-01-01,1.0,0.0,2016,0.0
Michigan,2016-08-01,2300958.0,2016,2062565.0833333333,111.55807972281764,1999842,115.05698950217067,2015,47.0,110.0,0.42727272727272725,11.0,38.0,0.2894736842105263,-0.07272727272727275,0.0,-0.21052631578947367,0.0,0.47643749999999996,1,2014-04-01,1.0,0.0,2016,0.0
Minnesota,2016-08-01,1051509.0,2016,816806.5833333334,128.7341485065977,814317,129.1277229874852,2015,62.0,134.0,0.4626865671641791,39.0,67.0,0.582089552238806,-0.03731343283582089,0.0,0.08208955223880599,1.0,0.4688125,1,2014-01-01,1.0,0.0,2016,0.0
Mississippi,2016-08-01,693869.0,2016,838966.4166666666,82.70521754098819,831252,83.47276156929547,2015,56.0,122.0,0.45901639344262296,20.0,52.0,0.38461538461538464,-0.04098360655737704,0.0,-0.11538461538461536,0.0,0.40787500000000004,0,,0.0,0.0,2016,0.0
Missouri,2016-08-01,967284.0,2016,1232000.75,78.51326389208772,1199818,80.61922724946618,2015,44.0,163.0,0.26993865030674846,9.0,34.0,0.2647058823529412,-0.23006134969325154,0.0,-0.23529411764705882,1.0,0.386625,1,2021-07-01,0.0,0.0,2016,0.0
Montana,2016-08-01,224048.0,2016,209480.16666666666,106.95427808997033,210360,106.50694048298155,2015,41.0,100.0,0.41,21.0,50.0,0.42,-0.09000000000000002,0.0,-0.08000000000000002,1.0,0.36174999999999996,1,2016-01-01,1.0,0.0,2016,0.0
Nevada,2016-08-01,614298.0,2016,602578.3333333334,101.94492002422922,595228,103.20381433669115,2015,17.0,42.0,0.40476190476190477,10.0,21.0,0.47619047619047616,-0.09523809523809523,0.0,-0.023809523809523836,0.0,0.479,1,2014-01-01,1.0,0.0,2016,0.0
New Hampshire,2016-08-01,189429.0,2016,154684.16666666666,122.4617904224199,155659,121.69485863329457,2015,160.0,400.0,0.4,10.0,24.0,0.4166666666666667,-0.09999999999999998,0.0,-0.08333333333333331,1.0,0.48162499999999997,1,2014-08-15,1.0,0.0,2016,0.0
New Jersey,2016-08-01,1784529.0,2016,1332684.25,133.9048615604184,1255020,142.1912798202419,2015,48.0,80.0,0.6,24.0,40.0,0.6,0.09999999999999998,1.0,0.09999999999999998,0.0,0.5519375000000001,1,2014-01-01,1.0,0.0,2016,0.0
New Mexico,2016-08-01,766732.0,2016,583529.0833333334,131.39567879293077,585602,130.93056376173578,2015,33.0,70.0,0.4714285714285714,25.0,42.0,0.5952380952380952,-0.02857142857142858,0.0,0.09523809523809523,0.0,0.485,1,2014-01-01,1.0,0.0,2016,0.0
New York,2016-08-01,6431165.0,2016,4001722.1666666665,160.70993267773505,3765183,170.80617329888082,2015,106.0,150.0,0.7066666666666667,31.0,63.0,0.49206349206349204,0.20666666666666667,1.0,-0.007936507936507964,1.0,0.5918125,1,2014-01-01,1.0,0.0,2016,0.0
North Carolina,2016-08-01,2072282.0,2016,2256039.1666666665,91.85487692848123,2153017,96.25014572574206,2015,45.0,120.0,0.375,15.0,50.0,0.3,-0.125,0.0,-0.2,0.0,0.46506250000000005,1,2023-12-01,0.0,0.0,2016,0.0
North Dakota,2016-08-01,89763.0,2016,116944.75,76.75675906785042,122160,73.47986247544205,2015,23.0,94.0,0.24468085106382978,15.0,47.0,0.3191489361702128,-0.25531914893617025,0.0,-0.18085106382978722,0.0,0.27818750000000003,1,2014-01-01,1.0,0.0,2016,0.0
Ohio,2016-08-01,3003170.0,2016,2338368.9166666665,128.43011975548342,2296371,130.77895514270125,2015,34.0,99.0,0.3434343434343434,10.0,33.0,0.30303030303030304,-0.15656565656565657,0.0,-0.19696969696969696,0.0,0.4404375,1,2014-01-01,1.0,0.0,2016,0.0
Oklahoma,2016-08-01,788544.0,2016,932067.0833333334,84.60163588010698,885167,89.08420670901648,2015,29.0,101.0,0.2871287128712871,8.0,48.0,0.16666666666666666,-0.2128712871287129,0.0,-0.33333333333333337,0.0,0.2918125,1,2021-07-01,0.0,0.0,2016,0.0
Oregon,2016-08-01,1021862.0,2016,816495.8333333334,125.15213896784532,797451,128.141039386746,2015,35.0,60.0,0.5833333333333334,18.0,30.0,0.6,0.08333333333333337,1.0,0.09999999999999998,1.0,0.502625,1,2014-01-01,1.0,0.0,2016,0.0
Pennsylvania,2016-08-01,2883114.0,2016,2302854.0833333335,125.19742439897679,2259652,127.5910626946096,2015,83.0,203.0,0.4088669950738916,20.0,50.0,0.4,-0.09113300492610837,0.0,-0.09999999999999998,1.0,0.4788125,1,2015-01-01,1.0,0.0,2016,0.0
Rhode Island,2016-08-01,287173.0,2016,181651.25,158.0902966536151,188712,152.17527237271608,2015,63.0,75.0,0.84,32.0,38.0,0.8421052631578947,0.33999999999999997,1.0,0.3421052631578947,1.0,0.5493125000000001,1,2014-01-01,1.0,0.0,2016,0.0
South Carolina,2016-08-01,1027033.0,2016,1126742.75,91.15061978432965,1124024,91.37109172046148,2015,46.0,124.0,0.3709677419354839,18.0,46.0,0.391304347826087,-0.12903225806451613,0.0,-0.10869565217391303,0.0,0.4063125,0,,0.0,0.0,2016,0.0
South Dakota,2016-08-01,119835.0,2016,162238.75,73.86336494826298,166237,72.08683987319309,2015,12.0,70.0,0.17142857142857143,8.0,35.0,0.22857142857142856,-0.32857142857142857,0.0,-0.27142857142857146,0.0,0.32306250000000003,1,2023-07-01,0.0,0.0,2016,0.0
Tennessee,2016-08-01,1627100.0,2016,1505193.0833333333,108.09908828418857,1514870,107.40855650979952,2015,26.0,99.0,0.26262626262626265,5.0,33.0,0.15151515151515152,-0.23737373737373735,0.0,-0.3484848484848485,0.0,0.34793749999999996,0,,0.0,0.0,2016,0.0
Texas,2016-08-01,4770229.0,2016,6312196.333333333,75.5716195773167,6299251,75.72692372474124,2015,50.0,150.0,0.3333333333333333,11.0,31.0,0.3548387096774194,-0.16666666666666669,0.0,-0.14516129032258063,0.0,0.4310625,0,,0.0,0.0,2016,0.0
Utah,2016-08-01,314182.0,2016,487002.6666666667,64.51340444405506,456764,68.78431750313072,2015,12.0,75.0,0.16,5.0,29.0,0.1724137931034483,-0.33999999999999997,0.0,-0.3275862068965517,0.0,0.2724375,1,2020-01-01,0.0,0.0,2016,0.0
Vermont,2016-08-01,175597.0,2016,106277.08333333333,165.22564836414247,96287,182.3683363278532,2015,85.0,150.0,0.5666666666666667,21.0,30.0,0.7,0.06666666666666665,1.0,0.19999999999999996,1.0,0.5676875,1,2014-01-01,1.0,0.0,2016,0.0
Virginia,2016-08-01,988821.0,2016,1324082.25,74.67972627833353,1298806,76.13307915115884,2015,32.0,100.0,0.32,19.0,40.0,0.475,-0.18,0.0,-0.025000000000000022,1.0,0.496125,1,2019-01-01,0.0,0.0,2016,0.0
Washington,2016-08-01,1788536.0,2016,1202333.25,148.75543032682495,1136840,157.32521726892085,2015,51.0,98.0,0.5204081632653061,24.0,49.0,0.4897959183673469,0.020408163265306145,1.0,-0.010204081632653073,1.0,0.5444375,1,2014-01-01,1.0,0.0,2016,0.0
West Virginia,2016-08-01,575645.0,2016,474883.0,121.2182790287292,462592,124.43903050636413,2015,36.0,100.0,0.36,16.0,34.0,0.47058823529411764,-0.14,0.0,-0.02941176470588236,1.0,0.2698125,1,2014-01-01,1.0,0.0,2016,0.0
Wisconsin,2016-08-01,1046897.0,2016,985708.3333333334,106.20758337912667,951649,110.00873221114087,2015,36.0,99.0,0.36363636363636365,14.0,33.0,0.42424242424242425,-0.13636363636363635,0.0,-0.07575757575757575,0.0,0.4699375,0,,0.0,0.0,2016,0.0
Wyoming,2016-08-01,63583.0,2016,96464.33333333333,65.91348097569741,93266,68.17382540261188,2015,9.0,60.0,0.15,4.0,30.0,0.13333333333333333,-0.35,0.0,-0.3666666666666667,0.0,0.22462500000000002,0,,0.0,0.0,2016,0.0
Alabama,2016-09-01,893989.0,2016,1184704.3333333333,75.46093779235494,1174119,76.14125995746598,2015,33.0,105.0,0.3142857142857143,8.0,35.0,0.22857142857142856,-0.18571428571428572,0.0,-0.27142857142857146,0.0,0.3436666666666667,0,,0.0,0.0,2016,0.0
Alaska,2016-09-01,169380.0,2016,116135.66666666667,145.84666783388394,114607,147.79201968466148,2015,16.0,40.0,0.4,6.0,20.0,0.3,-0.09999999999999998,0.0,-0.2,0.0,0.37945833333333334,1,2015-09-01,1.0,0.0,2016,0.0
Arizona,2016-09-01,1726841.0,2016,1563400.0,110.45420237942945,1492698,115.68589225683962,2015,24.0,60.0,0.4,13.0,30.0,0.43333333333333335,-0.09999999999999998,0.0,-0.06666666666666665,0.0,0.4507916666666667,1,2014-01-01,1.0,0.0,2016,0.0
Arkansas,2016-09-01,938313.0,2016,748471.6666666666,125.36386369557522,761746,123.17924872595327,2015,36.0,100.0,0.36,11.0,35.0,0.3142857142857143,-0.14,0.0,-0.18571428571428572,0.0,0.33725000000000005,1,2014-01-01,1.0,0.0,2016,0.0
California,2016-09-01,12281044.0,2016,7980817.0,153.88203989641661,7534254,163.00278700452625,2015,52.0,80.0,0.65,25.0,40.0,0.625,0.15000000000000002,1.0,0.125,1.0,0.6163333333333333,1,2014-01-01,1.0,0.0,2016,0.0
Colorado,2016-09-01,1372096.0,2016,880393.3333333334,155.850339620927,820836,167.15836050075777,2015,34.0,65.0,0.5230769230769231,17.0,35.0,0.4857142857142857,0.023076923076923106,1.0,-0.01428571428571429,1.0,0.48241666666666666,1,2014-01-01,1.0,0.0,2016,0.0
Connecticut,2016-09-01,764441.0,2016,501669.0,152.37955703860513,530145,144.1947014496034,2015,86.0,151.0,0.5695364238410596,20.0,36.0,0.5555555555555556,0.06953642384105962,1.0,0.05555555555555558,1.0,0.5465,1,2014-01-01,1.0,0.0,2016,0.0
Delaware,2016-09-01,235665.0,2016,174134.33333333334,135.3351722712159,165961,142.00022896945669,2015,25.0,41.0,0.6097560975609756,12.0,21.0,0.5714285714285714,0.1097560975609756,1.0,0.0714285714285714,1.0,0.5333333333333333,1,2014-01-01,1.0,0.0,2016,0.0
Florida,2016-09-01,4328562.0,2016,4528346.0,95.58814631214135,4384883,98.71556436055421,2015,38.0,120.0,0.31666666666666665,14.0,40.0,0.35,-0.18333333333333335,0.0,-0.15000000000000002,0.0,0.47891666666666666,0,,0.0,0.0,2016,0.0
Georgia,2016-09-01,1774402.0,2016,2312727.0,76.72336596580574,2209726,80.29963895976243,2015,59.0,180.0,0.3277777777777778,18.0,56.0,0.32142857142857145,-0.17222222222222222,0.0,-0.17857142857142855,0.0,0.45483333333333337,0,,0.0,0.0,2016,0.0
Hawaii,2016-09-01,343224.0,2016,190529.33333333334,180.1423402870599,185180,185.34614969219137,2015,44.0,51.0,0.8627450980392157,24.0,25.0,0.96,0.36274509803921573,1.0,0.45999999999999996,1.0,0.624875,1,2014-01-01,1.0,0.0,2016,0.0
Idaho,2016-09-01,295839.0,2016,351589.6666666667,84.1432579076556,341618,86.59935951852654,2015,14.0,70.0,0.2,7.0,35.0,0.2,-0.3,0.0,-0.3,0.0,0.27795833333333336,1,2020-01-01,0.0,0.0,2016,0.0
Illinois,2016-09-01,3116270.0,2016,2362114.6666666665,131.92712631506458,2253479,138.28706635384665,2015,71.0,118.0,0.6016949152542372,39.0,59.0,0.6610169491525424,0.10169491525423724,1.0,0.1610169491525424,0.0,0.5549583333333333,1,2014-01-01,1.0,0.0,2016,0.0
Indiana,2016-09-01,1495703.0,2016,1321298.3333333333,113.19949191388774,1293314,115.6488679469951,2015,30.0,100.0,0.3,10.0,50.0,0.2,-0.2,0.0,-0.3,0.0,0.38158333333333333,1,2015-02-01,1.0,0.0,2016,1.0
Iowa,2016-09-01,619679.0,2016,522128.0,118.68334967670762,533922,116.0617093882627,2015,43.0,100.0,0.43,26.0,50.0,0.52,-0.07,0.0,0.020000000000000018,0.0,0.42325,1,2014-01-01,1.0,0.0,2016,0.0
Kansas,2016-09-01,423428.0,2016,532126.0,79.57288311414966,526814,80.37523680084432,2015,28.0,125.0,0.224,8.0,40.0,0.2,-0.276,0.0,-0.3,0.0,0.360875,0,,0.0,0.0,2016,0.0
Kentucky,2016-09-01,1219044.0,2016,1088146.0,112.02945193016379,1057085,115.32128447570442,2015,54.0,100.0,0.54,11.0,38.0,0.2894736842105263,0.040000000000000036,1.0,-0.21052631578947367,1.0,0.329125,1,2014-01-01,1.0,0.0,2016,0.0
Louisiana,2016-09-01,1359014.0,2016,1286035.3333333333,105.67470152453045,1237143,109.85100348140837,2015,43.0,105.0,0.4095238095238095,13.0,39.0,0.3333333333333333,-0.09047619047619049,0.0,-0.16666666666666669,0.0,0.38495833333333335,1,2016-07-01,1.0,0.0,2016,0.0
Maine,2016-09-01,271949.0,2016,238074.33333333334,114.22860927189407,231999,117.2199018099216,2015,78.0,151.0,0.5165562913907285,15.0,35.0,0.42857142857142855,0.01655629139072845,1.0,-0.07142857142857145,0.0,0.48066666666666663,1,2019-01-01,0.0,0.0,2016,0.0
Maryland,2016-09-01,1255816.0,2016,824458.0,152.32019096181978,793697,158.2236042217622,2015,90.0,141.0,0.6382978723404256,32.0,47.0,0.6808510638297872,0.13829787234042556,1.0,0.18085106382978722,0.0,0.60075,1,2014-01-01,1.0,0.0,2016,0.0
Massachusetts,2016-09-01,1692569.0,2016,994523.3333333334,170.18896824944613,972871,173.9767142817496,2015,123.0,160.0,0.76875,34.0,40.0,0.85,0.26875000000000004,1.0,0.35,0.0,0.6003333333333333,1,2014-01-01,1.0,0.0,2016,0.0
Michigan,2016-09-01,2298149.0,2016,2055375.6666666667,111.81162827168495,1999842,114.91652840574405,2015,47.0,110.0,0.42727272727272725,11.0,38.0,0.2894736842105263,-0.07272727272727275,0.0,-0.21052631578947367,0.0,0.4749583333333333,1,2014-04-01,1.0,0.0,2016,0.0
Minnesota,2016-09-01,1059681.0,2016,813332.6666666666,130.28875433504453,814317,130.13126337777547,2015,62.0,134.0,0.4626865671641791,39.0,67.0,0.582089552238806,-0.03731343283582089,0.0,0.08208955223880599,1.0,0.4675416666666667,1,2014-01-01,1.0,0.0,2016,0.0
Mississippi,2016-09-01,692015.0,2016,836619.3333333334,82.7156357052869,831252,83.24972451194103,2015,56.0,122.0,0.45901639344262296,20.0,52.0,0.38461538461538464,-0.04098360655737704,0.0,-0.11538461538461536,0.0,0.40725,0,,0.0,0.0,2016,0.0
Missouri,2016-09-01,971223.0,2016,1229422.0,78.99834231045158,1199818,80.9475270416013,2015,44.0,163.0,0.26993865030674846,9.0,34.0,0.2647058823529412,-0.23006134969325154,0.0,-0.23529411764705882,1.0,0.3854166666666667,1,2021-07-01,0.0,0.0,2016,0.0
Montana,2016-09-01,234367.0,2016,208178.33333333334,112.5799194600783,210360,111.41234074919186,2015,41.0,100.0,0.41,21.0,50.0,0.42,-0.09000000000000002,0.0,-0.08000000000000002,1.0,0.3605,1,2016-01-01,1.0,0.0,2016,0.0
Nevada,2016-09-01,616142.0,2016,599591.6666666666,102.76026740420565,595228,103.51361159085258,2015,17.0,42.0,0.40476190476190477,10.0,21.0,0.47619047619047616,-0.09523809523809523,0.0,-0.023809523809523836,0.0,0.478,1,2014-01-01,1.0,0.0,2016,0.0
New Hampshire,2016-09-01,188268.0,2016,155379.33333333334,121.16669312521185,155659,120.94899748809897,2015,160.0,400.0,0.4,10.0,24.0,0.4166666666666667,-0.09999999999999998,0.0,-0.08333333333333331,1.0,0.48075,1,2014-08-15,1.0,0.0,2016,0.0
New Jersey,2016-09-01,1779632.0,2016,1327192.0,134.0900186257904,1255020,141.80108683526956,2015,48.0,80.0,0.6,24.0,40.0,0.6,0.09999999999999998,1.0,0.09999999999999998,0.0,0.5512916666666667,1,2014-01-01,1.0,0.0,2016,0.0
New Mexico,2016-09-01,768665.0,2016,582123.6666666666,132.0449663903031,585602,131.2606514322014,2015,33.0,70.0,0.4714285714285714,25.0,42.0,0.5952380952380952,-0.02857142857142858,0.0,0.09523809523809523,0.0,0.484,1,2014-01-01,1.0,0.0,2016,0.0
New York,2016-09-01,6423932.0,2016,3995775.3333333335,160.76809790607177,3765183,170.61407108233516,2015,106.0,150.0,0.7066666666666667,31.0,63.0,0.49206349206349204,0.20666666666666667,1.0,-0.007936507936507964,1.0,0.5908749999999999,1,2014-01-01,1.0,0.0,2016,0.0
North Carolina,2016-09-01,2076656.0,2016,2249183.3333333335,92.32933435098664,2153017,96.45330250527515,2015,45.0,120.0,0.375,15.0,50.0,0.3,-0.125,0.0,-0.2,0.0,0.46470833333333333,1,2023-12-01,0.0,0.0,2016,0.0
North Dakota,2016-09-01,79114.0,2016,116711.0,67.78624122833324,122160,64.7626064178127,2015,23.0,94.0,0.24468085106382978,15.0,47.0,0.3191489361702128,-0.25531914893617025,0.0,-0.18085106382978722,0.0,0.27579166666666666,1,2014-01-01,1.0,0.0,2016,0.0
Ohio,2016-09-01,3009706.0,2016,2331611.3333333335,129.0826630052979,2296371,131.0635781413369,2015,34.0,99.0,0.3434343434343434,10.0,33.0,0.30303030303030304,-0.15656565656565657,0.0,-0.19696969696969696,0.0,0.43895833333333334,1,2014-01-01,1.0,0.0,2016,0.0
Oklahoma,2016-09-01,795804.0,2016,930161.6666666666,85.555450038255,885167,89.90439092284281,2015,29.0,101.0,0.2871287128712871,8.0,48.0,0.16666666666666666,-0.2128712871287129,0.0,-0.33333333333333337,0.0,0.290875,1,2021-07-01,0.0,0.0,2016,0.0
Oregon,2016-09-01,1012709.0,2016,815512.6666666666,124.18065854689362,797451,126.99325726596366,2015,35.0,60.0,0.5833333333333334,18.0,30.0,0.6,0.08333333333333337,1.0,0.09999999999999998,1.0,0.50175,1,2014-01-01,1.0,0.0,2016,0.0
Pennsylvania,2016-09-01,2889954.0,2016,2297301.6666666665,125.79775838465564,2259652,127.89376417253631,2015,83.0,203.0,0.4088669950738916,20.0,50.0,0.4,-0.09113300492610837,0.0,-0.09999999999999998,1.0,0.477875,1,2015-01-01,1.0,0.0,2016,0.0
Rhode Island,2016-09-01,286836.0,2016,180618.0,158.80809221672257,188712,151.9966933740303,2015,63.0,75.0,0.84,32.0,38.0,0.8421052631578947,0.33999999999999997,1.0,0.3421052631578947,1.0,0.5475416666666667,1,2014-01-01,1.0,0.0,2016,0.0
South Carolina,2016-09-01,1031085.0,2016,1130266.0,91.22498597675236,1124024,91.7315822437955,2015,46.0,124.0,0.3709677419354839,18.0,46.0,0.391304347826087,-0.12903225806451613,0.0,-0.10869565217391303,0.0,0.4055416666666667,0,,0.0,0.0,2016,0.0
South Dakota,2016-09-01,119856.0,2016,161848.0,74.05466857792497,166237,72.09947243995019,2015,12.0,70.0,0.17142857142857143,8.0,35.0,0.22857142857142856,-0.32857142857142857,0.0,-0.27142857142857146,0.0,0.321375,1,2023-07-01,0.0,0.0,2016,0.0
Tennessee,2016-09-01,1627132.0,2016,1502511.6666666667,108.29413415536429,1514870,107.41066890228204,2015,26.0,99.0,0.26262626262626265,5.0,33.0,0.15151515151515152,-0.23737373737373735,0.0,-0.3484848484848485,0.0,0.3469583333333333,0,,0.0,0.0,2016,0.0
Texas,2016-09-01,4782013.0,2016,6300419.666666667,75.89991227568491,6299251,75.91399358431661,2015,50.0,150.0,0.3333333333333333,11.0,31.0,0.3548387096774194,-0.16666666666666669,0.0,-0.14516129032258063,0.0,0.431375,0,,0.0,0.0,2016,0.0
Utah,2016-09-01,313286.0,2016,484366.3333333333,64.67955727723988,456764,68.58815493340106,2015,12.0,75.0,0.16,5.0,29.0,0.1724137931034483,-0.33999999999999997,0.0,-0.3275862068965517,0.0,0.27295833333333336,1,2020-01-01,0.0,0.0,2016,0.0
Vermont,2016-09-01,171918.0,2016,106079.66666666667,162.06498889199625,96287,178.54746746705163,2015,85.0,150.0,0.5666666666666667,21.0,30.0,0.7,0.06666666666666665,1.0,0.19999999999999996,1.0,0.5654583333333334,1,2014-01-01,1.0,0.0,2016,0.0
Virginia,2016-09-01,989276.0,2016,1321848.0,74.84037499016529,1298806,76.16811132686483,2015,32.0,100.0,0.32,19.0,40.0,0.475,-0.18,0.0,-0.025000000000000022,1.0,0.49575,1,2019-01-01,0.0,0.0,2016,0.0
Washington,2016-09-01,1792729.0,2016,1200189.0,149.3705574705317,1136840,157.69404665564196,2015,51.0,98.0,0.5204081632653061,24.0,49.0,0.4897959183673469,0.020408163265306145,1.0,-0.010204081632653073,1.0,0.5439583333333333,1,2014-01-01,1.0,0.0,2016,0.0
West Virginia,2016-09-01,574629.0,2016,475318.0,120.89359123786603,462592,124.21939851964584,2015,36.0,100.0,0.36,16.0,34.0,0.47058823529411764,-0.14,0.0,-0.02941176470588236,1.0,0.26787500000000003,1,2014-01-01,1.0,0.0,2016,0.0
Wisconsin,2016-09-01,1045274.0,2016,983981.6666666666,106.22901171939179,951649,109.83818613795633,2015,36.0,99.0,0.36363636363636365,14.0,33.0,0.42424242424242425,-0.13636363636363635,0.0,-0.07575757575757575,0.0,0.468625,0,,0.0,0.0,2016,0.0
Wyoming,2016-09-01,63403.0,2016,96114.66666666667,65.96599894570375,93266,67.98082902665494,2015,9.0,60.0,0.15,4.0,30.0,0.13333333333333333,-0.35,0.0,-0.3666666666666667,0.0,0.22341666666666665,0,,0.0,0.0,2016,0.0
Alabama,2016-10-01,901450.0,2016,1184180.5,76.12437462025426,1174119,76.7767151370517,2015,33.0,105.0,0.3142857142857143,8.0,35.0,0.22857142857142856,-0.18571428571428572,0.0,-0.27142857142857146,0.0,0.3428333333333334,0,,0.0,0.0,2016,0.0
Alaska,2016-10-01,172804.0,2016,116968.5,147.73550143842144,114607,150.77962079105117,2015,16.0,40.0,0.4,6.0,20.0,0.3,-0.09999999999999998,0.0,-0.2,0.0,0.3787291666666667,1,2015-09-01,1.0,0.0,2016,0.0
Arizona,2016-10-01,1735807.0,2016,1555801.0,111.5699887067819,1492698,116.28654959007115,2015,24.0,60.0,0.4,13.0,30.0,0.43333333333333335,-0.09999999999999998,0.0,-0.06666666666666665,0.0,0.45089583333333333,1,2014-01-01,1.0,0.0,2016,0.0
Arkansas,2016-10-01,942076.0,2016,745744.0,126.32699693192302,761746,123.67324541251283,2015,36.0,100.0,0.36,11.0,35.0,0.3142857142857143,-0.14,0.0,-0.18571428571428572,0.0,0.336625,1,2014-01-01,1.0,0.0,2016,0.0
California,2016-10-01,12189352.0,2016,7937988.25,153.5571937889931,7534254,161.7857852947352,2015,52.0,80.0,0.65,25.0,40.0,0.625,0.15000000000000002,1.0,0.125,1.0,0.6166666666666667,1,2014-01-01,1.0,0.0,2016,0.0
Colorado,2016-10-01,1371548.0,2016,875083.75,156.73334123733872,820836,167.09159929632716,2015,34.0,65.0,0.5230769230769231,17.0,35.0,0.4857142857142857,0.023076923076923106,1.0,-0.01428571428571429,1.0,0.4817083333333333,1,2014-01-01,1.0,0.0,2016,0.0
Connecticut,2016-10-01,753260.0,2016,501242.0,150.2787076900978,530145,142.085655811146,2015,86.0,151.0,0.5695364238410596,20.0,36.0,0.5555555555555556,0.06953642384105962,1.0,0.05555555555555558,1.0,0.5457500000000001,1,2014-01-01,1.0,0.0,2016,0.0
Delaware,2016-10-01,236796.0,2016,176508.5,134.15557890979755,165961,142.68171437867935,2015,25.0,41.0,0.6097560975609756,12.0,21.0,0.5714285714285714,0.1097560975609756,1.0,0.0714285714285714,1.0,0.5321666666666667,1,2014-01-01,1.0,0.0,2016,0.0
Florida,2016-10-01,4343861.0,2016,4516495.0,96.17769974283156,4384883,99.06446762661626,2015,38.0,120.0,0.31666666666666665,14.0,40.0,0.35,-0.18333333333333335,0.0,-0.15000000000000002,0.0,0.4784583333333333,0,,0.0,0.0,2016,0.0
Georgia,2016-10-01,1765336.0,2016,2308071.5,76.48532551959504,2209726,79.88936184848258,2015,59.0,180.0,0.3277777777777778,18.0,56.0,0.32142857142857145,-0.17222222222222222,0.0,-0.17857142857142855,0.0,0.4549166666666667,0,,0.0,0.0,2016,0.0
Hawaii,2016-10-01,343278.0,2016,189806.0,180.85729639737417,185180,185.37531050869424,2015,44.0,51.0,0.8627450980392157,24.0,25.0,0.96,0.36274509803921573,1.0,0.45999999999999996,1.0,0.6229375,1,2014-01-01,1.0,0.0,2016,0.0
Idaho,2016-10-01,297497.0,2016,349912.5,85.02039795663201,341618,87.08469694219859,2015,14.0,70.0,0.2,7.0,35.0,0.2,-0.3,0.0,-0.3,0.0,0.27697916666666667,1,2020-01-01,0.0,0.0,2016,0.0
Illinois,2016-10-01,3099017.0,2016,2356854.0,131.48956193298352,2253479,137.52145016660907,2015,71.0,118.0,0.6016949152542372,39.0,59.0,0.6610169491525424,0.10169491525423724,1.0,0.1610169491525424,0.0,0.5544791666666667,1,2014-01-01,1.0,0.0,2016,0.0
Indiana,2016-10-01,1508131.0,2016,1317915.25,114.43307906179857,1293314,116.60981014664654,2015,30.0,100.0,0.3,10.0,50.0,0.2,-0.2,0.0,-0.3,0.0,0.3802916666666667,1,2015-02-01,1.0,0.0,2016,1.0
Iowa,2016-10-01,626496.0,2016,520121.25,120.45191385662477,533922,117.33848764426264,2015,43.0,100.0,0.43,26.0,50.0,0.52,-0.07,0.0,0.020000000000000018,0.0,0.42112499999999997,1,2014-01-01,1.0,0.0,2016,0.0
Kansas,2016-10-01,423320.0,2016,530933.25,79.73130332296951,526814,80.35473620670673,2015,28.0,125.0,0.224,8.0,40.0,0.2,-0.276,0.0,-0.3,0.0,0.36043749999999997,0,,0.0,0.0,2016,0.0
Kentucky,2016-10-01,1227277.0,2016,1083793.0,113.23905948829712,1057085,116.10012439870019,2015,54.0,100.0,0.54,11.0,38.0,0.2894736842105263,0.040000000000000036,1.0,-0.21052631578947367,1.0,0.32806250000000003,1,2014-01-01,1.0,0.0,2016,0.0
Louisiana,2016-10-01,1379385.0,2016,1286918.5,107.18510923574414,1237143,111.49761991944342,2015,43.0,105.0,0.4095238095238095,13.0,39.0,0.3333333333333333,-0.09047619047619049,0.0,-0.16666666666666669,0.0,0.38447916666666665,1,2016-07-01,1.0,0.0,2016,0.0
Maine,2016-10-01,271298.0,2016,237049.25,114.44794699835583,231999,116.93929715214291,2015,78.0,151.0,0.5165562913907285,15.0,35.0,0.42857142857142855,0.01655629139072845,1.0,-0.07142857142857145,0.0,0.47883333333333333,1,2019-01-01,0.0,0.0,2016,0.0
Maryland,2016-10-01,1261880.0,2016,824152.25,153.11248619414675,793697,158.9876237405458,2015,90.0,141.0,0.6382978723404256,32.0,47.0,0.6808510638297872,0.13829787234042556,1.0,0.18085106382978722,0.0,0.600375,1,2014-01-01,1.0,0.0,2016,0.0
Massachusetts,2016-10-01,1702946.0,2016,996588.0,170.87763448887605,972871,175.04335107121088,2015,123.0,160.0,0.76875,34.0,40.0,0.85,0.26875000000000004,1.0,0.35,0.0,0.6001666666666666,1,2014-01-01,1.0,0.0,2016,0.0
Michigan,2016-10-01,2305237.0,2016,2048186.25,112.5501648104512,1999842,115.27095640555605,2015,47.0,110.0,0.42727272727272725,11.0,38.0,0.2894736842105263,-0.07272727272727275,0.0,-0.21052631578947367,0.0,0.4734791666666667,1,2014-04-01,1.0,0.0,2016,0.0
Minnesota,2016-10-01,1039203.0,2016,809858.75,128.31904328995643,814317,127.616517891681,2015,62.0,134.0,0.4626865671641791,39.0,67.0,0.582089552238806,-0.03731343283582089,0.0,0.08208955223880599,1.0,0.46627083333333336,1,2014-01-01,1.0,0.0,2016,0.0
Mississippi,2016-10-01,687936.0,2016,834272.25,82.45941297939612,831252,82.75901892566876,2015,56.0,122.0,0.45901639344262296,20.0,52.0,0.38461538461538464,-0.04098360655737704,0.0,-0.11538461538461536,0.0,0.406625,0,,0.0,0.0,2016,0.0
Missouri,2016-10-01,975708.0,2016,1226843.25,79.52996440254286,1199818,81.32133373561656,2015,44.0,163.0,0.26993865030674846,9.0,34.0,0.2647058823529412,-0.23006134969325154,0.0,-0.23529411764705882,1.0,0.3842083333333334,1,2021-07-01,0.0,0.0,2016,0.0
Montana,2016-10-01,236883.0,2016,206876.5,114.50454739905209,210360,112.60838562464346,2015,41.0,100.0,0.41,21.0,50.0,0.42,-0.09000000000000002,0.0,-0.08000000000000002,1.0,0.35924999999999996,1,2016-01-01,1.0,0.0,2016,0.0
Nevada,2016-10-01,620116.0,2016,596605.0,103.94079835066752,595228,104.18125491408334,2015,17.0,42.0,0.40476190476190477,10.0,21.0,0.47619047619047616,-0.09523809523809523,0.0,-0.023809523809523836,0.0,0.477,1,2014-01-01,1.0,0.0,2016,0.0
New Hampshire,2016-10-01,189871.0,2016,156074.5,121.65408186475048,155659,121.978812661009,2015,160.0,400.0,0.4,10.0,24.0,0.4166666666666667,-0.09999999999999998,0.0,-0.08333333333333331,1.0,0.479875,1,2014-08-15,1.0,0.0,2016,0.0
New Jersey,2016-10-01,1780848.0,2016,1321699.75,134.7392250017449,1255020,141.89797772147057,2015,48.0,80.0,0.6,24.0,40.0,0.6,0.09999999999999998,1.0,0.09999999999999998,0.0,0.5506458333333334,1,2014-01-01,1.0,0.0,2016,0.0
New Mexico,2016-10-01,769759.0,2016,580718.25,132.55292045669307,585602,131.44746773405828,2015,33.0,70.0,0.4714285714285714,25.0,42.0,0.5952380952380952,-0.02857142857142858,0.0,0.09523809523809523,0.0,0.483,1,2014-01-01,1.0,0.0,2016,0.0
New York,2016-10-01,6423107.0,2016,3989828.5,160.98704493188117,3765183,170.59215979674826,2015,106.0,150.0,0.7066666666666667,31.0,63.0,0.49206349206349204,0.20666666666666667,1.0,-0.007936507936507964,1.0,0.5899375,1,2014-01-01,1.0,0.0,2016,0.0
North Carolina,2016-10-01,2082549.0,2016,2242327.5,92.87443515721945,2153017,96.72701144487014,2015,45.0,120.0,0.375,15.0,50.0,0.3,-0.125,0.0,-0.2,0.0,0.4643541666666667,1,2023-12-01,0.0,0.0,2016,0.0
North Dakota,2016-10-01,83149.0,2016,116477.25,71.38647246565316,122160,68.06565160445318,2015,23.0,94.0,0.24468085106382978,15.0,47.0,0.3191489361702128,-0.25531914893617025,0.0,-0.18085106382978722,0.0,0.27339583333333334,1,2014-01-01,1.0,0.0,2016,0.0
Ohio,2016-10-01,3009284.0,2016,2324853.75,129.43971206790965,2296371,131.0452013198216,2015,34.0,99.0,0.3434343434343434,10.0,33.0,0.30303030303030304,-0.15656565656565657,0.0,-0.19696969696969696,0.0,0.43747916666666664,1,2014-01-01,1.0,0.0,2016,0.0
Oklahoma,2016-10-01,803971.0,2016,928256.25,86.61089004248558,885167,90.82704167688132,2015,29.0,101.0,0.2871287128712871,8.0,48.0,0.16666666666666666,-0.2128712871287129,0.0,-0.33333333333333337,0.0,0.28993749999999996,1,2021-07-01,0.0,0.0,2016,0.0
Oregon,2016-10-01,1008789.0,2016,814529.5,123.8492896819575,797451,126.50169101299014,2015,35.0,60.0,0.5833333333333334,18.0,30.0,0.6,0.08333333333333337,1.0,0.09999999999999998,1.0,0.500875,1,2014-01-01,1.0,0.0,2016,0.0
Pennsylvania,2016-10-01,2891919.0,2016,2291749.25,126.18828172410224,2259652,127.98072446553716,2015,83.0,203.0,0.4088669950738916,20.0,50.0,0.4,-0.09113300492610837,0.0,-0.09999999999999998,1.0,0.47693749999999996,1,2015-01-01,1.0,0.0,2016,0.0
Rhode Island,2016-10-01,288632.0,2016,179584.75,160.72188757675693,188712,152.94840815634404,2015,63.0,75.0,0.84,32.0,38.0,0.8421052631578947,0.33999999999999997,1.0,0.3421052631578947,1.0,0.5457708333333333,1,2014-01-01,1.0,0.0,2016,0.0
South Carolina,2016-10-01,1001103.0,2016,1133789.25,88.29709754259886,1124024,89.06420147612506,2015,46.0,124.0,0.3709677419354839,18.0,46.0,0.391304347826087,-0.12903225806451613,0.0,-0.10869565217391303,0.0,0.40477083333333336,0,,0.0,0.0,2016,0.0
South Dakota,2016-10-01,119694.0,2016,161457.25,74.13355547675933,166237,72.00202121068114,2015,12.0,70.0,0.17142857142857143,8.0,35.0,0.22857142857142856,-0.32857142857142857,0.0,-0.27142857142857146,0.0,0.3196875,1,2023-07-01,0.0,0.0,2016,0.0
Tennessee,2016-10-01,1627213.0,2016,1499830.25,108.49314447418298,1514870,107.41601589575342,2015,26.0,99.0,0.26262626262626265,5.0,33.0,0.15151515151515152,-0.23737373737373735,0.0,-0.3484848484848485,0.0,0.3459791666666666,0,,0.0,0.0,2016,0.0
Texas,2016-10-01,4801395.0,2016,6288643.0,76.35025553207583,6299251,76.22168095857745,2015,50.0,150.0,0.3333333333333333,11.0,31.0,0.3548387096774194,-0.16666666666666669,0.0,-0.14516129032258063,0.0,0.4316875,0,,0.0,0.0,2016,0.0
Utah,2016-10-01,311713.0,2016,481730.0,64.70699354410146,456764,68.243775779177,2015,12.0,75.0,0.16,5.0,29.0,0.1724137931034483,-0.33999999999999997,0.0,-0.3275862068965517,0.0,0.27347916666666666,1,2020-01-01,0.0,0.0,2016,0.0
Vermont,2016-10-01,169039.0,2016,105882.25,159.64809965787467,96287,175.55744804594596,2015,85.0,150.0,0.5666666666666667,21.0,30.0,0.7,0.06666666666666665,1.0,0.19999999999999996,1.0,0.5632291666666667,1,2014-01-01,1.0,0.0,2016,0.0
Virginia,2016-10-01,990972.0,2016,1319613.75,75.0956103632597,1298806,76.29869279938652,2015,32.0,100.0,0.32,19.0,40.0,0.475,-0.18,0.0,-0.025000000000000022,1.0,0.495375,1,2019-01-01,0.0,0.0,2016,0.0
Washington,2016-10-01,1797679.0,2016,1198044.75,150.05107280007698,1136840,158.12946412863727,2015,51.0,98.0,0.5204081632653061,24.0,49.0,0.4897959183673469,0.020408163265306145,1.0,-0.010204081632653073,1.0,0.5434791666666667,1,2014-01-01,1.0,0.0,2016,0.0
West Virginia,2016-10-01,571987.0,2016,475753.0,120.22772320931239,462592,123.64826888489209,2015,36.0,100.0,0.36,16.0,34.0,0.47058823529411764,-0.14,0.0,-0.02941176470588236,1.0,0.26593750000000005,1,2014-01-01,1.0,0.0,2016,0.0
Wisconsin,2016-10-01,1040474.0,2016,982255.0,105.92707596296277,951649,109.33379849083013,2015,36.0,99.0,0.36363636363636365,14.0,33.0,0.42424242424242425,-0.13636363636363635,0.0,-0.07575757575757575,0.0,0.4673125,0,,0.0,0.0,2016,0.0
Wyoming,2016-10-01,61650.0,2016,95765.0,64.3763379105101,93266,66.10125876525208,2015,9.0,60.0,0.15,4.0,30.0,0.13333333333333333,-0.35,0.0,-0.3666666666666667,0.0,0.22220833333333334,0,,0.0,0.0,2016,0.0
Alabama,2016-11-01,897972.0,2016,1183656.6666666667,75.86422864738367,1174119,76.48049303350001,2017,32.0,105.0,0.3047619047619048,8.0,35.0,0.22857142857142856,-0.1952380952380952,0.0,-0.27142857142857146,0.0,0.342,0,,0.0,0.0,2016,0.0
Alaska,2016-11-01,175661.0,2016,117801.33333333333,149.11630881370897,114607,153.27248771890027,2017,17.0,40.0,0.425,6.0,20.0,0.3,-0.07500000000000001,0.0,-0.2,0.0,0.378,1,2015-09-01,1.0,0.0,2016,0.0
Arizona,2016-11-01,1739690.0,2016,1548202.0,112.36841187390276,1492698,116.54668258415299,2017,25.0,60.0,0.4166666666666667,13.0,30.0,0.43333333333333335,-0.08333333333333331,0.0,-0.06666666666666665,0.0,0.451,1,2014-01-01,1.0,0.0,2016,0.0
Arkansas,2016-11-01,931219.0,2016,743016.3333333334,125.329546367083,761746,122.24796717015909,2017,24.0,100.0,0.24,9.0,35.0,0.2571428571428571,-0.26,0.0,-0.24285714285714288,0.0,0.336,1,2014-01-01,1.0,0.0,2016,0.0
California,2016-11-01,12209605.0,2016,7895159.5,154.6467173969063,7534254,162.0545975752875,2017,55.0,80.0,0.6875,27.0,40.0,0.675,0.1875,1.0,0.17500000000000004,1.0,0.617,1,2014-01-01,1.0,0.0,2016,0.0
Colorado,2016-11-01,1383845.0,2016,869774.1666666666,159.10394364820755,820836,168.5897061045081,2017,37.0,65.0,0.5692307692307692,17.0,35.0,0.4857142857142857,0.0692307692307692,1.0,-0.01428571428571429,1.0,0.481,1,2014-01-01,1.0,0.0,2016,0.0
Delaware,2016-11-01,239614.0,2016,178882.66666666666,133.95037342913793,165961,144.37970366531897,2017,25.0,41.0,0.6097560975609756,11.0,21.0,0.5238095238095238,0.1097560975609756,1.0,0.023809523809523836,1.0,0.531,1,2014-01-01,1.0,0.0,2016,0.0
Florida,2016-11-01,4339202.0,2016,4504644.0,96.32730133613222,4384883,98.95821621694353,2017,41.0,120.0,0.3416666666666667,15.0,40.0,0.375,-0.15833333333333333,0.0,-0.125,0.0,0.478,0,,0.0,0.0,2016,0.0
Georgia,2016-11-01,1762545.0,2016,2303416.0,76.51874433450145,2209726,79.76305659615717,2017,62.0,180.0,0.34444444444444444,18.0,56.0,0.32142857142857145,-0.15555555555555556,0.0,-0.17857142857142855,0.0,0.455,0,,0.0,0.0,2016,0.0
Hawaii,2016-11-01,345311.0,2016,189082.66666666666,182.62435477956734,185180,186.47316124851497,2017,45.0,51.0,0.8823529411764706,25.0,25.0,1.0,0.38235294117647056,1.0,0.5,1.0,0.621,1,2014-01-01,1.0,0.0,2016,0.0
Idaho,2016-11-01,298901.0,2016,348235.3333333333,85.83304776654867,341618,87.49568231182198,2017,11.0,70.0,0.15714285714285714,6.0,35.0,0.17142857142857143,-0.34285714285714286,0.0,-0.32857142857142857,0.0,0.276,1,2020-01-01,0.0,0.0,2016,0.0
Illinois,2016-11-01,3102506.0,2016,2351593.3333333335,131.9320800932134,2253479,137.67627743591132,2017,67.0,118.0,0.5677966101694916,37.0,59.0,0.6271186440677966,0.06779661016949157,1.0,0.1271186440677966,0.0,0.554,1,2014-01-01,1.0,0.0,2016,0.0
Indiana,2016-11-01,1506865.0,2016,1314532.1666666667,114.63127629817096,1293314,116.51192208543324,2017,30.0,100.0,0.3,9.0,50.0,0.18,-0.2,0.0,-0.32,0.0,0.379,1,2015-02-01,1.0,0.0,2016,1.0
Kansas,2016-11-01,416379.0,2016,529740.5,78.60056008555132,526814,79.03719339273444,2017,40.0,125.0,0.32,9.0,40.0,0.225,-0.18,0.0,-0.275,0.0,0.36,0,,0.0,0.0,2016,0.0
Maine,2016-11-01,270507.0,2016,236024.16666666666,114.60987398889237,231999,116.59834740666986,2017,77.0,151.0,0.5099337748344371,17.0,35.0,0.4857142857142857,0.009933774834437137,1.0,-0.01428571428571429,0.0,0.477,1,2019-01-01,0.0,0.0,2016,0.0
Maryland,2016-11-01,1272738.0,2016,823846.5,154.4872740249549,793697,160.3556520939351,2017,90.0,141.0,0.6382978723404256,33.0,47.0,0.7021276595744681,0.13829787234042556,1.0,0.2021276595744681,0.0,0.6,1,2014-01-01,1.0,0.0,2016,0.0
Massachusetts,2016-11-01,1686489.0,2016,998652.6666666666,168.87643284718945,972871,173.3517598941689,2017,125.0,160.0,0.78125,34.0,40.0,0.85,0.28125,1.0,0.35,0.0,0.6,1,2014-01-01,1.0,0.0,2016,0.0
Michigan,2016-11-01,2315634.0,2016,2040996.8333333333,113.45603100315115,1999842,115.79084747695067,2017,47.0,110.0,0.42727272727272725,11.0,38.0,0.2894736842105263,-0.07272727272727275,0.0,-0.21052631578947367,0.0,0.472,1,2014-04-01,1.0,0.0,2016,0.0
Mississippi,2016-11-01,686367.0,2016,831925.1666666666,82.5034543371389,831252,82.57026750010827,2017,48.0,122.0,0.39344262295081966,20.0,52.0,0.38461538461538464,-0.10655737704918034,0.0,-0.11538461538461536,0.0,0.406,0,,0.0,0.0,2016,0.0
Montana,2016-11-01,241407.0,2016,205574.66666666666,117.43032539677394,210360,114.7589845978323,2017,41.0,100.0,0.41,18.0,50.0,0.36,-0.09000000000000002,0.0,-0.14,1.0,0.358,1,2016-01-01,1.0,0.0,2016,0.0
New Jersey,2016-11-01,1790310.0,2016,1316207.5,136.02034633596907,1255020,142.65190992972222,2017,52.0,80.0,0.65,24.0,40.0,0.6,0.15000000000000002,1.0,0.09999999999999998,0.0,0.55,1,2014-01-01,1.0,0.0,2016,0.0
North Dakota,2016-11-01,95172.0,2016,116243.5,81.87296493997513,122160,77.90766208251473,2017,13.0,94.0,0.13829787234042554,9.0,47.0,0.19148936170212766,-0.36170212765957444,0.0,-0.30851063829787234,0.0,0.271,1,2014-01-01,1.0,0.0,2016,0.0
Ohio,2016-11-01,2900428.0,2016,2318096.1666666665,125.12112490012458,2296371,126.30485230827249,2017,33.0,99.0,0.3333333333333333,9.0,33.0,0.2727272727272727,-0.16666666666666669,0.0,-0.2272727272727273,0.0,0.436,1,2014-01-01,1.0,0.0,2016,0.0
Oklahoma,2016-11-01,803648.0,2016,926350.8333333334,86.75417251023505,885167,90.79055138747829,2017,26.0,101.0,0.25742574257425743,6.0,48.0,0.125,-0.24257425742574257,0.0,-0.375,0.0,0.289,1,2021-07-01,0.0,0.0,2016,0.0
Oregon,2016-11-01,998999.0,2016,813546.3333333334,122.79558754899844,797451,125.27402937609959,2017,35.0,60.0,0.5833333333333334,17.0,30.0,0.5666666666666667,0.08333333333333337,1.0,0.06666666666666665,1.0,0.5,1,2014-01-01,1.0,0.0,2016,0.0
Pennsylvania,2016-11-01,2902011.0,2016,2286196.8333333335,126.93618317058002,2259652,128.42734190928516,2017,80.0,203.0,0.39408866995073893,16.0,50.0,0.32,-0.10591133004926107,0.0,-0.18,1.0,0.476,1,2015-01-01,1.0,0.0,2016,0.0
Rhode Island,2016-11-01,292396.0,2016,178551.5,163.76003561997518,188712,154.94298189834245,2017,64.0,75.0,0.8533333333333334,33.0,38.0,0.868421052631579,0.3533333333333334,1.0,0.368421052631579,1.0,0.544,1,2014-01-01,1.0,0.0,2016,0.0
South Carolina,2016-11-01,1032651.0,2016,1137312.5,90.7974721107875,1124024,91.87090311238906,2017,44.0,124.0,0.3548387096774194,18.0,46.0,0.391304347826087,-0.14516129032258063,0.0,-0.10869565217391303,0.0,0.404,0,,0.0,0.0,2016,0.0
South Dakota,2016-11-01,119696.0,2016,161066.5,74.31464643485765,166237,72.00322431227704,2017,10.0,70.0,0.14285714285714285,6.0,35.0,0.17142857142857143,-0.35714285714285715,0.0,-0.32857142857142857,0.0,0.318,1,2023-07-01,0.0,0.0,2016,0.0
Tennessee,2016-11-01,1640201.0,2016,1497148.8333333333,109.55497299144052,1514870,108.27338319459756,2017,25.0,99.0,0.25252525252525254,5.0,33.0,0.15151515151515152,-0.24747474747474746,0.0,-0.3484848484848485,0.0,0.345,0,,0.0,0.0,2016,0.0
Texas,2016-11-01,4805046.0,2016,6276866.333333333,76.5516699707747,6299251,76.27964023024325,2017,56.0,150.0,0.37333333333333335,11.0,31.0,0.3548387096774194,-0.12666666666666665,0.0,-0.14516129032258063,0.0,0.432,0,,0.0,0.0,2016,0.0
Utah,2016-11-01,311177.0,2016,479093.6666666667,64.9511821279207,456764,68.12642852764228,2017,13.0,75.0,0.17333333333333334,5.0,29.0,0.1724137931034483,-0.32666666666666666,0.0,-0.3275862068965517,0.0,0.274,1,2020-01-01,0.0,0.0,2016,0.0
Virginia,2016-11-01,992554.0,2016,1317379.5,75.34305794192181,1298806,76.42049697953351,2017,34.0,100.0,0.34,19.0,40.0,0.475,-0.15999999999999998,0.0,-0.025000000000000022,1.0,0.495,1,2019-01-01,0.0,0.0,2016,0.0
West Virginia,2016-11-01,569492.0,2016,476188.0,119.59394188849781,462592,123.10891671278361,2017,36.0,100.0,0.36,12.0,34.0,0.35294117647058826,-0.14,0.0,-0.14705882352941174,1.0,0.264,1,2014-01-01,1.0,0.0,2016,0.0
Wisconsin,2016-11-01,1039577.0,2016,980528.3333333334,106.02212752648657,951649,109.23954104927343,2017,35.0,99.0,0.35353535353535354,13.0,33.0,0.3939393939393939,-0.14646464646464646,0.0,-0.10606060606060608,0.0,0.466,0,,0.0,0.0,2016,0.0
Wyoming,2016-11-01,60796.0,2016,95415.33333333333,63.71722224939388,93266,65.18559818154526,2017,9.0,60.0,0.15,3.0,30.0,0.1,-0.35,0.0,-0.4,0.0,0.221,0,,0.0,0.0,2016,0.0
Alabama,2016-12-01,892753.0,2016,1183132.8333333333,75.45670062124611,1174119,76.03598953768741,2017,32.0,105.0,0.3047619047619048,8.0,35.0,0.22857142857142856,-0.1952380952380952,0.0,-0.27142857142857146,0.0,0.3425,0,,0.0,0.0,2016,0.0
Alaska,2016-12-01,176799.0,2016,118634.16666666667,149.02873680291654,114607,154.2654462641898,2017,17.0,40.0,0.425,6.0,20.0,0.3,-0.07500000000000001,0.0,-0.2,0.0,0.3790833333333333,1,2015-09-01,1.0,0.0,2016,0.0
Arizona,2016-12-01,1739041.0,2016,1540603.0,112.88054093105102,1492698,116.50320426502883,2017,25.0,60.0,0.4166666666666667,13.0,30.0,0.43333333333333335,-0.08333333333333331,0.0,-0.06666666666666665,0.0,0.4519375,1,2014-01-01,1.0,0.0,2016,0.0
Arkansas,2016-12-01,948181.0,2016,740288.6666666666,128.08260381310714,761746,124.47469366429229,2017,24.0,100.0,0.24,9.0,35.0,0.2571428571428571,-0.26,0.0,-0.24285714285714288,0.0,0.3362916666666667,1,2014-01-01,1.0,0.0,2016,0.0
California,2016-12-01,12405352.0,2016,7852330.75,157.983054903794,7534254,164.65269156043848,2017,55.0,80.0,0.6875,27.0,40.0,0.675,0.1875,1.0,0.17500000000000004,1.0,0.617375,1,2014-01-01,1.0,0.0,2016,0.0
Colorado,2016-12-01,1387165.0,2016,864464.5833333334,160.46522052426477,820836,168.99417179558404,2017,37.0,65.0,0.5692307692307692,17.0,35.0,0.4857142857142857,0.0692307692307692,1.0,-0.01428571428571429,1.0,0.48252083333333334,1,2014-01-01,1.0,0.0,2016,0.0
Delaware,2016-12-01,241664.0,2016,181256.83333333334,133.32683549401816,165961,145.6149336289851,2017,25.0,41.0,0.6097560975609756,11.0,21.0,0.5238095238095238,0.1097560975609756,1.0,0.023809523809523836,1.0,0.5321458333333333,1,2014-01-01,1.0,0.0,2016,0.0
Florida,2016-12-01,4337514.0,2016,4492793.0,96.5438202917428,4384883,98.91972032092988,2017,41.0,120.0,0.3416666666666667,15.0,40.0,0.375,-0.15833333333333333,0.0,-0.125,0.0,0.47804166666666664,0,,0.0,0.0,2016,0.0
Georgia,2016-12-01,1755450.0,2016,2298760.5,76.36506717424454,2209726,79.4419760640007,2017,62.0,180.0,0.34444444444444444,18.0,56.0,0.32142857142857145,-0.15555555555555556,0.0,-0.17857142857142855,0.0,0.45585416666666667,0,,0.0,0.0,2016,0.0
Hawaii,2016-12-01,345975.0,2016,188359.33333333334,183.6781824810026,185180,186.83173128847608,2017,45.0,51.0,0.8823529411764706,25.0,25.0,1.0,0.38235294117647056,1.0,0.5,1.0,0.621375,1,2014-01-01,1.0,0.0,2016,0.0
Idaho,2016-12-01,299841.0,2016,346558.1666666667,86.51967514832766,341618,87.77084345672652,2017,11.0,70.0,0.15714285714285714,6.0,35.0,0.17142857142857143,-0.34285714285714286,0.0,-0.32857142857142857,0.0,0.277125,1,2020-01-01,0.0,0.0,2016,0.0
Illinois,2016-12-01,3065331.0,2016,2346332.6666666665,130.64349499744142,2253479,136.0266059723654,2017,67.0,118.0,0.5677966101694916,37.0,59.0,0.6271186440677966,0.06779661016949157,1.0,0.1271186440677966,0.0,0.5544791666666667,1,2014-01-01,1.0,0.0,2016,0.0
Indiana,2016-12-01,1508219.0,2016,1311149.0833333333,115.03032104981197,1293314,116.61661437207052,2017,30.0,100.0,0.3,9.0,50.0,0.18,-0.2,0.0,-0.32,0.0,0.37964583333333335,1,2015-02-01,1.0,0.0,2016,1.0
Kansas,2016-12-01,408885.0,2016,528547.75,77.36008714444438,526814,77.61467994396504,2017,40.0,125.0,0.32,9.0,40.0,0.225,-0.18,0.0,-0.275,0.0,0.36114583333333333,0,,0.0,0.0,2016,0.0
Maine,2016-12-01,269428.0,2016,234999.08333333334,114.65065998484391,231999,116.13325919508273,2017,77.0,151.0,0.5099337748344371,17.0,35.0,0.4857142857142857,0.009933774834437137,1.0,-0.01428571428571429,0.0,0.47812499999999997,1,2019-01-01,0.0,0.0,2016,0.0
Maryland,2016-12-01,1281890.0,2016,823540.75,155.65592837998605,793697,161.5087369613341,2017,90.0,141.0,0.6382978723404256,33.0,47.0,0.7021276595744681,0.13829787234042556,1.0,0.2021276595744681,0.0,0.601125,1,2014-01-01,1.0,0.0,2016,0.0
Massachusetts,2016-12-01,1655529.0,2016,1000717.3333333334,165.43422851341302,972871,170.16942636793573,2017,125.0,160.0,0.78125,34.0,40.0,0.85,0.28125,1.0,0.35,0.0,0.6011666666666666,1,2014-01-01,1.0,0.0,2016,0.0
Michigan,2016-12-01,2330154.0,2016,2033807.4166666667,114.57102481310812,1999842,116.51690483548201,2017,47.0,110.0,0.42727272727272725,11.0,38.0,0.2894736842105263,-0.07272727272727275,0.0,-0.21052631578947367,0.0,0.47272916666666664,1,2014-04-01,1.0,0.0,2016,0.0
Mississippi,2016-12-01,684094.0,2016,829578.0833333334,82.46288248735276,831252,82.29682454899357,2017,48.0,122.0,0.39344262295081966,20.0,52.0,0.38461538461538464,-0.10655737704918034,0.0,-0.11538461538461536,0.0,0.4061458333333334,0,,0.0,0.0,2016,0.0
Montana,2016-12-01,245360.0,2016,204272.83333333334,120.11386731960604,210360,116.63814413386575,2017,41.0,100.0,0.41,18.0,50.0,0.36,-0.09000000000000002,0.0,-0.14,1.0,0.358875,1,2016-01-01,1.0,0.0,2016,0.0
New Jersey,2016-12-01,1795251.0,2016,1310715.25,136.9672779804767,1255020,143.04560883491897,2017,52.0,80.0,0.65,24.0,40.0,0.6,0.15000000000000002,1.0,0.09999999999999998,0.0,0.5504791666666667,1,2014-01-01,1.0,0.0,2016,0.0
North Dakota,2016-12-01,94681.0,2016,116009.75,81.61469186857138,122160,77.50573018991487,2017,13.0,94.0,0.13829787234042554,9.0,47.0,0.19148936170212766,-0.36170212765957444,0.0,-0.30851063829787234,0.0,0.2719375,1,2014-01-01,1.0,0.0,2016,0.0
Ohio,2016-12-01,2910351.0,2016,2311338.5833333335,125.9162556704605,2296371,126.73696889570544,2017,33.0,99.0,0.3333333333333333,9.0,33.0,0.2727272727272727,-0.16666666666666669,0.0,-0.2272727272727273,0.0,0.436375,1,2014-01-01,1.0,0.0,2016,0.0
Oklahoma,2016-12-01,804355.0,2016,924445.4166666666,87.00946378211441,885167,90.87042332124898,2017,26.0,101.0,0.25742574257425743,6.0,48.0,0.125,-0.24257425742574257,0.0,-0.375,0.0,0.28979166666666667,1,2021-07-01,0.0,0.0,2016,0.0
Oregon,2016-12-01,986111.0,2016,812563.1666666666,121.35807288007763,797451,123.65787991989477,2017,35.0,60.0,0.5833333333333334,17.0,30.0,0.5666666666666667,0.08333333333333337,1.0,0.06666666666666665,1.0,0.5013541666666667,1,2014-01-01,1.0,0.0,2016,0.0
Pennsylvania,2016-12-01,2918260.0,2016,2280644.4166666665,127.9576938287143,2259652,129.1464349377692,2017,80.0,203.0,0.39408866995073893,16.0,50.0,0.32,-0.10591133004926107,0.0,-0.18,1.0,0.47652083333333334,1,2015-01-01,1.0,0.0,2016,0.0
Rhode Island,2016-12-01,300924.0,2016,177518.25,169.51721865216675,188712,159.46203739030904,2017,64.0,75.0,0.8533333333333334,33.0,38.0,0.868421052631579,0.3533333333333334,1.0,0.368421052631579,1.0,0.5450416666666668,1,2014-01-01,1.0,0.0,2016,0.0
South Carolina,2016-12-01,1032898.0,2016,1140835.75,90.5387125184322,1124024,91.89287773214807,2017,44.0,124.0,0.3548387096774194,18.0,46.0,0.391304347826087,-0.14516129032258063,0.0,-0.10869565217391303,0.0,0.40458333333333335,0,,0.0,0.0,2016,0.0
South Dakota,2016-12-01,119956.0,2016,160675.75,74.65719002400797,166237,72.15962751974591,2017,10.0,70.0,0.14285714285714285,6.0,35.0,0.17142857142857143,-0.35714285714285715,0.0,-0.32857142857142857,0.0,0.31883333333333336,1,2023-07-01,0.0,0.0,2016,0.0
Tennessee,2016-12-01,1636770.0,2016,1494467.4166666667,109.52195957879978,1514870,108.046895113112,2017,25.0,99.0,0.25252525252525254,5.0,33.0,0.15151515151515152,-0.24747474747474746,0.0,-0.3484848484848485,0.0,0.3455833333333333,0,,0.0,0.0,2016,0.0
Texas,2016-12-01,4799893.0,2016,6265089.666666667,76.61331689373533,6299251,76.19783685393709,2017,56.0,150.0,0.37333333333333335,11.0,31.0,0.3548387096774194,-0.12666666666666665,0.0,-0.14516129032258063,0.0,0.4327083333333333,0,,0.0,0.0,2016,0.0
Utah,2016-12-01,311117.0,2016,476457.3333333333,65.29797701368155,456764,68.11329264127646,2017,13.0,75.0,0.17333333333333334,5.0,29.0,0.1724137931034483,-0.32666666666666666,0.0,-0.3275862068965517,0.0,0.2761041666666667,1,2020-01-01,0.0,0.0,2016,0.0
Virginia,2016-12-01,993220.0,2016,1315145.25,75.52169617766555,1298806,76.47177484551196,2017,34.0,100.0,0.34,19.0,40.0,0.475,-0.15999999999999998,0.0,-0.025000000000000022,1.0,0.496,1,2019-01-01,0.0,0.0,2016,0.0
West Virginia,2016-12-01,567064.0,2016,476623.0,118.9753746671898,462592,122.58404814609851,2017,36.0,100.0,0.36,12.0,34.0,0.35294117647058826,-0.14,0.0,-0.14705882352941174,1.0,0.2646875,1,2014-01-01,1.0,0.0,2016,0.0
Wisconsin,2016-12-01,1037863.0,2016,978801.6666666666,106.0340450312542,951649,109.05943262694544,2017,35.0,99.0,0.35353535353535354,13.0,33.0,0.3939393939393939,-0.14646464646464646,0.0,-0.10606060606060608,0.0,0.466625,0,,0.0,0.0,2016,0.0
Wyoming,2016-12-01,61925.0,2016,95065.66666666667,65.13918449352552,93266,66.39611433963073,2017,9.0,60.0,0.15,3.0,30.0,0.1,-0.35,0.0,-0.4,0.0,0.22197916666666667,0,,0.0,0.0,2016,0.0
Alabama,2017-01-01,889199.0,2017,1182609.0,75.1896019732642,1174119,75.73329449570274,2017,32.0,105.0,0.3047619047619048,8.0,35.0,0.22857142857142856,-0.1952380952380952,0.0,-0.27142857142857146,0.0,0.343,0,,0.0,0.0,2017,0.0
Alaska,2017-01-01,181723.0,2017,119467.0,152.11146174257325,114607,158.56186794872912,2017,17.0,40.0,0.425,6.0,20.0,0.3,-0.07500000000000001,0.0,-0.2,0.0,0.38016666666666665,1,2015-09-01,1.0,0.0,2017,0.0
Arizona,2017-01-01,1743472.0,2017,1533004.0,113.72912268982991,1492698,116.80004930669163,2017,25.0,60.0,0.4166666666666667,13.0,30.0,0.43333333333333335,-0.08333333333333331,0.0,-0.06666666666666665,0.0,0.452875,1,2014-01-01,1.0,0.0,2017,0.0
Arkansas,2017-01-01,943269.0,2017,737561.0,127.89030331050584,761746,123.829859296931,2017,24.0,100.0,0.24,9.0,35.0,0.2571428571428571,-0.26,0.0,-0.24285714285714288,0.0,0.33658333333333335,1,2014-01-01,1.0,0.0,2017,0.0
California,2017-01-01,12360449.0,2017,7809502.0,158.2744840836202,7534254,164.05670687502706,2017,55.0,80.0,0.6875,27.0,40.0,0.675,0.1875,1.0,0.17500000000000004,1.0,0.61775,1,2014-01-01,1.0,0.0,2017,0.0
Colorado,2017-01-01,1387803.0,2017,859155.0,161.53115561220034,820836,169.0718974313992,2017,37.0,65.0,0.5692307692307692,17.0,35.0,0.4857142857142857,0.0692307692307692,1.0,-0.01428571428571429,1.0,0.48404166666666665,1,2014-01-01,1.0,0.0,2017,0.0
Delaware,2017-01-01,243340.0,2017,183631.0,132.51575169769808,165961,146.62480944318244,2017,25.0,41.0,0.6097560975609756,11.0,21.0,0.5238095238095238,0.1097560975609756,1.0,0.023809523809523836,1.0,0.5332916666666667,1,2014-01-01,1.0,0.0,2017,0.0
Florida,2017-01-01,4352553.0,2017,4480942.0,97.1347765715334,4384883,99.26269412433581,2017,41.0,120.0,0.3416666666666667,15.0,40.0,0.375,-0.15833333333333333,0.0,-0.125,0.0,0.4780833333333333,0,,0.0,0.0,2017,0.0
Georgia,2017-01-01,1757498.0,2017,2294105.0,76.60930951286014,2209726,79.53465723804672,2017,62.0,180.0,0.34444444444444444,18.0,56.0,0.32142857142857145,-0.15555555555555556,0.0,-0.17857142857142855,0.0,0.4567083333333333,0,,0.0,0.0,2017,0.0
Hawaii,2017-01-01,346995.0,2017,187636.0,184.9298642051632,185180,187.38254671130792,2017,45.0,51.0,0.8823529411764706,25.0,25.0,1.0,0.38235294117647056,1.0,0.5,1.0,0.62175,1,2014-01-01,1.0,0.0,2017,0.0
Idaho,2017-01-01,292170.0,2017,344881.0,84.71617746411081,341618,85.52535287953211,2017,11.0,70.0,0.15714285714285714,6.0,35.0,0.17142857142857143,-0.34285714285714286,0.0,-0.32857142857142857,0.0,0.27825,1,2020-01-01,0.0,0.0,2017,0.0
Illinois,2017-01-01,3100137.0,2017,2341072.0,132.42382122378126,2253479,137.5711510957058,2017,67.0,118.0,0.5677966101694916,37.0,59.0,0.6271186440677966,0.06779661016949157,1.0,0.1271186440677966,0.0,0.5549583333333333,1,2014-01-01,1.0,0.0,2017,0.0
Indiana,2017-01-01,1517698.0,2017,1307766.0,116.05271891148723,1293314,117.34953769927488,2017,30.0,100.0,0.3,9.0,50.0,0.18,-0.2,0.0,-0.32,0.0,0.3802916666666667,1,2015-02-01,1.0,0.0,2017,1.0
Kansas,2017-01-01,398728.0,2017,527355.0,75.60902997032359,526814,75.68667499345119,2017,40.0,125.0,0.32,9.0,40.0,0.225,-0.18,0.0,-0.275,0.0,0.3622916666666667,0,,0.0,0.0,2017,0.0
Maine,2017-01-01,268851.0,2017,233974.0,114.9063571166027,231999,115.8845512265139,2017,77.0,151.0,0.5099337748344371,17.0,35.0,0.4857142857142857,0.009933774834437137,1.0,-0.01428571428571429,0.0,0.47924999999999995,1,2019-01-01,0.0,0.0,2017,0.0
Maryland,2017-01-01,1305538.0,2017,823235.0,158.58630889114286,793697,164.4882114963267,2017,90.0,141.0,0.6382978723404256,33.0,47.0,0.7021276595744681,0.13829787234042556,1.0,0.2021276595744681,0.0,0.60225,1,2014-01-01,1.0,0.0,2017,0.0
Massachusetts,2017-01-01,1652107.0,2017,1002782.0,164.75235893743604,972871,169.81768394782043,2017,125.0,160.0,0.78125,34.0,40.0,0.85,0.28125,1.0,0.35,0.0,0.6023333333333333,1,2014-01-01,1.0,0.0,2017,0.0
Michigan,2017-01-01,2351919.0,2017,2026618.0,116.05142162953254,1999842,117.6052408140243,2017,47.0,110.0,0.42727272727272725,11.0,38.0,0.2894736842105263,-0.07272727272727275,0.0,-0.21052631578947367,0.0,0.4734583333333333,1,2014-04-01,1.0,0.0,2017,0.0
Mississippi,2017-01-01,684721.0,2017,827231.0,82.77264754343103,831252,82.37225293894029,2017,48.0,122.0,0.39344262295081966,20.0,52.0,0.38461538461538464,-0.10655737704918034,0.0,-0.11538461538461536,0.0,0.4062916666666667,0,,0.0,0.0,2017,0.0
Montana,2017-01-01,250145.0,2017,202971.0,123.24174389444798,210360,118.91281612473854,2017,41.0,100.0,0.41,18.0,50.0,0.36,-0.09000000000000002,0.0,-0.14,1.0,0.35975,1,2016-01-01,1.0,0.0,2017,0.0
New Jersey,2017-01-01,1799021.0,2017,1305223.0,137.8324623455149,1255020,143.34600245414416,2017,52.0,80.0,0.65,24.0,40.0,0.6,0.15000000000000002,1.0,0.09999999999999998,0.0,0.5509583333333333,1,2014-01-01,1.0,0.0,2017,0.0
North Dakota,2017-01-01,94332.0,2017,115776.0,81.47802653399668,122160,77.22003929273085,2017,13.0,94.0,0.13829787234042554,9.0,47.0,0.19148936170212766,-0.36170212765957444,0.0,-0.30851063829787234,0.0,0.27287500000000003,1,2014-01-01,1.0,0.0,2017,0.0
Ohio,2017-01-01,2773262.0,2017,2304581.0,120.33692892547496,2296371,120.76715826841568,2017,33.0,99.0,0.3333333333333333,9.0,33.0,0.2727272727272727,-0.16666666666666669,0.0,-0.2272727272727273,0.0,0.43674999999999997,1,2014-01-01,1.0,0.0,2017,0.0
Oklahoma,2017-01-01,815832.0,2017,922540.0,88.43323866715807,885167,92.16701481189425,2017,26.0,101.0,0.25742574257425743,6.0,48.0,0.125,-0.24257425742574257,0.0,-0.375,0.0,0.2905833333333333,1,2021-07-01,0.0,0.0,2017,0.0
Oregon,2017-01-01,980520.0,2017,811580.0,120.81618571182138,797451,122.95677101163582,2017,35.0,60.0,0.5833333333333334,17.0,30.0,0.5666666666666667,0.08333333333333337,1.0,0.06666666666666665,1.0,0.5027083333333333,1,2014-01-01,1.0,0.0,2017,0.0
Pennsylvania,2017-01-01,2940839.0,2017,2275092.0,129.2624210361603,2259652,130.1456595971415,2017,80.0,203.0,0.39408866995073893,16.0,50.0,0.32,-0.10591133004926107,0.0,-0.18,1.0,0.47704166666666664,1,2015-01-01,1.0,0.0,2017,0.0
Rhode Island,2017-01-01,303347.0,2017,176485.0,171.8825962546392,188712,160.74600449361992,2017,64.0,75.0,0.8533333333333334,33.0,38.0,0.868421052631579,0.3533333333333334,1.0,0.368421052631579,1.0,0.5460833333333334,1,2014-01-01,1.0,0.0,2017,0.0
South Carolina,2017-01-01,1032717.0,2017,1144359.0,90.24414541240992,1124024,91.87677487313438,2017,44.0,124.0,0.3548387096774194,18.0,46.0,0.391304347826087,-0.14516129032258063,0.0,-0.10869565217391303,0.0,0.4051666666666667,0,,0.0,0.0,2017,0.0
South Dakota,2017-01-01,120053.0,2017,160285.0,74.89970989175531,166237,72.21797794714774,2017,10.0,70.0,0.14285714285714285,6.0,35.0,0.17142857142857143,-0.35714285714285715,0.0,-0.32857142857142857,0.0,0.31966666666666665,1,2023-07-01,0.0,0.0,2017,0.0
Tennessee,2017-01-01,1618066.0,2017,1491786.0,108.46502112233256,1514870,106.81220170707716,2017,25.0,99.0,0.25252525252525254,5.0,33.0,0.15151515151515152,-0.24747474747474746,0.0,-0.3484848484848485,0.0,0.3461666666666666,0,,0.0,0.0,2017,0.0
Texas,2017-01-01,4807102.0,2017,6253313.0,76.87288322206165,6299251,76.31227903126896,2017,56.0,150.0,0.37333333333333335,11.0,31.0,0.3548387096774194,-0.12666666666666665,0.0,-0.14516129032258063,0.0,0.4334166666666667,0,,0.0,0.0,2017,0.0
Utah,2017-01-01,311587.0,2017,473821.0,65.76048761030009,456764,68.21619041780876,2017,13.0,75.0,0.17333333333333334,5.0,29.0,0.1724137931034483,-0.32666666666666666,0.0,-0.3275862068965517,0.0,0.27820833333333334,1,2020-01-01,0.0,0.0,2017,0.0
Virginia,2017-01-01,995169.0,2017,1312911.0,75.79866418972802,1298806,76.62183574760203,2017,34.0,100.0,0.34,19.0,40.0,0.475,-0.15999999999999998,0.0,-0.025000000000000022,1.0,0.497,1,2019-01-01,0.0,0.0,2017,0.0
West Virginia,2017-01-01,567168.0,2017,477058.0,118.88868858713195,462592,122.606530160487,2017,36.0,100.0,0.36,12.0,34.0,0.35294117647058826,-0.14,0.0,-0.14705882352941174,1.0,0.265375,1,2014-01-01,1.0,0.0,2017,0.0
Wisconsin,2017-01-01,1039857.0,2017,977075.0,106.42550469513598,951649,109.26896366202246,2017,35.0,99.0,0.35353535353535354,13.0,33.0,0.3939393939393939,-0.14646464646464646,0.0,-0.10606060606060608,0.0,0.46725,0,,0.0,0.0,2017,0.0
Wyoming,2017-01-01,61635.0,2017,94716.0,65.07348283288991,93266,66.08517573392233,2017,9.0,60.0,0.15,3.0,30.0,0.1,-0.35,0.0,-0.4,0.0,0.22295833333333334,0,,0.0,0.0,2017,0.0
Alabama,2017-02-01,891062.0,2017,1181901.5,75.39223869332596,1174119,75.89196665755345,2017,32.0,105.0,0.3047619047619048,8.0,35.0,0.22857142857142856,-0.1952380952380952,0.0,-0.27142857142857146,0.0,0.3435,0,,0.0,0.0,2017,0.0
Alaska,2017-02-01,184392.0,2017,119062.0,154.87057163494651,114607,160.89069603078346,2017,17.0,40.0,0.425,6.0,20.0,0.3,-0.07500000000000001,0.0,-0.2,0.0,0.38125,1,2015-09-01,1.0,0.0,2017,0.0
Arizona,2017-02-01,1741558.0,2017,1529645.1666666667,113.85372489981609,1492698,116.67182511130851,2017,25.0,60.0,0.4166666666666667,13.0,30.0,0.43333333333333335,-0.08333333333333331,0.0,-0.06666666666666665,0.0,0.4538125,1,2014-01-01,1.0,0.0,2017,0.0
Arkansas,2017-02-01,905505.0,2017,739576.4166666666,122.43562390498977,761746,118.87230126577626,2017,24.0,100.0,0.24,9.0,35.0,0.2571428571428571,-0.26,0.0,-0.24285714285714288,0.0,0.33687500000000004,1,2014-01-01,1.0,0.0,2017,0.0
California,2017-02-01,12383460.0,2017,7786564.666666667,159.03624422477452,7534254,164.3621253013238,2017,55.0,80.0,0.6875,27.0,40.0,0.675,0.1875,1.0,0.17500000000000004,1.0,0.618125,1,2014-01-01,1.0,0.0,2017,0.0
Colorado,2017-02-01,1375139.0,2017,855961.75,160.65425820721546,820836,167.52908010857223,2017,37.0,65.0,0.5692307692307692,17.0,35.0,0.4857142857142857,0.0692307692307692,1.0,-0.01428571428571429,1.0,0.4855625,1,2014-01-01,1.0,0.0,2017,0.0
Delaware,2017-02-01,244076.0,2017,182158.5,133.99100234136753,165961,147.06828712769868,2017,25.0,41.0,0.6097560975609756,11.0,21.0,0.5238095238095238,0.1097560975609756,1.0,0.023809523809523836,1.0,0.5344375,1,2014-01-01,1.0,0.0,2017,0.0
Florida,2017-02-01,4355549.0,2017,4472937.083333333,97.37559278956249,4384883,99.33101977863491,2017,41.0,120.0,0.3416666666666667,15.0,40.0,0.375,-0.15833333333333333,0.0,-0.125,0.0,0.47812499999999997,0,,0.0,0.0,2017,0.0
Georgia,2017-02-01,1761533.0,2017,2287073.4166666665,77.02127037825377,2209726,79.71725906288833,2017,62.0,180.0,0.34444444444444444,18.0,56.0,0.32142857142857145,-0.15555555555555556,0.0,-0.17857142857142855,0.0,0.45756250000000004,0,,0.0,0.0,2017,0.0
Hawaii,2017-02-01,348474.0,2017,187431.33333333334,185.92088836089303,185180,188.1812290744141,2017,45.0,51.0,0.8823529411764706,25.0,25.0,1.0,0.38235294117647056,1.0,0.5,1.0,0.622125,1,2014-01-01,1.0,0.0,2017,0.0
Idaho,2017-02-01,294061.0,2017,344609.0833333333,85.33176118157073,341618,86.07889514018582,2017,11.0,70.0,0.15714285714285714,6.0,35.0,0.17142857142857143,-0.34285714285714286,0.0,-0.32857142857142857,0.0,0.27937500000000004,1,2020-01-01,0.0,0.0,2017,0.0
Illinois,2017-02-01,3101778.0,2017,2333772.5833333335,132.90832286536346,2253479,137.64397183199844,2017,67.0,118.0,0.5677966101694916,37.0,59.0,0.6271186440677966,0.06779661016949157,1.0,0.1271186440677966,0.0,0.5554375,1,2014-01-01,1.0,0.0,2017,0.0
Indiana,2017-02-01,1510445.0,2017,1306561.6666666667,115.60457026521263,1293314,116.78873034700004,2017,30.0,100.0,0.3,9.0,50.0,0.18,-0.2,0.0,-0.32,0.0,0.3809375,1,2015-02-01,1.0,0.0,2017,1.0
Kansas,2017-02-01,390219.0,2017,527309.9166666666,74.00183225582553,526814,74.07149392385168,2017,40.0,125.0,0.32,9.0,40.0,0.225,-0.18,0.0,-0.275,0.0,0.36343749999999997,0,,0.0,0.0,2017,0.0
Maine,2017-02-01,268702.0,2017,233809.41666666666,114.92351498531745,231999,115.82032681175349,2017,77.0,151.0,0.5099337748344371,17.0,35.0,0.4857142857142857,0.009933774834437137,1.0,-0.01428571428571429,0.0,0.480375,1,2019-01-01,0.0,0.0,2017,0.0
Maryland,2017-02-01,1304143.0,2017,820773.5,158.8919476566921,793697,164.3124517290603,2017,90.0,141.0,0.6382978723404256,33.0,47.0,0.7021276595744681,0.13829787234042556,1.0,0.2021276595744681,0.0,0.603375,1,2014-01-01,1.0,0.0,2017,0.0
Massachusetts,2017-02-01,1642646.0,2017,1000289.4166666666,164.21707284216828,972871,168.84520147069858,2017,125.0,160.0,0.78125,34.0,40.0,0.85,0.28125,1.0,0.35,0.0,0.6034999999999999,1,2014-01-01,1.0,0.0,2017,0.0
Michigan,2017-02-01,2359421.0,2017,2024386.6666666667,116.5499179998551,1999842,117.98037044926548,2017,47.0,110.0,0.42727272727272725,11.0,38.0,0.2894736842105263,-0.07272727272727275,0.0,-0.21052631578947367,0.0,0.4741875,1,2014-04-01,1.0,0.0,2017,0.0
Mississippi,2017-02-01,685516.0,2017,827566.0833333334,82.83519755169601,831252,82.4678918065761,2017,48.0,122.0,0.39344262295081966,20.0,52.0,0.38461538461538464,-0.10655737704918034,0.0,-0.11538461538461536,0.0,0.4064375,0,,0.0,0.0,2017,0.0
Montana,2017-02-01,255884.0,2017,203586.75,125.68794383720945,210360,121.64099638714585,2017,41.0,100.0,0.41,18.0,50.0,0.36,-0.09000000000000002,0.0,-0.14,1.0,0.360625,1,2016-01-01,1.0,0.0,2017,0.0
New Jersey,2017-02-01,1802976.0,2017,1301039.4166666667,138.5796599936474,1255020,143.66113687431277,2017,52.0,80.0,0.65,24.0,40.0,0.6,0.15000000000000002,1.0,0.09999999999999998,0.0,0.5514375,1,2014-01-01,1.0,0.0,2017,0.0
North Dakota,2017-02-01,92658.0,2017,116308.0,79.66605908449978,122160,75.84970530451866,2017,13.0,94.0,0.13829787234042554,9.0,47.0,0.19148936170212766,-0.36170212765957444,0.0,-0.30851063829787234,0.0,0.2738125,1,2014-01-01,1.0,0.0,2017,0.0
Ohio,2017-02-01,2791353.0,2017,2303896.8333333335,121.15789906969935,2296371,121.5549665102024,2017,33.0,99.0,0.3333333333333333,9.0,33.0,0.2727272727272727,-0.16666666666666669,0.0,-0.2272727272727273,0.0,0.437125,1,2014-01-01,1.0,0.0,2017,0.0
Oklahoma,2017-02-01,813085.0,2017,919425.5833333334,88.43401953774217,885167,91.85667789242031,2017,26.0,101.0,0.25742574257425743,6.0,48.0,0.125,-0.24257425742574257,0.0,-0.375,0.0,0.291375,1,2021-07-01,0.0,0.0,2017,0.0
Oregon,2017-02-01,978847.0,2017,810402.5833333334,120.78527637138372,797451,122.74697755724175,2017,35.0,60.0,0.5833333333333334,17.0,30.0,0.5666666666666667,0.08333333333333337,1.0,0.06666666666666665,1.0,0.5040625,1,2014-01-01,1.0,0.0,2017,0.0
Pennsylvania,2017-02-01,2949697.0,2017,2273805.3333333335,129.72513331542893,2259652,130.537666861977,2017,80.0,203.0,0.39408866995073893,16.0,50.0,0.32,-0.10591133004926107,0.0,-0.18,1.0,0.4775625,1,2015-01-01,1.0,0.0,2017,0.0
Rhode Island,2017-02-01,303750.0,2017,177503.91666666666,171.12298461019876,188712,160.95955742083174,2017,64.0,75.0,0.8533333333333334,33.0,38.0,0.868421052631579,0.3533333333333334,1.0,0.368421052631579,1.0,0.5471250000000001,1,2014-01-01,1.0,0.0,2017,0.0
South Carolina,2017-02-01,1034232.0,2017,1142664.4166666667,90.51056328655255,1124024,92.0115584720611,2017,44.0,124.0,0.3548387096774194,18.0,46.0,0.391304347826087,-0.14516129032258063,0.0,-0.10869565217391303,0.0,0.40575,0,,0.0,0.0,2017,0.0
South Dakota,2017-02-01,120093.0,2017,160781.0,74.69352722025613,166237,72.24203997906604,2017,10.0,70.0,0.14285714285714285,6.0,35.0,0.17142857142857143,-0.35714285714285715,0.0,-0.32857142857142857,0.0,0.3205,1,2023-07-01,0.0,0.0,2017,0.0
Tennessee,2017-02-01,1589236.0,2017,1493709.6666666667,106.39524102073383,1514870,104.90906810485387,2017,25.0,99.0,0.25252525252525254,5.0,33.0,0.15151515151515152,-0.24747474747474746,0.0,-0.3484848484848485,0.0,0.34675,0,,0.0,0.0,2017,0.0
Texas,2017-02-01,4790248.0,2017,6257141.166666667,76.55649556891623,6299251,76.0447234123549,2017,56.0,150.0,0.37333333333333335,11.0,31.0,0.3548387096774194,-0.12666666666666665,0.0,-0.14516129032258063,0.0,0.434125,0,,0.0,0.0,2017,0.0
Utah,2017-02-01,311651.0,2017,472399.5833333333,65.97190408190806,456764,68.23020202993231,2017,13.0,75.0,0.17333333333333334,5.0,29.0,0.1724137931034483,-0.32666666666666666,0.0,-0.3275862068965517,0.0,0.2803125,1,2020-01-01,0.0,0.0,2017,0.0
Virginia,2017-02-01,1003685.0,2017,1311735.5833333333,76.51580186987634,1298806,77.27751488674983,2017,34.0,100.0,0.34,19.0,40.0,0.475,-0.15999999999999998,0.0,-0.025000000000000022,1.0,0.498,1,2019-01-01,0.0,0.0,2017,0.0
West Virginia,2017-02-01,565974.0,2017,475852.5,118.93895692467729,462592,122.34841934144991,2017,36.0,100.0,0.36,12.0,34.0,0.35294117647058826,-0.14,0.0,-0.14705882352941174,1.0,0.26606250000000004,1,2014-01-01,1.0,0.0,2017,0.0
Wisconsin,2017-02-01,1042495.0,2017,974956.1666666666,106.92737126472525,951649,109.54616670642221,2017,35.0,99.0,0.35353535353535354,13.0,33.0,0.3939393939393939,-0.14646464646464646,0.0,-0.10606060606060608,0.0,0.46787500000000004,0,,0.0,0.0,2017,0.0
Wyoming,2017-02-01,61437.0,2017,94595.16666666667,64.94729293779984,93266,65.8728797203697,2017,9.0,60.0,0.15,3.0,30.0,0.1,-0.35,0.0,-0.4,0.0,0.2239375,0,,0.0,0.0,2017,0.0
Alabama,2017-03-01,884948.0,2017,1181194.0,74.91978455698217,1174119,75.37123579466817,2017,32.0,105.0,0.3047619047619048,8.0,35.0,0.22857142857142856,-0.1952380952380952,0.0,-0.27142857142857146,0.0,0.34400000000000003,0,,0.0,0.0,2017,0.0
Alaska,2017-03-01,187821.0,2017,118657.0,158.28901792561754,114607,163.88265987243363,2017,17.0,40.0,0.425,6.0,20.0,0.3,-0.07500000000000001,0.0,-0.2,0.0,0.38233333333333336,1,2015-09-01,1.0,0.0,2017,0.0
Arizona,2017-03-01,1741301.0,2017,1526286.3333333333,114.08743968748547,1492698,116.6546079649065,2017,25.0,60.0,0.4166666666666667,13.0,30.0,0.43333333333333335,-0.08333333333333331,0.0,-0.06666666666666665,0.0,0.45475,1,2014-01-01,1.0,0.0,2017,0.0
Arkansas,2017-03-01,912043.0,2017,741591.8333333334,122.98449888539315,761746,119.73059261223557,2017,24.0,100.0,0.24,9.0,35.0,0.2571428571428571,-0.26,0.0,-0.24285714285714288,0.0,0.33716666666666667,1,2014-01-01,1.0,0.0,2017,0.0
California,2017-03-01,12376741.0,2017,7763627.333333333,159.41956599153266,7534254,164.27294593466056,2017,55.0,80.0,0.6875,27.0,40.0,0.675,0.1875,1.0,0.17500000000000004,1.0,0.6185,1,2014-01-01,1.0,0.0,2017,0.0
Colorado,2017-03-01,1389627.0,2017,852768.5,162.9547761203656,820836,169.29410990746018,2017,37.0,65.0,0.5692307692307692,17.0,35.0,0.4857142857142857,0.0692307692307692,1.0,-0.01428571428571429,1.0,0.4870833333333333,1,2014-01-01,1.0,0.0,2017,0.0
Delaware,2017-03-01,244571.0,2017,180686.0,135.35691752543087,165961,147.36654997258393,2017,25.0,41.0,0.6097560975609756,11.0,21.0,0.5238095238095238,0.1097560975609756,1.0,0.023809523809523836,1.0,0.5355833333333333,1,2014-01-01,1.0,0.0,2017,0.0
Florida,2017-03-01,4360830.0,2017,4464932.166666667,97.66844908767371,4384883,99.45145628743116,2017,41.0,120.0,0.3416666666666667,15.0,40.0,0.375,-0.15833333333333333,0.0,-0.125,0.0,0.47816666666666663,0,,0.0,0.0,2017,0.0
Georgia,2017-03-01,1768307.0,2017,2280041.8333333335,77.55590156934986,2209726,80.0238129071206,2017,62.0,180.0,0.34444444444444444,18.0,56.0,0.32142857142857145,-0.15555555555555556,0.0,-0.17857142857142855,0.0,0.4584166666666667,0,,0.0,0.0,2017,0.0
Hawaii,2017-03-01,348596.0,2017,187226.66666666666,186.18928927503205,185180,188.24711091910572,2017,45.0,51.0,0.8823529411764706,25.0,25.0,1.0,0.38235294117647056,1.0,0.5,1.0,0.6225,1,2014-01-01,1.0,0.0,2017,0.0
Idaho,2017-03-01,295611.0,2017,344337.1666666667,85.84928628577705,341618,86.53261830465607,2017,11.0,70.0,0.15714285714285714,6.0,35.0,0.17142857142857143,-0.34285714285714286,0.0,-0.32857142857142857,0.0,0.2805,1,2020-01-01,0.0,0.0,2017,0.0
Illinois,2017-03-01,3097621.0,2017,2326473.1666666665,133.1466463650738,2253479,137.45950150855631,2017,67.0,118.0,0.5677966101694916,37.0,59.0,0.6271186440677966,0.06779661016949157,1.0,0.1271186440677966,0.0,0.5559166666666667,1,2014-01-01,1.0,0.0,2017,0.0
Indiana,2017-03-01,1513842.0,2017,1305357.3333333333,115.97146324173815,1293314,117.05138891251468,2017,30.0,100.0,0.3,9.0,50.0,0.18,-0.2,0.0,-0.32,0.0,0.38158333333333333,1,2015-02-01,1.0,0.0,2017,1.0
Kansas,2017-03-01,393881.0,2017,527264.8333333334,74.70268735919868,526814,74.76661592136882,2017,40.0,125.0,0.32,9.0,40.0,0.225,-0.18,0.0,-0.275,0.0,0.3645833333333333,0,,0.0,0.0,2017,0.0
Maine,2017-03-01,268670.0,2017,233644.83333333334,114.99077303228759,231999,115.80653364885194,2017,77.0,151.0,0.5099337748344371,17.0,35.0,0.4857142857142857,0.009933774834437137,1.0,-0.01428571428571429,0.0,0.4815,1,2019-01-01,0.0,0.0,2017,0.0
Maryland,2017-03-01,1303082.0,2017,818312.0,159.2402408861168,793697,164.17877351180613,2017,90.0,141.0,0.6382978723404256,33.0,47.0,0.7021276595744681,0.13829787234042556,1.0,0.2021276595744681,0.0,0.6045,1,2014-01-01,1.0,0.0,2017,0.0
Massachusetts,2017-03-01,1662576.0,2017,997796.8333333334,166.62470198926601,972871,170.8937772839359,2017,125.0,160.0,0.78125,34.0,40.0,0.85,0.28125,1.0,0.35,0.0,0.6046666666666667,1,2014-01-01,1.0,0.0,2017,0.0
Michigan,2017-03-01,2367404.0,2017,2022155.3333333333,117.07330099599997,1999842,118.37955198460679,2017,47.0,110.0,0.42727272727272725,11.0,38.0,0.2894736842105263,-0.07272727272727275,0.0,-0.21052631578947367,0.0,0.47491666666666665,1,2014-04-01,1.0,0.0,2017,0.0
Mississippi,2017-03-01,683557.0,2017,827901.1666666666,82.56504852531712,831252,82.23222320066598,2017,48.0,122.0,0.39344262295081966,20.0,52.0,0.38461538461538464,-0.10655737704918034,0.0,-0.11538461538461536,0.0,0.40658333333333335,0,,0.0,0.0,2017,0.0
Montana,2017-03-01,256160.0,2017,204202.5,125.44410572838235,210360,121.77220003803004,2017,41.0,100.0,0.41,18.0,50.0,0.36,-0.09000000000000002,0.0,-0.14,1.0,0.3615,1,2016-01-01,1.0,0.0,2017,0.0
New Jersey,2017-03-01,1801538.0,2017,1296855.8333333333,138.9158265471554,1255020,143.54655702697966,2017,52.0,80.0,0.65,24.0,40.0,0.6,0.15000000000000002,1.0,0.09999999999999998,0.0,0.5519166666666667,1,2014-01-01,1.0,0.0,2017,0.0
North Dakota,2017-03-01,93474.0,2017,116840.0,80.00171174255392,122160,76.51768172888016,2017,13.0,94.0,0.13829787234042554,9.0,47.0,0.19148936170212766,-0.36170212765957444,0.0,-0.30851063829787234,0.0,0.27475,1,2014-01-01,1.0,0.0,2017,0.0
Ohio,2017-03-01,2807525.0,2017,2303212.6666666665,121.89603854789499,2296371,122.25920811576178,2017,33.0,99.0,0.3333333333333333,9.0,33.0,0.2727272727272727,-0.16666666666666669,0.0,-0.2272727272727273,0.0,0.4375,1,2014-01-01,1.0,0.0,2017,0.0
Oklahoma,2017-03-01,810816.0,2017,916311.1666666666,88.48697140181821,885167,91.60034208234153,2017,26.0,101.0,0.25742574257425743,6.0,48.0,0.125,-0.24257425742574257,0.0,-0.375,0.0,0.29216666666666663,1,2021-07-01,0.0,0.0,2017,0.0
Oregon,2017-03-01,998972.0,2017,809225.1666666666,123.44796493600568,797451,125.27064358813269,2017,35.0,60.0,0.5833333333333334,17.0,30.0,0.5666666666666667,0.08333333333333337,1.0,0.06666666666666665,1.0,0.5054166666666666,1,2014-01-01,1.0,0.0,2017,0.0
Pennsylvania,2017-03-01,2951646.0,2017,2272518.6666666665,129.8843456511395,2259652,130.62391908134526,2017,80.0,203.0,0.39408866995073893,16.0,50.0,0.32,-0.10591133004926107,0.0,-0.18,1.0,0.4780833333333333,1,2015-01-01,1.0,0.0,2017,0.0
Rhode Island,2017-03-01,308343.0,2017,178522.83333333334,172.71908261968355,188712,163.3934249014371,2017,64.0,75.0,0.8533333333333334,33.0,38.0,0.868421052631579,0.3533333333333334,1.0,0.368421052631579,1.0,0.5481666666666667,1,2014-01-01,1.0,0.0,2017,0.0
South Carolina,2017-03-01,1035789.0,2017,1140969.8333333333,90.78145361424251,1124024,92.15007864600756,2017,44.0,124.0,0.3548387096774194,18.0,46.0,0.391304347826087,-0.14516129032258063,0.0,-0.10869565217391303,0.0,0.4063333333333334,0,,0.0,0.0,2017,0.0
South Dakota,2017-03-01,120189.0,2017,161277.0,74.52333562752284,166237,72.29978885566992,2017,10.0,70.0,0.14285714285714285,6.0,35.0,0.17142857142857143,-0.35714285714285715,0.0,-0.32857142857142857,0.0,0.32133333333333336,1,2023-07-01,0.0,0.0,2017,0.0
Tennessee,2017-03-01,1557370.0,2017,1495633.3333333333,104.12779424547016,1514870,102.80552126585118,2017,25.0,99.0,0.25252525252525254,5.0,33.0,0.15151515151515152,-0.24747474747474746,0.0,-0.3484848484848485,0.0,0.3473333333333333,0,,0.0,0.0,2017,0.0
Texas,2017-03-01,4788950.0,2017,6260969.333333333,76.48895474545262,6299251,76.02411778797193,2017,56.0,150.0,0.37333333333333335,11.0,31.0,0.3548387096774194,-0.12666666666666665,0.0,-0.14516129032258063,0.0,0.43483333333333335,0,,0.0,0.0,2017,0.0
Utah,2017-03-01,310893.0,2017,470978.1666666667,66.0100662840351,456764,68.06425199884404,2017,13.0,75.0,0.17333333333333334,5.0,29.0,0.1724137931034483,-0.32666666666666666,0.0,-0.3275862068965517,0.0,0.2824166666666667,1,2020-01-01,0.0,0.0,2017,0.0
Virginia,2017-03-01,1007076.0,2017,1310560.1666666667,76.84317176840794,1298806,77.53860083800043,2017,34.0,100.0,0.34,19.0,40.0,0.475,-0.15999999999999998,0.0,-0.025000000000000022,1.0,0.499,1,2019-01-01,0.0,0.0,2017,0.0
West Virginia,2017-03-01,564408.0,2017,474647.0,118.91110656972445,462592,122.00989208633092,2017,36.0,100.0,0.36,12.0,34.0,0.35294117647058826,-0.14,0.0,-0.14705882352941174,1.0,0.26675,1,2014-01-01,1.0,0.0,2017,0.0
Wisconsin,2017-03-01,1046217.0,2017,972837.3333333334,107.54285060332114,951649,109.93727729446465,2017,35.0,99.0,0.35353535353535354,13.0,33.0,0.3939393939393939,-0.14646464646464646,0.0,-0.10606060606060608,0.0,0.4685,0,,0.0,0.0,2017,0.0
Wyoming,2017-03-01,61635.0,2017,94474.33333333333,65.2399417125639,93266,66.08517573392233,2017,9.0,60.0,0.15,3.0,30.0,0.1,-0.35,0.0,-0.4,0.0,0.22491666666666668,0,,0.0,0.0,2017,0.0
Alabama,2017-04-01,887725.0,2017,1180486.5,75.19992816520985,1174119,75.6077535581998,2017,32.0,105.0,0.3047619047619048,8.0,35.0,0.22857142857142856,-0.1952380952380952,0.0,-0.27142857142857146,0.0,0.34450000000000003,0,,0.0,0.0,2017,0.0
Alaska,2017-04-01,189922.0,2017,118252.0,160.60785441261035,114607,165.71588122889526,2017,17.0,40.0,0.425,6.0,20.0,0.3,-0.07500000000000001,0.0,-0.2,0.0,0.3834166666666667,1,2015-09-01,1.0,0.0,2017,0.0
Arizona,2017-04-01,1746566.0,2017,1522927.5,114.68477652416152,1492698,117.00732499139144,2017,25.0,60.0,0.4166666666666667,13.0,30.0,0.43333333333333335,-0.08333333333333331,0.0,-0.06666666666666665,0.0,0.4556875,1,2014-01-01,1.0,0.0,2017,0.0
Arkansas,2017-04-01,921347.0,2017,743607.25,123.9023691606019,761746,120.95199712240039,2017,24.0,100.0,0.24,9.0,35.0,0.2571428571428571,-0.26,0.0,-0.24285714285714288,0.0,0.33745833333333336,1,2014-01-01,1.0,0.0,2017,0.0
California,2017-04-01,12358979.0,2017,7740690.0,159.66249778766493,7534254,164.0371959851632,2017,55.0,80.0,0.6875,27.0,40.0,0.675,0.1875,1.0,0.17500000000000004,1.0,0.618875,1,2014-01-01,1.0,0.0,2017,0.0
Colorado,2017-04-01,1399772.0,2017,849575.25,164.76139105982665,820836,170.53004497853408,2017,37.0,65.0,0.5692307692307692,17.0,35.0,0.4857142857142857,0.0692307692307692,1.0,-0.01428571428571429,1.0,0.4886041666666667,1,2014-01-01,1.0,0.0,2017,0.0
Delaware,2017-04-01,243004.0,2017,179213.5,135.5946957120976,165961,146.42235223938152,2017,25.0,41.0,0.6097560975609756,11.0,21.0,0.5238095238095238,0.1097560975609756,1.0,0.023809523809523836,1.0,0.5367291666666667,1,2014-01-01,1.0,0.0,2017,0.0
Florida,2017-04-01,4352537.0,2017,4456927.25,97.65779775741235,4384883,99.2623292343262,2017,41.0,120.0,0.3416666666666667,15.0,40.0,0.375,-0.15833333333333333,0.0,-0.125,0.0,0.4782083333333333,0,,0.0,0.0,2017,0.0
Georgia,2017-04-01,1764269.0,2017,2273010.25,77.61817176143398,2209726,79.84107531884044,2017,62.0,180.0,0.34444444444444444,18.0,56.0,0.32142857142857145,-0.15555555555555556,0.0,-0.17857142857142855,0.0,0.45927083333333335,0,,0.0,0.0,2017,0.0
Hawaii,2017-04-01,346180.0,2017,187022.0,185.10121803851953,185180,186.94243438816287,2017,45.0,51.0,0.8823529411764706,25.0,25.0,1.0,0.38235294117647056,1.0,0.5,1.0,0.622875,1,2014-01-01,1.0,0.0,2017,0.0
Idaho,2017-04-01,296138.0,2017,344065.25,86.07030207206337,341618,86.68688418057596,2017,11.0,70.0,0.15714285714285714,6.0,35.0,0.17142857142857143,-0.34285714285714286,0.0,-0.32857142857142857,0.0,0.281625,1,2020-01-01,0.0,0.0,2017,0.0
Illinois,2017-04-01,3092375.0,2017,2319173.75,133.33951369534086,2253479,137.22670590673354,2017,67.0,118.0,0.5677966101694916,37.0,59.0,0.6271186440677966,0.06779661016949157,1.0,0.1271186440677966,0.0,0.5563958333333334,1,2014-01-01,1.0,0.0,2017,0.0
Indiana,2017-04-01,1503787.0,2017,1304153.0,115.30755977251135,1293314,116.27392883708056,2017,30.0,100.0,0.3,9.0,50.0,0.18,-0.2,0.0,-0.32,0.0,0.3822291666666667,1,2015-02-01,1.0,0.0,2017,1.0
Kansas,2017-04-01,387934.0,2017,527219.75,73.5810826510198,526814,73.63775450158879,2017,40.0,125.0,0.32,9.0,40.0,0.225,-0.18,0.0,-0.275,0.0,0.36572916666666666,0,,0.0,0.0,2017,0.0
Maine,2017-04-01,268449.0,2017,233480.25,114.97717687042052,231999,115.711274617563,2017,77.0,151.0,0.5099337748344371,17.0,35.0,0.4857142857142857,0.009933774834437137,1.0,-0.01428571428571429,0.0,0.48262499999999997,1,2019-01-01,0.0,0.0,2017,0.0
Maryland,2017-04-01,1303343.0,2017,815850.5,159.75267527567857,793697,164.21165759729467,2017,90.0,141.0,0.6382978723404256,33.0,47.0,0.7021276595744681,0.13829787234042556,1.0,0.2021276595744681,0.0,0.605625,1,2014-01-01,1.0,0.0,2017,0.0
Massachusetts,2017-04-01,1674926.0,2017,995304.25,168.28281402395297,972871,172.16321588370914,2017,125.0,160.0,0.78125,34.0,40.0,0.85,0.28125,1.0,0.35,0.0,0.6058333333333333,1,2014-01-01,1.0,0.0,2017,0.0
Michigan,2017-04-01,2369420.0,2017,2019924.0,117.3024331608516,1999842,118.48035994843593,2017,47.0,110.0,0.42727272727272725,11.0,38.0,0.2894736842105263,-0.07272727272727275,0.0,-0.21052631578947367,0.0,0.4756458333333333,1,2014-04-01,1.0,0.0,2017,0.0
Mississippi,2017-04-01,679257.0,2017,828236.25,82.01246926827943,831252,81.71493121219558,2017,48.0,122.0,0.39344262295081966,20.0,52.0,0.38461538461538464,-0.10655737704918034,0.0,-0.11538461538461536,0.0,0.4067291666666667,0,,0.0,0.0,2017,0.0
Montana,2017-04-01,258047.0,2017,204818.25,125.98828473536905,210360,122.66923369461875,2017,41.0,100.0,0.41,18.0,50.0,0.36,-0.09000000000000002,0.0,-0.14,1.0,0.362375,1,2016-01-01,1.0,0.0,2017,0.0
New Jersey,2017-04-01,1802202.0,2017,1292672.25,139.41677791876478,1255020,143.59946455036575,2017,52.0,80.0,0.65,24.0,40.0,0.6,0.15000000000000002,1.0,0.09999999999999998,0.0,0.5523958333333334,1,2014-01-01,1.0,0.0,2017,0.0
North Dakota,2017-04-01,93360.0,2017,117372.0,79.54196912381147,122160,76.42436149312377,2017,13.0,94.0,0.13829787234042554,9.0,47.0,0.19148936170212766,-0.36170212765957444,0.0,-0.30851063829787234,0.0,0.27568750000000003,1,2014-01-01,1.0,0.0,2017,0.0
Ohio,2017-04-01,2802733.0,2017,2302528.5,121.72413935375828,2296371,122.05053103353075,2017,33.0,99.0,0.3333333333333333,9.0,33.0,0.2727272727272727,-0.16666666666666669,0.0,-0.2272727272727273,0.0,0.437875,1,2014-01-01,1.0,0.0,2017,0.0
Oklahoma,2017-04-01,819316.0,2017,913196.75,89.7195483886687,885167,92.56061285610512,2017,26.0,101.0,0.25742574257425743,6.0,48.0,0.125,-0.24257425742574257,0.0,-0.375,0.0,0.2929583333333333,1,2021-07-01,0.0,0.0,2017,0.0
Oregon,2017-04-01,1006582.0,2017,808047.75,124.5696185652395,797451,126.22493419658387,2017,35.0,60.0,0.5833333333333334,17.0,30.0,0.5666666666666667,0.08333333333333337,1.0,0.06666666666666665,1.0,0.5067708333333333,1,2014-01-01,1.0,0.0,2017,0.0
Pennsylvania,2017-04-01,2946725.0,2017,2271232.0,129.7412593693643,2259652,130.40614218472578,2017,80.0,203.0,0.39408866995073893,16.0,50.0,0.32,-0.10591133004926107,0.0,-0.18,1.0,0.47860416666666666,1,2015-01-01,1.0,0.0,2017,0.0
Rhode Island,2017-04-01,310083.0,2017,179541.75,172.70801916545872,188712,164.3154648353046,2017,64.0,75.0,0.8533333333333334,33.0,38.0,0.868421052631579,0.3533333333333334,1.0,0.368421052631579,1.0,0.5492083333333334,1,2014-01-01,1.0,0.0,2017,0.0
South Carolina,2017-04-01,1033998.0,2017,1139275.25,90.75927876077358,1124024,91.99074041123677,2017,44.0,124.0,0.3548387096774194,18.0,46.0,0.391304347826087,-0.14516129032258063,0.0,-0.10869565217391303,0.0,0.4069166666666667,0,,0.0,0.0,2017,0.0
South Dakota,2017-04-01,119227.0,2017,161773.0,73.70018482688707,166237,71.72109698803516,2017,10.0,70.0,0.14285714285714285,6.0,35.0,0.17142857142857143,-0.35714285714285715,0.0,-0.32857142857142857,0.0,0.32216666666666666,1,2023-07-01,0.0,0.0,2017,0.0
Tennessee,2017-04-01,1544352.0,2017,1497557.0,103.12475585236488,1514870,101.94617359905472,2017,25.0,99.0,0.25252525252525254,5.0,33.0,0.15151515151515152,-0.24747474747474746,0.0,-0.3484848484848485,0.0,0.34791666666666665,0,,0.0,0.0,2017,0.0
Texas,2017-04-01,4770998.0,2017,6264797.5,76.15566185499212,6299251,75.73913152531944,2017,56.0,150.0,0.37333333333333335,11.0,31.0,0.3548387096774194,-0.12666666666666665,0.0,-0.14516129032258063,0.0,0.43554166666666666,0,,0.0,0.0,2017,0.0
Utah,2017-04-01,308901.0,2017,469556.75,65.78565849601779,456764,67.62814057149863,2017,13.0,75.0,0.17333333333333334,5.0,29.0,0.1724137931034483,-0.32666666666666666,0.0,-0.3275862068965517,0.0,0.28452083333333333,1,2020-01-01,0.0,0.0,2017,0.0
Virginia,2017-04-01,1009847.0,2017,1309384.75,77.12377893510674,1298806,77.75195063773958,2017,34.0,100.0,0.34,19.0,40.0,0.475,-0.15999999999999998,0.0,-0.025000000000000022,1.0,0.5,1,2019-01-01,0.0,0.0,2017,0.0
West Virginia,2017-04-01,562183.0,2017,473441.5,118.74392084344106,462592,121.52890668234645,2017,36.0,100.0,0.36,12.0,34.0,0.35294117647058826,-0.14,0.0,-0.14705882352941174,1.0,0.2674375,1,2014-01-01,1.0,0.0,2017,0.0
Wisconsin,2017-04-01,1041182.0,2017,970718.5,107.25890152500442,951649,109.40819566878123,2017,35.0,99.0,0.35353535353535354,13.0,33.0,0.3939393939393939,-0.14646464646464646,0.0,-0.10606060606060608,0.0,0.469125,0,,0.0,0.0,2017,0.0
Wyoming,2017-04-01,61651.0,2017,94353.5,65.3404484200374,93266,66.10233096734073,2017,9.0,60.0,0.15,3.0,30.0,0.1,-0.35,0.0,-0.4,0.0,0.22589583333333335,0,,0.0,0.0,2017,0.0
Alabama,2017-05-01,893778.0,2017,1179779.0,75.75808689593559,1174119,76.12328903629019,2017,32.0,105.0,0.3047619047619048,8.0,35.0,0.22857142857142856,-0.1952380952380952,0.0,-0.27142857142857146,0.0,0.34500000000000003,0,,0.0,0.0,2017,0.0
Alaska,2017-05-01,192409.0,2017,117847.0,163.2701723421046,114607,167.88590574746743,2017,17.0,40.0,0.425,6.0,20.0,0.3,-0.07500000000000001,0.0,-0.2,0.0,0.3845,1,2015-09-01,1.0,0.0,2017,0.0
Arizona,2017-05-01,1745077.0,2017,1519568.6666666667,114.84028581794921,1492698,116.9075727307198,2017,25.0,60.0,0.4166666666666667,13.0,30.0,0.43333333333333335,-0.08333333333333331,0.0,-0.06666666666666665,0.0,0.456625,1,2014-01-01,1.0,0.0,2017,0.0
Arkansas,2017-05-01,921075.0,2017,745622.6666666666,123.53098171192936,761746,120.91628968186245,2017,24.0,100.0,0.24,9.0,35.0,0.2571428571428571,-0.26,0.0,-0.24285714285714288,0.0,0.33775,1,2014-01-01,1.0,0.0,2017,0.0
California,2017-05-01,12323263.0,2017,7717752.666666667,159.67424109384518,7534254,163.56314772504354,2017,55.0,80.0,0.6875,27.0,40.0,0.675,0.1875,1.0,0.17500000000000004,1.0,0.61925,1,2014-01-01,1.0,0.0,2017,0.0
Colorado,2017-05-01,1406646.0,2017,846382.0,166.19516955700854,820836,171.36748388228585,2017,37.0,65.0,0.5692307692307692,17.0,35.0,0.4857142857142857,0.0692307692307692,1.0,-0.01428571428571429,1.0,0.490125,1,2014-01-01,1.0,0.0,2017,0.0
Delaware,2017-05-01,243490.0,2017,177741.0,136.9914651093445,165961,146.7151921234507,2017,25.0,41.0,0.6097560975609756,11.0,21.0,0.5238095238095238,0.1097560975609756,1.0,0.023809523809523836,1.0,0.537875,1,2014-01-01,1.0,0.0,2017,0.0
Florida,2017-05-01,4347456.0,2017,4448922.333333333,97.71930535687032,4384883,99.14645385065006,2017,41.0,120.0,0.3416666666666667,15.0,40.0,0.375,-0.15833333333333333,0.0,-0.125,0.0,0.47824999999999995,0,,0.0,0.0,2017,0.0
Georgia,2017-05-01,1763783.0,2017,2265978.6666666665,77.83758187779351,2209726,79.8190816417963,2017,62.0,180.0,0.34444444444444444,18.0,56.0,0.32142857142857145,-0.15555555555555556,0.0,-0.17857142857142855,0.0,0.460125,0,,0.0,0.0,2017,0.0
Hawaii,2017-05-01,347355.0,2017,186817.33333333334,185.93296125270317,185180,187.57695215466032,2017,45.0,51.0,0.8823529411764706,25.0,25.0,1.0,0.38235294117647056,1.0,0.5,1.0,0.62325,1,2014-01-01,1.0,0.0,2017,0.0
Idaho,2017-05-01,293696.0,2017,343793.3333333333,85.42806724970428,341618,85.97205065306864,2017,11.0,70.0,0.15714285714285714,6.0,35.0,0.17142857142857143,-0.34285714285714286,0.0,-0.32857142857142857,0.0,0.28275,1,2020-01-01,0.0,0.0,2017,0.0
Illinois,2017-05-01,3084388.0,2017,2311874.3333333335,133.41503712067393,2253479,136.8722761561124,2017,67.0,118.0,0.5677966101694916,37.0,59.0,0.6271186440677966,0.06779661016949157,1.0,0.1271186440677966,0.0,0.556875,1,2014-01-01,1.0,0.0,2017,0.0
Indiana,2017-05-01,1498471.0,2017,1302948.6666666667,115.00614247785663,1293314,115.86289176487689,2017,30.0,100.0,0.3,9.0,50.0,0.18,-0.2,0.0,-0.32,0.0,0.382875,1,2015-02-01,1.0,0.0,2017,1.0
Kansas,2017-05-01,386802.0,2017,527174.6666666666,73.37264562535883,526814,73.42287790377628,2017,40.0,125.0,0.32,9.0,40.0,0.225,-0.18,0.0,-0.275,0.0,0.366875,0,,0.0,0.0,2017,0.0
Maine,2017-05-01,267566.0,2017,233315.66666666666,114.67982575823599,231999,115.33066952874798,2017,77.0,151.0,0.5099337748344371,17.0,35.0,0.4857142857142857,0.009933774834437137,1.0,-0.01428571428571429,0.0,0.48375,1,2019-01-01,0.0,0.0,2017,0.0
Maryland,2017-05-01,1307949.0,2017,813389.0,160.80239590159198,793697,164.7919798109354,2017,90.0,141.0,0.6382978723404256,33.0,47.0,0.7021276595744681,0.13829787234042556,1.0,0.2021276595744681,0.0,0.60675,1,2014-01-01,1.0,0.0,2017,0.0
Massachusetts,2017-05-01,1669398.0,2017,992811.6666666666,168.14850752156752,972871,171.59500077605355,2017,125.0,160.0,0.78125,34.0,40.0,0.85,0.28125,1.0,0.35,0.0,0.607,1,2014-01-01,1.0,0.0,2017,0.0
Michigan,2017-05-01,2376257.0,2017,2017692.6666666667,117.7710084026672,1999842,118.82223695671958,2017,47.0,110.0,0.42727272727272725,11.0,38.0,0.2894736842105263,-0.07272727272727275,0.0,-0.21052631578947367,0.0,0.476375,1,2014-04-01,1.0,0.0,2017,0.0
Mississippi,2017-05-01,683505.0,2017,828571.3333333334,82.49199224045888,831252,82.22596757661937,2017,48.0,122.0,0.39344262295081966,20.0,52.0,0.38461538461538464,-0.10655737704918034,0.0,-0.11538461538461536,0.0,0.40687500000000004,0,,0.0,0.0,2017,0.0
Montana,2017-05-01,260212.0,2017,205434.0,126.6645248595656,210360,123.69842175318502,2017,41.0,100.0,0.41,18.0,50.0,0.36,-0.09000000000000002,0.0,-0.14,1.0,0.36324999999999996,1,2016-01-01,1.0,0.0,2017,0.0
New Jersey,2017-05-01,1799590.0,2017,1288488.6666666667,139.66673099698716,1255020,143.3913403770458,2017,52.0,80.0,0.65,24.0,40.0,0.6,0.15000000000000002,1.0,0.09999999999999998,0.0,0.552875,1,2014-01-01,1.0,0.0,2017,0.0
North Dakota,2017-05-01,93874.0,2017,117904.0,79.61901207762247,122160,76.84512115258677,2017,13.0,94.0,0.13829787234042554,9.0,47.0,0.19148936170212766,-0.36170212765957444,0.0,-0.30851063829787234,0.0,0.276625,1,2014-01-01,1.0,0.0,2017,0.0
Ohio,2017-05-01,2801893.0,2017,2301844.3333333335,121.72382638675391,2296371,122.01395157838171,2017,33.0,99.0,0.3333333333333333,9.0,33.0,0.2727272727272727,-0.16666666666666669,0.0,-0.2272727272727273,0.0,0.43825000000000003,1,2014-01-01,1.0,0.0,2017,0.0
Oklahoma,2017-05-01,808108.0,2017,910082.3333333334,88.79504308584534,885167,91.29441111112367,2017,26.0,101.0,0.25742574257425743,6.0,48.0,0.125,-0.24257425742574257,0.0,-0.375,0.0,0.29374999999999996,1,2021-07-01,0.0,0.0,2017,0.0
Oregon,2017-05-01,1005522.0,2017,806870.3333333334,124.62002362213507,797451,126.09201066899409,2017,35.0,60.0,0.5833333333333334,17.0,30.0,0.5666666666666667,0.08333333333333337,1.0,0.06666666666666665,1.0,0.5081249999999999,1,2014-01-01,1.0,0.0,2017,0.0
Pennsylvania,2017-05-01,2952315.0,2017,2269945.3333333335,130.06106167608147,2259652,130.6535254101074,2017,80.0,203.0,0.39408866995073893,16.0,50.0,0.32,-0.10591133004926107,0.0,-0.18,1.0,0.47912499999999997,1,2015-01-01,1.0,0.0,2017,0.0
Rhode Island,2017-05-01,313001.0,2017,180560.66666666666,173.349492875894,188712,165.86173640256052,2017,64.0,75.0,0.8533333333333334,33.0,38.0,0.868421052631579,0.3533333333333334,1.0,0.368421052631579,1.0,0.55025,1,2014-01-01,1.0,0.0,2017,0.0
South Carolina,2017-05-01,1030565.0,2017,1137580.6666666667,90.59269643002605,1124024,91.68531988640812,2017,44.0,124.0,0.3548387096774194,18.0,46.0,0.391304347826087,-0.14516129032258063,0.0,-0.10869565217391303,0.0,0.40750000000000003,0,,0.0,0.0,2017,0.0
South Dakota,2017-05-01,118960.0,2017,162269.0,73.31036735297562,166237,71.56048292498059,2017,10.0,70.0,0.14285714285714285,6.0,35.0,0.17142857142857143,-0.35714285714285715,0.0,-0.32857142857142857,0.0,0.323,1,2023-07-01,0.0,0.0,2017,0.0
Tennessee,2017-05-01,1534203.0,2017,1499480.6666666667,102.3156239426895,1514870,101.27621512076944,2017,25.0,99.0,0.25252525252525254,5.0,33.0,0.15151515151515152,-0.24747474747474746,0.0,-0.3484848484848485,0.0,0.3485,0,,0.0,0.0,2017,0.0
Texas,2017-05-01,4774699.0,2017,6268625.666666667,76.16819465531971,6299251,75.79788454214636,2017,56.0,150.0,0.37333333333333335,11.0,31.0,0.3548387096774194,-0.12666666666666665,0.0,-0.14516129032258063,0.0,0.43625,0,,0.0,0.0,2017,0.0
Utah,2017-05-01,308147.0,2017,468135.3333333333,65.82434139415525,456764,67.46306626616808,2017,13.0,75.0,0.17333333333333334,5.0,29.0,0.1724137931034483,-0.32666666666666666,0.0,-0.3275862068965517,0.0,0.286625,1,2020-01-01,0.0,0.0,2017,0.0
Virginia,2017-05-01,1012111.0,2017,1308209.3333333333,77.36613508337607,1298806,77.9262645845492,2017,34.0,100.0,0.34,19.0,40.0,0.475,-0.15999999999999998,0.0,-0.025000000000000022,1.0,0.501,1,2019-01-01,0.0,0.0,2017,0.0
West Virginia,2017-05-01,561598.0,2017,472236.0,118.92316553587614,462592,121.40244535141119,2017,36.0,100.0,0.36,12.0,34.0,0.35294117647058826,-0.14,0.0,-0.14705882352941174,1.0,0.268125,1,2014-01-01,1.0,0.0,2017,0.0
Wisconsin,2017-05-01,1040908.0,2017,968599.6666666666,107.4652444990173,951649,109.37940354059113,2017,35.0,99.0,0.35353535353535354,13.0,33.0,0.3939393939393939,-0.14646464646464646,0.0,-0.10606060606060608,0.0,0.46975,0,,0.0,0.0,2017,0.0
Wyoming,2017-05-01,61874.0,2017,94232.66666666667,65.66088193054071,93266,66.3414320331096,2017,9.0,60.0,0.15,3.0,30.0,0.1,-0.35,0.0,-0.4,0.0,0.226875,0,,0.0,0.0,2017,0.0
Alabama,2017-06-01,885767.0,2017,1179071.5,75.12411249020946,1174119,75.44099022330786,2017,32.0,105.0,0.3047619047619048,8.0,35.0,0.22857142857142856,-0.1952380952380952,0.0,-0.27142857142857146,0.0,0.34550000000000003,0,,0.0,0.0,2017,0.0
Alaska,2017-06-01,194534.0,2017,117442.0,165.6426150780811,114607,169.74006823317947,2017,17.0,40.0,0.425,6.0,20.0,0.3,-0.07500000000000001,0.0,-0.2,0.0,0.38558333333333333,1,2015-09-01,1.0,0.0,2017,0.0
Arizona,2017-06-01,1744617.0,2017,1516209.8333333333,115.06435070167839,1492698,116.87675604844384,2017,25.0,60.0,0.4166666666666667,13.0,30.0,0.43333333333333335,-0.08333333333333331,0.0,-0.06666666666666665,0.0,0.4575625,1,2014-01-01,1.0,0.0,2017,0.0
Arkansas,2017-06-01,923807.0,2017,747638.0833333334,123.56339525686279,761746,121.27493941550071,2017,24.0,100.0,0.24,9.0,35.0,0.2571428571428571,-0.26,0.0,-0.24285714285714288,0.0,0.3380416666666667,1,2014-01-01,1.0,0.0,2017,0.0
California,2017-06-01,12293428.0,2017,7694815.333333333,159.76248249578958,7534254,163.16715629709324,2017,55.0,80.0,0.6875,27.0,40.0,0.675,0.1875,1.0,0.17500000000000004,1.0,0.619625,1,2014-01-01,1.0,0.0,2017,0.0
Colorado,2017-06-01,1419415.0,2017,843188.75,168.3389395316292,820836,172.92309304172818,2017,37.0,65.0,0.5692307692307692,17.0,35.0,0.4857142857142857,0.0692307692307692,1.0,-0.01428571428571429,1.0,0.49164583333333334,1,2014-01-01,1.0,0.0,2017,0.0
Delaware,2017-06-01,227659.0,2017,176268.5,129.15467028992703,165961,137.17620404793897,2017,25.0,41.0,0.6097560975609756,11.0,21.0,0.5238095238095238,0.1097560975609756,1.0,0.023809523809523836,1.0,0.5390208333333334,1,2014-01-01,1.0,0.0,2017,0.0
Florida,2017-06-01,3874106.0,2017,4440917.416666667,87.23661434145485,4384883,88.35141097265308,2017,41.0,120.0,0.3416666666666667,15.0,40.0,0.375,-0.15833333333333333,0.0,-0.125,0.0,0.47829166666666667,0,,0.0,0.0,2017,0.0
Georgia,2017-06-01,1765789.0,2017,2258947.0833333335,78.16867482324452,2209726,79.90986212770271,2017,62.0,180.0,0.34444444444444444,18.0,56.0,0.32142857142857145,-0.15555555555555556,0.0,-0.17857142857142855,0.0,0.46097916666666666,0,,0.0,0.0,2017,0.0
Hawaii,2017-06-01,348125.0,2017,186612.66666666666,186.5495018201694,185180,187.99276379738632,2017,45.0,51.0,0.8823529411764706,25.0,25.0,1.0,0.38235294117647056,1.0,0.5,1.0,0.623625,1,2014-01-01,1.0,0.0,2017,0.0
Idaho,2017-06-01,294792.0,2017,343521.4166666667,85.81473692688253,341618,86.29287683904245,2017,11.0,70.0,0.15714285714285714,6.0,35.0,0.17142857142857143,-0.34285714285714286,0.0,-0.32857142857142857,0.0,0.28387500000000004,1,2020-01-01,0.0,0.0,2017,0.0
Illinois,2017-06-01,3075710.0,2017,2304574.9166666665,133.4610551280625,2253479,136.48718270727173,2017,67.0,118.0,0.5677966101694916,37.0,59.0,0.6271186440677966,0.06779661016949157,1.0,0.1271186440677966,0.0,0.5573541666666667,1,2014-01-01,1.0,0.0,2017,0.0
Indiana,2017-06-01,1382276.0,2017,1301744.3333333333,106.18644265271753,1293314,106.87860797919144,2017,30.0,100.0,0.3,9.0,50.0,0.18,-0.2,0.0,-0.32,0.0,0.3835208333333333,1,2015-02-01,1.0,0.0,2017,1.0
Kansas,2017-06-01,392222.0,2017,527129.5833333334,74.40713107387414,526814,74.45170401697753,2017,40.0,125.0,0.32,9.0,40.0,0.225,-0.18,0.0,-0.275,0.0,0.3680208333333333,0,,0.0,0.0,2017,0.0
Maine,2017-06-01,235597.0,2017,233151.08333333334,101.04906939813347,231999,101.55086875374464,2017,77.0,151.0,0.5099337748344371,17.0,35.0,0.4857142857142857,0.009933774834437137,1.0,-0.01428571428571429,0.0,0.484875,1,2019-01-01,0.0,0.0,2017,0.0
Maryland,2017-06-01,1305591.0,2017,810927.5,160.99971945704146,793697,164.49488910755616,2017,90.0,141.0,0.6382978723404256,33.0,47.0,0.7021276595744681,0.13829787234042556,1.0,0.2021276595744681,0.0,0.6078749999999999,1,2014-01-01,1.0,0.0,2017,0.0
Massachusetts,2017-06-01,1661114.0,2017,990319.0833333334,167.7352307913552,972871,170.74350042297488,2017,125.0,160.0,0.78125,34.0,40.0,0.85,0.28125,1.0,0.35,0.0,0.6081666666666666,1,2014-01-01,1.0,0.0,2017,0.0
Michigan,2017-06-01,2378157.0,2017,2015461.3333333333,117.99566484695647,1999842,118.91724446231254,2017,47.0,110.0,0.42727272727272725,11.0,38.0,0.2894736842105263,-0.07272727272727275,0.0,-0.21052631578947367,0.0,0.47710416666666666,1,2014-04-01,1.0,0.0,2017,0.0
Mississippi,2017-06-01,625456.0,2017,828906.4166666666,75.45556258512094,831252,75.24264603273136,2017,48.0,122.0,0.39344262295081966,20.0,52.0,0.38461538461538464,-0.10655737704918034,0.0,-0.11538461538461536,0.0,0.40702083333333333,0,,0.0,0.0,2017,0.0
Montana,2017-06-01,261293.0,2017,206049.75,126.81063675156122,210360,124.21230271914814,2017,41.0,100.0,0.41,18.0,50.0,0.36,-0.09000000000000002,0.0,-0.14,1.0,0.364125,1,2016-01-01,1.0,0.0,2017,0.0
New Jersey,2017-06-01,1787875.0,2017,1284305.0833333333,139.20952452821277,1255020,142.45788911730492,2017,52.0,80.0,0.65,24.0,40.0,0.6,0.15000000000000002,1.0,0.09999999999999998,0.0,0.5533541666666667,1,2014-01-01,1.0,0.0,2017,0.0
North Dakota,2017-06-01,93804.0,2017,118436.0,79.2022695801952,122160,76.78781925343812,2017,13.0,94.0,0.13829787234042554,9.0,47.0,0.19148936170212766,-0.36170212765957444,0.0,-0.30851063829787234,0.0,0.2775625,1,2014-01-01,1.0,0.0,2017,0.0
Ohio,2017-06-01,2910222.0,2017,2301160.1666666665,126.46759848166444,2296371,126.73135133652184,2017,33.0,99.0,0.3333333333333333,9.0,33.0,0.2727272727272727,-0.16666666666666669,0.0,-0.2272727272727273,0.0,0.438625,1,2014-01-01,1.0,0.0,2017,0.0
Oklahoma,2017-06-01,753984.0,2017,906967.9166666666,83.13237835039186,885167,85.17985871592593,2017,26.0,101.0,0.25742574257425743,6.0,48.0,0.125,-0.24257425742574257,0.0,-0.375,0.0,0.29454166666666665,1,2021-07-01,0.0,0.0,2017,0.0
Oregon,2017-06-01,1006080.0,2017,805692.9166666666,124.8713969290409,797451,126.16198362031021,2017,35.0,60.0,0.5833333333333334,17.0,30.0,0.5666666666666667,0.08333333333333337,1.0,0.06666666666666665,1.0,0.5094791666666667,1,2014-01-01,1.0,0.0,2017,0.0
Pennsylvania,2017-06-01,2949330.0,2017,2268658.6666666665,130.00325008492538,2259652,130.52142542302974,2017,80.0,203.0,0.39408866995073893,16.0,50.0,0.32,-0.10591133004926107,0.0,-0.18,1.0,0.4796458333333333,1,2015-01-01,1.0,0.0,2017,0.0
Rhode Island,2017-06-01,314845.0,2017,181579.58333333334,173.39229125888326,188712,166.83888676925687,2017,64.0,75.0,0.8533333333333334,33.0,38.0,0.868421052631579,0.3533333333333334,1.0,0.368421052631579,1.0,0.5512916666666667,1,2014-01-01,1.0,0.0,2017,0.0
South Carolina,2017-06-01,1031667.0,2017,1135886.0833333333,90.82486484670228,1124024,91.78336049764061,2017,44.0,124.0,0.3548387096774194,18.0,46.0,0.391304347826087,-0.14516129032258063,0.0,-0.10869565217391303,0.0,0.40808333333333335,0,,0.0,0.0,2017,0.0
South Dakota,2017-06-01,113110.0,2017,162765.0,69.49282708198938,166237,68.04141075693137,2017,10.0,70.0,0.14285714285714285,6.0,35.0,0.17142857142857143,-0.35714285714285715,0.0,-0.32857142857142857,0.0,0.32383333333333336,1,2023-07-01,0.0,0.0,2017,0.0
Tennessee,2017-06-01,1498146.0,2017,1501404.3333333333,99.78298095582959,1514870,98.89601087882129,2017,25.0,99.0,0.25252525252525254,5.0,33.0,0.15151515151515152,-0.24747474747474746,0.0,-0.3484848484848485,0.0,0.3490833333333333,0,,0.0,0.0,2017,0.0
Texas,2017-06-01,4431050.0,2017,6272453.833333333,70.64300699117673,6299251,70.3424899245958,2017,56.0,150.0,0.37333333333333335,11.0,31.0,0.3548387096774194,-0.12666666666666665,0.0,-0.14516129032258063,0.0,0.43695833333333334,0,,0.0,0.0,2017,0.0
Utah,2017-06-01,306849.0,2017,466713.9166666667,65.74670028945283,456764,67.1788932577874,2017,13.0,75.0,0.17333333333333334,5.0,29.0,0.1724137931034483,-0.32666666666666666,0.0,-0.3275862068965517,0.0,0.2887291666666667,1,2020-01-01,0.0,0.0,2017,0.0
Virginia,2017-06-01,1011261.0,2017,1307033.9166666667,77.37067776932848,1298806,77.86081986070283,2017,34.0,100.0,0.34,19.0,40.0,0.475,-0.15999999999999998,0.0,-0.025000000000000022,1.0,0.502,1,2019-01-01,0.0,0.0,2017,0.0
West Virginia,2017-06-01,547084.0,2017,471030.5,116.146194354718,462592,118.26490730492529,2017,36.0,100.0,0.36,12.0,34.0,0.35294117647058826,-0.14,0.0,-0.14705882352941174,1.0,0.2688125,1,2014-01-01,1.0,0.0,2017,0.0
Wisconsin,2017-06-01,1039204.0,2017,966480.8333333334,107.52453273344788,951649,109.20034592586131,2017,35.0,99.0,0.35353535353535354,13.0,33.0,0.3939393939393939,-0.14646464646464646,0.0,-0.10606060606060608,0.0,0.47037500000000004,0,,0.0,0.0,2017,0.0
Wyoming,2017-06-01,60822.0,2017,94111.83333333333,64.62736708632106,93266,65.21347543585016,2017,9.0,60.0,0.15,3.0,30.0,0.1,-0.35,0.0,-0.4,0.0,0.22785416666666666,0,,0.0,0.0,2017,0.0
Alabama,2017-07-01,890639.0,2017,1178364.0,75.58267224728522,1174119,75.85593964495932,2017,32.0,105.0,0.3047619047619048,8.0,35.0,0.22857142857142856,-0.1952380952380952,0.0,-0.27142857142857146,0.0,0.34600000000000003,0,,0.0,0.0,2017,0.0
Alaska,2017-07-01,196121.0,2017,117037.0,167.5717935353777,114607,171.12480040486184,2017,17.0,40.0,0.425,6.0,20.0,0.3,-0.07500000000000001,0.0,-0.2,0.0,0.38666666666666666,1,2015-09-01,1.0,0.0,2017,0.0
Arizona,2017-07-01,1745097.0,2017,1512851.0,115.35154486462974,1492698,116.90891258647093,2017,25.0,60.0,0.4166666666666667,13.0,30.0,0.43333333333333335,-0.08333333333333331,0.0,-0.06666666666666665,0.0,0.4585,1,2014-01-01,1.0,0.0,2017,0.0
Arkansas,2017-07-01,911171.0,2017,749653.5,121.54562074345014,761746,119.61611875874635,2017,24.0,100.0,0.24,9.0,35.0,0.2571428571428571,-0.26,0.0,-0.24285714285714288,0.0,0.3383333333333334,1,2014-01-01,1.0,0.0,2017,0.0
California,2017-07-01,12277389.0,2017,7671878.0,160.0310771365238,7534254,162.95427523415057,2017,55.0,80.0,0.6875,27.0,40.0,0.675,0.1875,1.0,0.17500000000000004,1.0,0.62,1,2014-01-01,1.0,0.0,2017,0.0
Colorado,2017-07-01,1415488.0,2017,839995.5,168.51137893000617,820836,172.44467835231399,2017,37.0,65.0,0.5692307692307692,17.0,35.0,0.4857142857142857,0.0692307692307692,1.0,-0.01428571428571429,1.0,0.49316666666666664,1,2014-01-01,1.0,0.0,2017,0.0
Delaware,2017-07-01,228630.0,2017,174796.0,130.79818760154694,165961,137.7612812648755,2017,25.0,41.0,0.6097560975609756,11.0,21.0,0.5238095238095238,0.1097560975609756,1.0,0.023809523809523836,1.0,0.5401666666666667,1,2014-01-01,1.0,0.0,2017,0.0
Florida,2017-07-01,3882461.0,2017,4432912.5,87.58262203461042,4384883,88.54195197454527,2017,41.0,120.0,0.3416666666666667,15.0,40.0,0.375,-0.15833333333333333,0.0,-0.125,0.0,0.47833333333333333,0,,0.0,0.0,2017,0.0
Georgia,2017-07-01,1754492.0,2017,2251915.5,77.91109391093937,2209726,79.39862227262566,2017,62.0,180.0,0.34444444444444444,18.0,56.0,0.32142857142857145,-0.15555555555555556,0.0,-0.17857142857142855,0.0,0.4618333333333333,0,,0.0,0.0,2017,0.0
Hawaii,2017-07-01,346435.0,2017,186408.0,185.84771039869534,185180,187.0801382438708,2017,45.0,51.0,0.8823529411764706,25.0,25.0,1.0,0.38235294117647056,1.0,0.5,1.0,0.624,1,2014-01-01,1.0,0.0,2017,0.0
Idaho,2017-07-01,294571.0,2017,343249.5,85.81833331148334,341618,86.22818469752764,2017,11.0,70.0,0.15714285714285714,6.0,35.0,0.17142857142857143,-0.34285714285714286,0.0,-0.32857142857142857,0.0,0.28500000000000003,1,2020-01-01,0.0,0.0,2017,0.0
Illinois,2017-07-01,3073670.0,2017,2297275.5,133.79631654975643,2253479,136.3966560149884,2017,67.0,118.0,0.5677966101694916,37.0,59.0,0.6271186440677966,0.06779661016949157,1.0,0.1271186440677966,0.0,0.5578333333333334,1,2014-01-01,1.0,0.0,2017,0.0
Indiana,2017-07-01,1383067.0,2017,1300540.0,106.34559490673105,1293314,106.93976868726389,2017,30.0,100.0,0.3,9.0,50.0,0.18,-0.2,0.0,-0.32,0.0,0.38416666666666666,1,2015-02-01,1.0,0.0,2017,1.0
Kansas,2017-07-01,403231.0,2017,527084.5,76.50215477783922,526814,76.54143587679903,2017,40.0,125.0,0.32,9.0,40.0,0.225,-0.18,0.0,-0.275,0.0,0.36916666666666664,0,,0.0,0.0,2017,0.0
Maine,2017-07-01,234918.0,2017,232986.5,100.82901799031274,231999,101.25819507842706,2017,77.0,151.0,0.5099337748344371,17.0,35.0,0.4857142857142857,0.009933774834437137,1.0,-0.01428571428571429,0.0,0.486,1,2019-01-01,0.0,0.0,2017,0.0
Maryland,2017-07-01,1306788.0,2017,808466.0,161.63796622245093,793697,164.64570232721053,2017,90.0,141.0,0.6382978723404256,33.0,47.0,0.7021276595744681,0.13829787234042556,1.0,0.2021276595744681,0.0,0.609,1,2014-01-01,1.0,0.0,2017,0.0
Massachusetts,2017-07-01,1632523.0,2017,987826.5,165.26414304536272,972871,167.80467297308687,2017,125.0,160.0,0.78125,34.0,40.0,0.85,0.28125,1.0,0.35,0.0,0.6093333333333333,1,2014-01-01,1.0,0.0,2017,0.0
Michigan,2017-07-01,2380232.0,2017,2013230.0,118.2295117795781,1999842,119.02100265921007,2017,47.0,110.0,0.42727272727272725,11.0,38.0,0.2894736842105263,-0.07272727272727275,0.0,-0.21052631578947367,0.0,0.47783333333333333,1,2014-04-01,1.0,0.0,2017,0.0
Mississippi,2017-07-01,625464.0,2017,829241.5,75.42603692651659,831252,75.24360843643083,2017,48.0,122.0,0.39344262295081966,20.0,52.0,0.38461538461538464,-0.10655737704918034,0.0,-0.11538461538461536,0.0,0.4071666666666667,0,,0.0,0.0,2017,0.0
Montana,2017-07-01,262329.0,2017,206665.5,126.9341036602626,210360,124.70479178551055,2017,41.0,100.0,0.41,18.0,50.0,0.36,-0.09000000000000002,0.0,-0.14,1.0,0.365,1,2016-01-01,1.0,0.0,2017,0.0
New Jersey,2017-07-01,1778951.0,2017,1280121.5,138.96735583302052,1255020,141.7468247517968,2017,52.0,80.0,0.65,24.0,40.0,0.6,0.15000000000000002,1.0,0.09999999999999998,0.0,0.5538333333333334,1,2014-01-01,1.0,0.0,2017,0.0
North Dakota,2017-07-01,93148.0,2017,118968.0,78.2966848228095,122160,76.25081859855926,2017,13.0,94.0,0.13829787234042554,9.0,47.0,0.19148936170212766,-0.36170212765957444,0.0,-0.30851063829787234,0.0,0.2785,1,2014-01-01,1.0,0.0,2017,0.0
Ohio,2017-07-01,2881568.0,2017,2300476.0,125.25964191758577,2296371,125.48355644623625,2017,33.0,99.0,0.3333333333333333,9.0,33.0,0.2727272727272727,-0.16666666666666669,0.0,-0.2272727272727273,0.0,0.439,1,2014-01-01,1.0,0.0,2017,0.0
Oklahoma,2017-07-01,753610.0,2017,903853.5,83.37744999604472,885167,85.13760680188032,2017,26.0,101.0,0.25742574257425743,6.0,48.0,0.125,-0.24257425742574257,0.0,-0.375,0.0,0.29533333333333334,1,2021-07-01,0.0,0.0,2017,0.0
Oregon,2017-07-01,989582.0,2017,804515.5,123.0034722761712,797451,124.09314177297415,2017,35.0,60.0,0.5833333333333334,17.0,30.0,0.5666666666666667,0.08333333333333337,1.0,0.06666666666666665,1.0,0.5108333333333334,1,2014-01-01,1.0,0.0,2017,0.0
Pennsylvania,2017-07-01,3001087.0,2017,2267372.0,132.3597098314701,2259652,132.8119108606104,2017,80.0,203.0,0.39408866995073893,16.0,50.0,0.32,-0.10591133004926107,0.0,-0.18,1.0,0.48016666666666663,1,2015-01-01,1.0,0.0,2017,0.0
Rhode Island,2017-07-01,313103.0,2017,182598.5,171.4707404496751,188712,165.91578701937345,2017,64.0,75.0,0.8533333333333334,33.0,38.0,0.868421052631579,0.3533333333333334,1.0,0.368421052631579,1.0,0.5523333333333333,1,2014-01-01,1.0,0.0,2017,0.0
South Carolina,2017-07-01,1032955.0,2017,1134191.5,91.07412637107578,1124024,91.8979487982463,2017,44.0,124.0,0.3548387096774194,18.0,46.0,0.391304347826087,-0.14516129032258063,0.0,-0.10869565217391303,0.0,0.4086666666666667,0,,0.0,0.0,2017,0.0
South Dakota,2017-07-01,112529.0,2017,163261.0,68.9258304187773,166237,67.69190974331828,2017,10.0,70.0,0.14285714285714285,6.0,35.0,0.17142857142857143,-0.35714285714285715,0.0,-0.32857142857142857,0.0,0.32466666666666666,1,2023-07-01,0.0,0.0,2017,0.0
Tennessee,2017-07-01,1484821.0,2017,1503328.0,98.76893133102024,1514870,98.01639744664558,2017,25.0,99.0,0.25252525252525254,5.0,33.0,0.15151515151515152,-0.24747474747474746,0.0,-0.3484848484848485,0.0,0.3496666666666666,0,,0.0,0.0,2017,0.0
Texas,2017-07-01,4434104.0,2017,6276282.0,70.64857825062673,6299251,70.39097187903768,2017,56.0,150.0,0.37333333333333335,11.0,31.0,0.3548387096774194,-0.12666666666666665,0.0,-0.14516129032258063,0.0,0.43766666666666665,0,,0.0,0.0,2017,0.0
Utah,2017-07-01,307267.0,2017,465292.5,66.03738508572565,456764,67.27040659946931,2017,13.0,75.0,0.17333333333333334,5.0,29.0,0.1724137931034483,-0.32666666666666666,0.0,-0.3275862068965517,0.0,0.29083333333333333,1,2020-01-01,0.0,0.0,2017,0.0
Virginia,2017-07-01,1015609.0,2017,1305858.5,77.773280948893,1298806,78.19558887162516,2017,34.0,100.0,0.34,19.0,40.0,0.475,-0.15999999999999998,0.0,-0.025000000000000022,1.0,0.503,1,2019-01-01,0.0,0.0,2017,0.0
West Virginia,2017-07-01,546958.0,2017,469825.0,116.41738945351993,462592,118.23766947980077,2017,36.0,100.0,0.36,12.0,34.0,0.35294117647058826,-0.14,0.0,-0.14705882352941174,1.0,0.2695,1,2014-01-01,1.0,0.0,2017,0.0
Wisconsin,2017-07-01,1037696.0,2017,964362.0,107.60440581441408,951649,109.04188414005584,2017,35.0,99.0,0.35353535353535354,13.0,33.0,0.3939393939393939,-0.14646464646464646,0.0,-0.10606060606060608,0.0,0.47100000000000003,0,,0.0,0.0,2017,0.0
Wyoming,2017-07-01,60075.0,2017,93991.0,63.91569405581385,93266,64.41254047562884,2017,9.0,60.0,0.15,3.0,30.0,0.1,-0.35,0.0,-0.4,0.0,0.22883333333333333,0,,0.0,0.0,2017,0.0
Alabama,2017-08-01,890747.0,2017,1177656.5,75.63725076030235,1174119,75.86513803115356,2017,32.0,105.0,0.3047619047619048,8.0,35.0,0.22857142857142856,-0.1952380952380952,0.0,-0.27142857142857146,0.0,0.34650000000000003,0,,0.0,0.0,2017,0.0
Alaska,2017-08-01,197834.0,2017,116632.0,169.62240208519103,114607,172.61947350510874,2017,17.0,40.0,0.425,6.0,20.0,0.3,-0.07500000000000001,0.0,-0.2,0.0,0.38775,1,2015-09-01,1.0,0.0,2017,0.0
Arizona,2017-08-01,1742701.0,2017,1509492.1666666667,115.44948946958209,1492698,116.7483978674856,2017,25.0,60.0,0.4166666666666667,13.0,30.0,0.43333333333333335,-0.08333333333333331,0.0,-0.06666666666666665,0.0,0.4594375,1,2014-01-01,1.0,0.0,2017,0.0
Arkansas,2017-08-01,909960.0,2017,751668.9166666666,121.05861767376085,761746,119.45714188193965,2017,24.0,100.0,0.24,9.0,35.0,0.2571428571428571,-0.26,0.0,-0.24285714285714288,0.0,0.338625,1,2014-01-01,1.0,0.0,2017,0.0
California,2017-08-01,12310936.0,2017,7648940.666666667,160.9495554547815,7534254,163.39953497718554,2017,55.0,80.0,0.6875,27.0,40.0,0.675,0.1875,1.0,0.17500000000000004,1.0,0.620375,1,2014-01-01,1.0,0.0,2017,0.0
Colorado,2017-08-01,1421240.0,2017,836802.25,169.84179954105048,820836,173.14542734480455,2017,37.0,65.0,0.5692307692307692,17.0,35.0,0.4857142857142857,0.0692307692307692,1.0,-0.01428571428571429,1.0,0.4946875,1,2014-01-01,1.0,0.0,2017,0.0
Delaware,2017-08-01,229944.0,2017,173323.5,132.6675263308207,165961,138.5530335440254,2017,25.0,41.0,0.6097560975609756,11.0,21.0,0.5238095238095238,0.1097560975609756,1.0,0.023809523809523836,1.0,0.5413125,1,2014-01-01,1.0,0.0,2017,0.0
Florida,2017-08-01,3843679.0,2017,4424907.583333333,86.86461643803447,4384883,87.65750420250666,2017,41.0,120.0,0.3416666666666667,15.0,40.0,0.375,-0.15833333333333333,0.0,-0.125,0.0,0.478375,0,,0.0,0.0,2017,0.0
Georgia,2017-08-01,1766183.0,2017,2244883.9166666665,78.67591668715461,2209726,79.92769239263149,2017,62.0,180.0,0.34444444444444444,18.0,56.0,0.32142857142857145,-0.15555555555555556,0.0,-0.17857142857142855,0.0,0.46268750000000003,0,,0.0,0.0,2017,0.0
Hawaii,2017-08-01,346500.0,2017,186203.33333333334,186.0868942553839,185180,187.11523922669835,2017,45.0,51.0,0.8823529411764706,25.0,25.0,1.0,0.38235294117647056,1.0,0.5,1.0,0.624375,1,2014-01-01,1.0,0.0,2017,0.0
Idaho,2017-08-01,296356.0,2017,342977.5833333333,86.40681327326787,341618,86.75069814822403,2017,11.0,70.0,0.15714285714285714,6.0,35.0,0.17142857142857143,-0.34285714285714286,0.0,-0.32857142857142857,0.0,0.286125,1,2020-01-01,0.0,0.0,2017,0.0
Illinois,2017-08-01,3078351.0,2017,2289976.0833333335,134.42721181258332,2253479,136.60437927311503,2017,67.0,118.0,0.5677966101694916,37.0,59.0,0.6271186440677966,0.06779661016949157,1.0,0.1271186440677966,0.0,0.5583125,1,2014-01-01,1.0,0.0,2017,0.0
Indiana,2017-08-01,1383030.0,2017,1299335.6666666667,106.4413173193378,1293314,106.93690781975607,2017,30.0,100.0,0.3,9.0,50.0,0.18,-0.2,0.0,-0.32,0.0,0.3848125,1,2015-02-01,1.0,0.0,2017,1.0
Kansas,2017-08-01,394141.0,2017,527039.4166666666,74.78397014265063,526814,74.81596920355192,2017,40.0,125.0,0.32,9.0,40.0,0.225,-0.18,0.0,-0.275,0.0,0.3703125,0,,0.0,0.0,2017,0.0
Maine,2017-08-01,234535.0,2017,232821.91666666666,100.73579126821895,231999,101.09310815994897,2017,77.0,151.0,0.5099337748344371,17.0,35.0,0.4857142857142857,0.009933774834437137,1.0,-0.01428571428571429,0.0,0.487125,1,2019-01-01,0.0,0.0,2017,0.0
Maryland,2017-08-01,1309986.0,2017,806004.5,162.52837298054789,793697,165.04862686894367,2017,90.0,141.0,0.6382978723404256,33.0,47.0,0.7021276595744681,0.13829787234042556,1.0,0.2021276595744681,0.0,0.610125,1,2014-01-01,1.0,0.0,2017,0.0
Massachusetts,2017-08-01,1624439.0,2017,985333.9166666666,164.86177655341373,972871,166.973730330126,2017,125.0,160.0,0.78125,34.0,40.0,0.85,0.28125,1.0,0.35,0.0,0.6105,1,2014-01-01,1.0,0.0,2017,0.0
Michigan,2017-08-01,2385647.0,2017,2010998.6666666667,118.62996428308588,1999842,119.29177405014997,2017,47.0,110.0,0.42727272727272725,11.0,38.0,0.2894736842105263,-0.07272727272727275,0.0,-0.21052631578947367,0.0,0.4785625,1,2014-04-01,1.0,0.0,2017,0.0
Mississippi,2017-08-01,624436.0,2017,829576.5833333334,75.27165213498974,831252,75.11993956104767,2017,48.0,122.0,0.39344262295081966,20.0,52.0,0.38461538461538464,-0.10655737704918034,0.0,-0.11538461538461536,0.0,0.4073125,0,,0.0,0.0,2017,0.0
Montana,2017-08-01,263978.0,2017,207281.25,127.35257048092869,210360,125.48868606198897,2017,41.0,100.0,0.41,18.0,50.0,0.36,-0.09000000000000002,0.0,-0.14,1.0,0.365875,1,2016-01-01,1.0,0.0,2017,0.0
New Jersey,2017-08-01,1771394.0,2017,1275937.9166666667,138.8307359520823,1255020,141.1446829532597,2017,52.0,80.0,0.65,24.0,40.0,0.6,0.15000000000000002,1.0,0.09999999999999998,0.0,0.5543125,1,2014-01-01,1.0,0.0,2017,0.0
North Dakota,2017-08-01,93407.0,2017,119500.0,78.16485355648535,122160,76.4628356254093,2017,13.0,94.0,0.13829787234042554,9.0,47.0,0.19148936170212766,-0.36170212765957444,0.0,-0.30851063829787234,0.0,0.2794375,1,2014-01-01,1.0,0.0,2017,0.0
Ohio,2017-08-01,2876683.0,2017,2299791.8333333335,125.08449496624729,2296371,125.27082949575656,2017,33.0,99.0,0.3333333333333333,9.0,33.0,0.2727272727272727,-0.16666666666666669,0.0,-0.2272727272727273,0.0,0.439375,1,2014-01-01,1.0,0.0,2017,0.0
Oklahoma,2017-08-01,747582.0,2017,900739.0833333334,82.99650962556767,885167,84.45660536373363,2017,26.0,101.0,0.25742574257425743,6.0,48.0,0.125,-0.24257425742574257,0.0,-0.375,0.0,0.29612499999999997,1,2021-07-01,0.0,0.0,2017,0.0
Oregon,2017-08-01,974751.0,2017,803338.0833333334,121.33758130268318,797451,122.23334098270615,2017,35.0,60.0,0.5833333333333334,17.0,30.0,0.5666666666666667,0.08333333333333337,1.0,0.06666666666666665,1.0,0.5121875,1,2014-01-01,1.0,0.0,2017,0.0
Pennsylvania,2017-08-01,3013365.0,2017,2266085.3333333335,132.97667813627493,2259652,133.3552688644092,2017,80.0,203.0,0.39408866995073893,16.0,50.0,0.32,-0.10591133004926107,0.0,-0.18,1.0,0.4806875,1,2015-01-01,1.0,0.0,2017,0.0
Rhode Island,2017-08-01,315776.0,2017,183617.41666666666,171.97497151005555,188712,167.33223112467675,2017,64.0,75.0,0.8533333333333334,33.0,38.0,0.868421052631579,0.3533333333333334,1.0,0.368421052631579,1.0,0.5533750000000001,1,2014-01-01,1.0,0.0,2017,0.0
South Carolina,2017-08-01,1033865.0,2017,1132496.9166666667,91.29075627358219,1124024,91.97890792367423,2017,44.0,124.0,0.3548387096774194,18.0,46.0,0.391304347826087,-0.14516129032258063,0.0,-0.10869565217391303,0.0,0.40925,0,,0.0,0.0,2017,0.0
South Dakota,2017-08-01,112964.0,2017,163757.0,68.98269997618422,166237,67.95358434042963,2017,10.0,70.0,0.14285714285714285,6.0,35.0,0.17142857142857143,-0.35714285714285715,0.0,-0.32857142857142857,0.0,0.3255,1,2023-07-01,0.0,0.0,2017,0.0
Tennessee,2017-08-01,1505215.0,2017,1505251.6666666667,99.99756408396824,1514870,99.36265158066368,2017,25.0,99.0,0.25252525252525254,5.0,33.0,0.15151515151515152,-0.24747474747474746,0.0,-0.3484848484848485,0.0,0.35024999999999995,0,,0.0,0.0,2017,0.0
Texas,2017-08-01,4444789.0,2017,6280110.166666667,70.77565332518981,6299251,70.56059521997139,2017,56.0,150.0,0.37333333333333335,11.0,31.0,0.3548387096774194,-0.12666666666666665,0.0,-0.14516129032258063,0.0,0.438375,0,,0.0,0.0,2017,0.0
Utah,2017-08-01,308312.0,2017,463871.0833333333,66.46501820818392,456764,67.4991899536741,2017,13.0,75.0,0.17333333333333334,5.0,29.0,0.1724137931034483,-0.32666666666666666,0.0,-0.3275862068965517,0.0,0.2929375,1,2020-01-01,0.0,0.0,2017,0.0
Virginia,2017-08-01,1023102.0,2017,1304683.0833333333,78.41766426418882,1298806,78.77250336077906,2017,34.0,100.0,0.34,19.0,40.0,0.475,-0.15999999999999998,0.0,-0.025000000000000022,1.0,0.504,1,2019-01-01,0.0,0.0,2017,0.0
West Virginia,2017-08-01,547225.0,2017,468619.5,116.77384317127222,462592,118.29538772827893,2017,36.0,100.0,0.36,12.0,34.0,0.35294117647058826,-0.14,0.0,-0.14705882352941174,1.0,0.2701875,1,2014-01-01,1.0,0.0,2017,0.0
Wisconsin,2017-08-01,1037812.0,2017,962243.1666666666,107.8534029599933,951649,109.05407350819472,2017,35.0,99.0,0.35353535353535354,13.0,33.0,0.3939393939393939,-0.14646464646464646,0.0,-0.10606060606060608,0.0,0.471625,0,,0.0,0.0,2017,0.0
Wyoming,2017-08-01,60072.0,2017,93870.16666666667,63.99477292217441,93266,64.4093238693629,2017,9.0,60.0,0.15,3.0,30.0,0.1,-0.35,0.0,-0.4,0.0,0.2298125,0,,0.0,0.0,2017,0.0
Alabama,2017-09-01,890170.0,2017,1176949.0,75.63369355851442,1174119,75.8159948012084,2017,32.0,105.0,0.3047619047619048,8.0,35.0,0.22857142857142856,-0.1952380952380952,0.0,-0.27142857142857146,0.0,0.34700000000000003,0,,0.0,0.0,2017,0.0
Alaska,2017-09-01,198742.0,2017,116227.0,170.99469142281913,114607,173.41174622841538,2017,17.0,40.0,0.425,6.0,20.0,0.3,-0.07500000000000001,0.0,-0.2,0.0,0.3888333333333333,1,2015-09-01,1.0,0.0,2017,0.0
Arizona,2017-09-01,1743139.0,2017,1506133.3333333333,115.7360348796034,1492698,116.77774070843535,2017,25.0,60.0,0.4166666666666667,13.0,30.0,0.43333333333333335,-0.08333333333333331,0.0,-0.06666666666666665,0.0,0.46037500000000003,1,2014-01-01,1.0,0.0,2017,0.0
Arkansas,2017-09-01,917847.0,2017,753684.3333333334,121.78135585499321,761746,120.49252638018446,2017,24.0,100.0,0.24,9.0,35.0,0.2571428571428571,-0.26,0.0,-0.24285714285714288,0.0,0.3389166666666667,1,2014-01-01,1.0,0.0,2017,0.0
California,2017-09-01,12268887.0,2017,7626003.333333333,160.88226642089938,7534254,162.8414306180811,2017,55.0,80.0,0.6875,27.0,40.0,0.675,0.1875,1.0,0.17500000000000004,1.0,0.62075,1,2014-01-01,1.0,0.0,2017,0.0
Colorado,2017-09-01,1416111.0,2017,833609.0,169.8771246471667,820836,172.5205765828984,2017,37.0,65.0,0.5692307692307692,17.0,35.0,0.4857142857142857,0.0692307692307692,1.0,-0.01428571428571429,1.0,0.4962083333333333,1,2014-01-01,1.0,0.0,2017,0.0
Delaware,2017-09-01,230339.0,2017,171851.0,134.03413422092393,165961,138.79104126873182,2017,25.0,41.0,0.6097560975609756,11.0,21.0,0.5238095238095238,0.1097560975609756,1.0,0.023809523809523836,1.0,0.5424583333333334,1,2014-01-01,1.0,0.0,2017,0.0
Florida,2017-09-01,3806151.0,2017,4416902.666666667,86.17239924085565,4384883,86.80165468497107,2017,41.0,120.0,0.3416666666666667,15.0,40.0,0.375,-0.15833333333333333,0.0,-0.125,0.0,0.47841666666666666,0,,0.0,0.0,2017,0.0
Georgia,2017-09-01,1769089.0,2017,2237852.3333333335,79.05298189916313,2209726,80.05920191010108,2017,62.0,180.0,0.34444444444444444,18.0,56.0,0.32142857142857145,-0.15555555555555556,0.0,-0.17857142857142855,0.0,0.4635416666666667,0,,0.0,0.0,2017,0.0
Hawaii,2017-09-01,343874.0,2017,185998.66666666666,184.87981992702458,185180,185.69715952046658,2017,45.0,51.0,0.8823529411764706,25.0,25.0,1.0,0.38235294117647056,1.0,0.5,1.0,0.62475,1,2014-01-01,1.0,0.0,2017,0.0
Idaho,2017-09-01,297066.0,2017,342705.6666666667,86.68254683075953,341618,86.95853263001364,2017,11.0,70.0,0.15714285714285714,6.0,35.0,0.17142857142857143,-0.34285714285714286,0.0,-0.32857142857142857,0.0,0.28725,1,2020-01-01,0.0,0.0,2017,0.0
Illinois,2017-09-01,3070815.0,2017,2282676.6666666665,134.52693694390942,2253479,136.26996302162124,2017,67.0,118.0,0.5677966101694916,37.0,59.0,0.6271186440677966,0.06779661016949157,1.0,0.1271186440677966,0.0,0.5587916666666667,1,2014-01-01,1.0,0.0,2017,0.0
Indiana,2017-09-01,1383030.0,2017,1298131.3333333333,106.5400675945988,1293314,106.93690781975607,2017,30.0,100.0,0.3,9.0,50.0,0.18,-0.2,0.0,-0.32,0.0,0.38545833333333335,1,2015-02-01,1.0,0.0,2017,1.0
Kansas,2017-09-01,381853.0,2017,526994.3333333334,72.45865388811897,526814,72.48345715945285,2017,40.0,125.0,0.32,9.0,40.0,0.225,-0.18,0.0,-0.275,0.0,0.37145833333333333,0,,0.0,0.0,2017,0.0
Maine,2017-09-01,233850.0,2017,232657.33333333334,100.5126280137312,231999,100.79784826658735,2017,77.0,151.0,0.5099337748344371,17.0,35.0,0.4857142857142857,0.009933774834437137,1.0,-0.01428571428571429,0.0,0.48824999999999996,1,2019-01-01,0.0,0.0,2017,0.0
Maryland,2017-09-01,1309803.0,2017,803543.0,163.00347336732446,793697,165.0255702113023,2017,90.0,141.0,0.6382978723404256,33.0,47.0,0.7021276595744681,0.13829787234042556,1.0,0.2021276595744681,0.0,0.61125,1,2014-01-01,1.0,0.0,2017,0.0
Massachusetts,2017-09-01,1630412.0,2017,982841.3333333334,165.88761020768357,972871,167.58768634279363,2017,125.0,160.0,0.78125,34.0,40.0,0.85,0.28125,1.0,0.35,0.0,0.6116666666666667,1,2014-01-01,1.0,0.0,2017,0.0
Michigan,2017-09-01,2356366.0,2017,2008767.3333333333,117.30407802330518,1999842,117.8276083810621,2017,47.0,110.0,0.42727272727272725,11.0,38.0,0.2894736842105263,-0.07272727272727275,0.0,-0.21052631578947367,0.0,0.47929166666666667,1,2014-04-01,1.0,0.0,2017,0.0
Mississippi,2017-09-01,623606.0,2017,829911.6666666666,75.14124997238663,831252,75.02009017722663,2017,48.0,122.0,0.39344262295081966,20.0,52.0,0.38461538461538464,-0.10655737704918034,0.0,-0.11538461538461536,0.0,0.40745833333333337,0,,0.0,0.0,2017,0.0
Montana,2017-09-01,264735.0,2017,207897.0,127.33949984848265,210360,125.84854535082715,2017,41.0,100.0,0.41,18.0,50.0,0.36,-0.09000000000000002,0.0,-0.14,1.0,0.36675,1,2016-01-01,1.0,0.0,2017,0.0
New Jersey,2017-09-01,1763781.0,2017,1271754.3333333333,138.68881385110282,1255020,140.53807907443706,2017,52.0,80.0,0.65,24.0,40.0,0.6,0.15000000000000002,1.0,0.09999999999999998,0.0,0.5547916666666667,1,2014-01-01,1.0,0.0,2017,0.0
North Dakota,2017-09-01,93484.0,2017,120032.0,77.88256464942683,122160,76.52586771447282,2017,13.0,94.0,0.13829787234042554,9.0,47.0,0.19148936170212766,-0.36170212765957444,0.0,-0.30851063829787234,0.0,0.28037500000000004,1,2014-01-01,1.0,0.0,2017,0.0
Ohio,2017-09-01,2857339.0,2017,2299107.6666666665,124.28034760732534,2296371,124.42845690003924,2017,33.0,99.0,0.3333333333333333,9.0,33.0,0.2727272727272727,-0.16666666666666669,0.0,-0.2272727272727273,0.0,0.43975,1,2014-01-01,1.0,0.0,2017,0.0
Oklahoma,2017-09-01,744800.0,2017,897624.6666666666,82.97454689673562,885167,84.1423143881324,2017,26.0,101.0,0.25742574257425743,6.0,48.0,0.125,-0.24257425742574257,0.0,-0.375,0.0,0.29691666666666666,1,2021-07-01,0.0,0.0,2017,0.0
Oregon,2017-09-01,968409.0,2017,802160.6666666666,120.7250667156455,797451,121.43805700914538,2017,35.0,60.0,0.5833333333333334,17.0,30.0,0.5666666666666667,0.08333333333333337,1.0,0.06666666666666665,1.0,0.5135416666666667,1,2014-01-01,1.0,0.0,2017,0.0
Pennsylvania,2017-09-01,3010042.0,2017,2264798.6666666665,132.90550035647027,2259652,133.20821082184335,2017,80.0,203.0,0.39408866995073893,16.0,50.0,0.32,-0.10591133004926107,0.0,-0.18,1.0,0.4812083333333333,1,2015-01-01,1.0,0.0,2017,0.0
Rhode Island,2017-09-01,309904.0,2017,184636.33333333334,167.84562085107842,188712,164.220611301878,2017,64.0,75.0,0.8533333333333334,33.0,38.0,0.868421052631579,0.3533333333333334,1.0,0.368421052631579,1.0,0.5544166666666667,1,2014-01-01,1.0,0.0,2017,0.0
South Carolina,2017-09-01,1032321.0,2017,1130802.3333333333,91.29102138982734,1124024,91.84154430866245,2017,44.0,124.0,0.3548387096774194,18.0,46.0,0.391304347826087,-0.14516129032258063,0.0,-0.10869565217391303,0.0,0.4098333333333333,0,,0.0,0.0,2017,0.0
South Dakota,2017-09-01,112653.0,2017,164253.0,68.58504867491004,166237,67.76650204226496,2017,10.0,70.0,0.14285714285714285,6.0,35.0,0.17142857142857143,-0.35714285714285715,0.0,-0.32857142857142857,0.0,0.3263333333333333,1,2023-07-01,0.0,0.0,2017,0.0
Tennessee,2017-09-01,1517342.0,2017,1507175.3333333333,100.67455102547238,1514870,100.16318231927492,2017,25.0,99.0,0.25252525252525254,5.0,33.0,0.15151515151515152,-0.24747474747474746,0.0,-0.3484848484848485,0.0,0.35083333333333333,0,,0.0,0.0,2017,0.0
Texas,2017-09-01,4455818.0,2017,6283938.333333333,70.90804784579097,6299251,70.73567952761368,2017,56.0,150.0,0.37333333333333335,11.0,31.0,0.3548387096774194,-0.12666666666666665,0.0,-0.14516129032258063,0.0,0.4390833333333333,0,,0.0,0.0,2017,0.0
Utah,2017-09-01,305540.0,2017,462449.6666666667,66.06989301178002,456764,66.89231200357297,2017,13.0,75.0,0.17333333333333334,5.0,29.0,0.1724137931034483,-0.32666666666666666,0.0,-0.3275862068965517,0.0,0.2950416666666667,1,2020-01-01,0.0,0.0,2017,0.0
Virginia,2017-09-01,1026222.0,2017,1303507.6666666667,78.72773028057884,1298806,79.01272399419159,2017,34.0,100.0,0.34,19.0,40.0,0.475,-0.15999999999999998,0.0,-0.025000000000000022,1.0,0.505,1,2019-01-01,0.0,0.0,2017,0.0
West Virginia,2017-09-01,544461.0,2017,467414.0,116.48367400206241,462592,117.69788496126176,2017,36.0,100.0,0.36,12.0,34.0,0.35294117647058826,-0.14,0.0,-0.14705882352941174,1.0,0.27087500000000003,1,2014-01-01,1.0,0.0,2017,0.0
Wisconsin,2017-09-01,1036360.0,2017,960124.3333333334,107.94018691329212,951649,108.90149624493905,2017,35.0,99.0,0.35353535353535354,13.0,33.0,0.3939393939393939,-0.14646464646464646,0.0,-0.10606060606060608,0.0,0.47225,0,,0.0,0.0,2017,0.0
Wyoming,2017-09-01,62088.0,2017,93749.33333333333,66.22767095232678,93266,66.57088328008062,2017,9.0,60.0,0.15,3.0,30.0,0.1,-0.35,0.0,-0.4,0.0,0.23079166666666667,0,,0.0,0.0,2017,0.0
Alabama,2017-10-01,891729.0,2017,1176241.5,75.81172743862548,1174119,75.94877520932717,2017,32.0,105.0,0.3047619047619048,8.0,35.0,0.22857142857142856,-0.1952380952380952,0.0,-0.27142857142857146,0.0,0.34750000000000003,0,,0.0,0.0,2017,0.0
Alaska,2017-10-01,200627.0,2017,115822.0,173.22011362262785,114607,175.05649742162345,2017,17.0,40.0,0.425,6.0,20.0,0.3,-0.07500000000000001,0.0,-0.2,0.0,0.3899166666666667,1,2015-09-01,1.0,0.0,2017,0.0
Arizona,2017-10-01,1739554.0,2017,1502774.5,115.75615636278098,1492698,116.53757156504531,2017,25.0,60.0,0.4166666666666667,13.0,30.0,0.43333333333333335,-0.08333333333333331,0.0,-0.06666666666666665,0.0,0.4613125,1,2014-01-01,1.0,0.0,2017,0.0
Arkansas,2017-10-01,917342.0,2017,755699.75,121.38974506740277,761746,120.42623131595047,2017,24.0,100.0,0.24,9.0,35.0,0.2571428571428571,-0.26,0.0,-0.24285714285714288,0.0,0.33920833333333333,1,2014-01-01,1.0,0.0,2017,0.0
California,2017-10-01,12227560.0,2017,7603066.0,160.8240675538,7534254,162.29290915862407,2017,55.0,80.0,0.6875,27.0,40.0,0.675,0.1875,1.0,0.17500000000000004,1.0,0.621125,1,2014-01-01,1.0,0.0,2017,0.0
Colorado,2017-10-01,1378140.0,2017,830415.75,165.9578349760346,820836,167.89468298174057,2017,37.0,65.0,0.5692307692307692,17.0,35.0,0.4857142857142857,0.0692307692307692,1.0,-0.01428571428571429,1.0,0.49772916666666667,1,2014-01-01,1.0,0.0,2017,0.0
Delaware,2017-10-01,230748.0,2017,170378.5,135.43258098879846,165961,139.03748471026324,2017,25.0,41.0,0.6097560975609756,11.0,21.0,0.5238095238095238,0.1097560975609756,1.0,0.023809523809523836,1.0,0.5436041666666667,1,2014-01-01,1.0,0.0,2017,0.0
Florida,2017-10-01,3839336.0,2017,4408897.75,87.08153869070789,4384883,87.55845937052368,2017,41.0,120.0,0.3416666666666667,15.0,40.0,0.375,-0.15833333333333333,0.0,-0.125,0.0,0.4784583333333333,0,,0.0,0.0,2017,0.0
Georgia,2017-10-01,1805143.0,2017,2230820.75,80.91833465328848,2209726,81.69080691452243,2017,62.0,180.0,0.34444444444444444,18.0,56.0,0.32142857142857145,-0.15555555555555556,0.0,-0.17857142857142855,0.0,0.46439583333333334,0,,0.0,0.0,2017,0.0
Hawaii,2017-10-01,345028.0,2017,185794.0,185.70459756504516,185180,186.32033696943515,2017,45.0,51.0,0.8823529411764706,25.0,25.0,1.0,0.38235294117647056,1.0,0.5,1.0,0.625125,1,2014-01-01,1.0,0.0,2017,0.0
Idaho,2017-10-01,297445.0,2017,342433.75,86.86205725925088,341618,87.06947526184217,2017,11.0,70.0,0.15714285714285714,6.0,35.0,0.17142857142857143,-0.34285714285714286,0.0,-0.32857142857142857,0.0,0.28837500000000005,1,2020-01-01,0.0,0.0,2017,0.0
Illinois,2017-10-01,3166200.0,2017,2275377.25,139.1505518480507,2253479,140.50275152331128,2017,67.0,118.0,0.5677966101694916,37.0,59.0,0.6271186440677966,0.06779661016949157,1.0,0.1271186440677966,0.0,0.5592708333333334,1,2014-01-01,1.0,0.0,2017,0.0
Indiana,2017-10-01,1378256.0,2017,1296927.0,106.27090036679012,1293314,106.5677785905047,2017,30.0,100.0,0.3,9.0,50.0,0.18,-0.2,0.0,-0.32,0.0,0.38610416666666664,1,2015-02-01,1.0,0.0,2017,1.0
Kansas,2017-10-01,385603.0,2017,526949.25,73.17649659810694,526814,73.19528334478582,2017,40.0,125.0,0.32,9.0,40.0,0.225,-0.18,0.0,-0.275,0.0,0.3726041666666666,0,,0.0,0.0,2017,0.0
Maine,2017-10-01,233303.0,2017,232492.75,100.34850549103145,231999,100.56207138823873,2017,77.0,151.0,0.5099337748344371,17.0,35.0,0.4857142857142857,0.009933774834437137,1.0,-0.01428571428571429,0.0,0.489375,1,2019-01-01,0.0,0.0,2017,0.0
Maryland,2017-10-01,1312572.0,2017,801081.5,163.84999528762054,793697,165.37444389987616,2017,90.0,141.0,0.6382978723404256,33.0,47.0,0.7021276595744681,0.13829787234042556,1.0,0.2021276595744681,0.0,0.612375,1,2014-01-01,1.0,0.0,2017,0.0
Massachusetts,2017-10-01,1649014.0,2017,980348.75,168.20687535940652,972871,169.49975896084888,2017,125.0,160.0,0.78125,34.0,40.0,0.85,0.28125,1.0,0.35,0.0,0.6128333333333333,1,2014-01-01,1.0,0.0,2017,0.0
Michigan,2017-10-01,2356831.0,2017,2006536.0,117.45769824214467,1999842,117.8508602179572,2017,47.0,110.0,0.42727272727272725,11.0,38.0,0.2894736842105263,-0.07272727272727275,0.0,-0.21052631578947367,0.0,0.48002083333333334,1,2014-04-01,1.0,0.0,2017,0.0
Mississippi,2017-10-01,622763.0,2017,830246.75,75.00938726950753,831252,74.91867688739396,2017,48.0,122.0,0.39344262295081966,20.0,52.0,0.38461538461538464,-0.10655737704918034,0.0,-0.11538461538461536,0.0,0.40760416666666666,0,,0.0,0.0,2017,0.0
Montana,2017-10-01,266801.0,2017,208512.75,127.95428576909566,210360,126.83067123027192,2017,41.0,100.0,0.41,18.0,50.0,0.36,-0.09000000000000002,0.0,-0.14,1.0,0.367625,1,2016-01-01,1.0,0.0,2017,0.0
New Jersey,2017-10-01,1765184.0,2017,1267570.75,139.25723672623403,1255020,140.6498701215917,2017,52.0,80.0,0.65,24.0,40.0,0.6,0.15000000000000002,1.0,0.09999999999999998,0.0,0.5552708333333334,1,2014-01-01,1.0,0.0,2017,0.0
North Dakota,2017-10-01,93557.0,2017,120564.0,77.59944925516739,122160,76.58562540929928,2017,13.0,94.0,0.13829787234042554,9.0,47.0,0.19148936170212766,-0.36170212765957444,0.0,-0.30851063829787234,0.0,0.2813125,1,2014-01-01,1.0,0.0,2017,0.0
Ohio,2017-10-01,2838173.0,2017,2298423.5,123.48346594959546,2296371,123.59383566505586,2017,33.0,99.0,0.3333333333333333,9.0,33.0,0.2727272727272727,-0.16666666666666669,0.0,-0.2272727272727273,0.0,0.440125,1,2014-01-01,1.0,0.0,2017,0.0
Oklahoma,2017-10-01,750448.0,2017,894510.25,83.89484636984317,885167,84.78038607404027,2017,26.0,101.0,0.25742574257425743,6.0,48.0,0.125,-0.24257425742574257,0.0,-0.375,0.0,0.2977083333333333,1,2021-07-01,0.0,0.0,2017,0.0
Oregon,2017-10-01,969692.0,2017,800983.25,121.06270636745523,797451,121.59894463735077,2017,35.0,60.0,0.5833333333333334,17.0,30.0,0.5666666666666667,0.08333333333333337,1.0,0.06666666666666665,1.0,0.5148958333333333,1,2014-01-01,1.0,0.0,2017,0.0
Pennsylvania,2017-10-01,3017805.0,2017,2263512.0,133.32401153605545,2259652,133.55175929744934,2017,80.0,203.0,0.39408866995073893,16.0,50.0,0.32,-0.10591133004926107,0.0,-0.18,1.0,0.48172916666666665,1,2015-01-01,1.0,0.0,2017,0.0
Rhode Island,2017-10-01,314924.0,2017,185655.25,169.62838379200159,188712,166.88074950188647,2017,64.0,75.0,0.8533333333333334,33.0,38.0,0.868421052631579,0.3533333333333334,1.0,0.368421052631579,1.0,0.5554583333333334,1,2014-01-01,1.0,0.0,2017,0.0
South Carolina,2017-10-01,1032730.0,2017,1129107.75,91.46425573644322,1124024,91.87793143206908,2017,44.0,124.0,0.3548387096774194,18.0,46.0,0.391304347826087,-0.14516129032258063,0.0,-0.10869565217391303,0.0,0.4104166666666667,0,,0.0,0.0,2017,0.0
South Dakota,2017-10-01,112665.0,2017,164749.0,68.38584756204894,166237,67.77372065184043,2017,10.0,70.0,0.14285714285714285,6.0,35.0,0.17142857142857143,-0.35714285714285715,0.0,-0.32857142857142857,0.0,0.32716666666666666,1,2023-07-01,0.0,0.0,2017,0.0
Tennessee,2017-10-01,1526890.0,2017,1509099.0,101.17891536605616,1514870,100.7934674262478,2017,25.0,99.0,0.25252525252525254,5.0,33.0,0.15151515151515152,-0.24747474747474746,0.0,-0.3484848484848485,0.0,0.35141666666666665,0,,0.0,0.0,2017,0.0
Texas,2017-10-01,4467384.0,2017,6287766.5,71.04882154895542,6299251,70.91928865828652,2017,56.0,150.0,0.37333333333333335,11.0,31.0,0.3548387096774194,-0.12666666666666665,0.0,-0.14516129032258063,0.0,0.4397916666666667,0,,0.0,0.0,2017,0.0
Utah,2017-10-01,303963.0,2017,461028.25,65.93153456431358,456764,66.54705712359117,2017,13.0,75.0,0.17333333333333334,5.0,29.0,0.1724137931034483,-0.32666666666666666,0.0,-0.3275862068965517,0.0,0.29714583333333333,1,2020-01-01,0.0,0.0,2017,0.0
Virginia,2017-10-01,1029487.0,2017,1302332.25,79.04948986712108,1298806,79.26410872755439,2017,34.0,100.0,0.34,19.0,40.0,0.475,-0.15999999999999998,0.0,-0.025000000000000022,1.0,0.506,1,2019-01-01,0.0,0.0,2017,0.0
West Virginia,2017-10-01,542237.0,2017,466208.5,116.30783222528119,462592,117.21711573049254,2017,36.0,100.0,0.36,12.0,34.0,0.35294117647058826,-0.14,0.0,-0.14705882352941174,1.0,0.2715625,1,2014-01-01,1.0,0.0,2017,0.0
Wisconsin,2017-10-01,1036969.0,2017,958005.5,108.24248921326651,951649,108.96549042766819,2017,35.0,99.0,0.35353535353535354,13.0,33.0,0.3939393939393939,-0.14646464646464646,0.0,-0.10606060606060608,0.0,0.47287500000000005,0,,0.0,0.0,2017,0.0
Wyoming,2017-10-01,62217.0,2017,93628.5,66.4509203928291,93266,66.70919734951643,2017,9.0,60.0,0.15,3.0,30.0,0.1,-0.35,0.0,-0.4,0.0,0.23177083333333334,0,,0.0,0.0,2017,0.0
Alabama,2017-11-01,893227.0,2017,1175534.0,75.98478648852351,1174119,76.07636023265103,2017,32.0,105.0,0.3047619047619048,8.0,35.0,0.22857142857142856,-0.1952380952380952,0.0,-0.27142857142857146,0.0,0.34800000000000003,0,,0.0,0.0,2017,0.0
Alaska,2017-11-01,201672.0,2017,115417.0,174.73335817080672,114607,175.96830909106774,2017,17.0,40.0,0.425,6.0,20.0,0.3,-0.07500000000000001,0.0,-0.2,0.0,0.391,1,2015-09-01,1.0,0.0,2017,0.0
Arizona,2017-11-01,1728003.0,2017,1499415.6666666667,115.2450943667611,1492698,115.76373787598027,2017,25.0,60.0,0.4166666666666667,13.0,30.0,0.43333333333333335,-0.08333333333333331,0.0,-0.06666666666666665,0.0,0.46225,1,2014-01-01,1.0,0.0,2017,0.0
Arkansas,2017-11-01,919965.0,2017,757715.1666666666,121.41303757282584,761746,120.77057181790256,2017,24.0,100.0,0.24,9.0,35.0,0.2571428571428571,-0.26,0.0,-0.24285714285714288,0.0,0.3395,1,2014-01-01,1.0,0.0,2017,0.0
California,2017-11-01,12194344.0,2017,7580128.666666667,160.87251992996073,7534254,161.85204268398704,2017,55.0,80.0,0.6875,27.0,40.0,0.675,0.1875,1.0,0.17500000000000004,1.0,0.6214999999999999,1,2014-01-01,1.0,0.0,2017,0.0
Colorado,2017-11-01,1372887.0,2017,827222.5,165.96344997869377,820836,167.25472566992676,2017,37.0,65.0,0.5692307692307692,17.0,35.0,0.4857142857142857,0.0692307692307692,1.0,-0.01428571428571429,1.0,0.49924999999999997,1,2014-01-01,1.0,0.0,2017,0.0
Delaware,2017-11-01,231385.0,2017,168906.0,136.99039702556453,165961,139.42130982580244,2017,25.0,41.0,0.6097560975609756,11.0,21.0,0.5238095238095238,0.1097560975609756,1.0,0.023809523809523836,1.0,0.5447500000000001,1,2014-01-01,1.0,0.0,2017,0.0
Florida,2017-11-01,3810911.0,2017,4400892.833333333,86.59404226195466,4384883,86.91020946282946,2017,41.0,120.0,0.3416666666666667,15.0,40.0,0.375,-0.15833333333333333,0.0,-0.125,0.0,0.4785,0,,0.0,0.0,2017,0.0
Georgia,2017-11-01,1806068.0,2017,2223789.1666666665,81.21579271416243,2209726,81.73266730807349,2017,62.0,180.0,0.34444444444444444,18.0,56.0,0.32142857142857145,-0.15555555555555556,0.0,-0.17857142857142855,0.0,0.46525,0,,0.0,0.0,2017,0.0
Hawaii,2017-11-01,347605.0,2017,185589.33333333334,187.29794097361915,185180,187.71195593476617,2017,45.0,51.0,0.8823529411764706,25.0,25.0,1.0,0.38235294117647056,1.0,0.5,1.0,0.6255,1,2014-01-01,1.0,0.0,2017,0.0
Idaho,2017-11-01,296910.0,2017,342161.8333333333,86.77472794306398,341618,86.91286758894438,2017,11.0,70.0,0.15714285714285714,6.0,35.0,0.17142857142857143,-0.34285714285714286,0.0,-0.32857142857142857,0.0,0.28950000000000004,1,2020-01-01,0.0,0.0,2017,0.0
Illinois,2017-11-01,3166443.0,2017,2268077.8333333335,139.60909777714124,2253479,140.5135348498921,2017,67.0,118.0,0.5677966101694916,37.0,59.0,0.6271186440677966,0.06779661016949157,1.0,0.1271186440677966,0.0,0.55975,1,2014-01-01,1.0,0.0,2017,0.0
Indiana,2017-11-01,1374366.0,2017,1295722.6666666667,106.06945725011113,1293314,106.26700089846703,2017,30.0,100.0,0.3,9.0,50.0,0.18,-0.2,0.0,-0.32,0.0,0.38675,1,2015-02-01,1.0,0.0,2017,1.0
Kansas,2017-11-01,387500.0,2017,526904.1666666666,73.54278529460608,526814,73.55537248440626,2017,40.0,125.0,0.32,9.0,40.0,0.225,-0.18,0.0,-0.275,0.0,0.37374999999999997,0,,0.0,0.0,2017,0.0
Maine,2017-11-01,232105.0,2017,232328.16666666666,99.90394334450767,231999,100.04568985211144,2017,77.0,151.0,0.5099337748344371,17.0,35.0,0.4857142857142857,0.009933774834437137,1.0,-0.01428571428571429,0.0,0.4905,1,2019-01-01,0.0,0.0,2017,0.0
Maryland,2017-11-01,1317089.0,2017,798620.0,164.92061305752424,793697,165.94355276635795,2017,90.0,141.0,0.6382978723404256,33.0,47.0,0.7021276595744681,0.13829787234042556,1.0,0.2021276595744681,0.0,0.6134999999999999,1,2014-01-01,1.0,0.0,2017,0.0
Massachusetts,2017-11-01,1668344.0,2017,977856.1666666666,170.6124128344029,972871,171.48666164373282,2017,125.0,160.0,0.78125,34.0,40.0,0.85,0.28125,1.0,0.35,0.0,0.614,1,2014-01-01,1.0,0.0,2017,0.0
Michigan,2017-11-01,2357576.0,2017,2004304.6666666667,117.62563043476091,1999842,117.88811316093972,2017,47.0,110.0,0.42727272727272725,11.0,38.0,0.2894736842105263,-0.07272727272727275,0.0,-0.21052631578947367,0.0,0.48075,1,2014-04-01,1.0,0.0,2017,0.0
Mississippi,2017-11-01,619890.0,2017,830581.8333333334,74.63322397893364,831252,74.57305365881827,2017,48.0,122.0,0.39344262295081966,20.0,52.0,0.38461538461538464,-0.10655737704918034,0.0,-0.11538461538461536,0.0,0.40775,0,,0.0,0.0,2017,0.0
Montana,2017-11-01,266302.0,2017,209128.5,127.33893276143615,210360,126.59345883247765,2017,41.0,100.0,0.41,18.0,50.0,0.36,-0.09000000000000002,0.0,-0.14,1.0,0.3685,1,2016-01-01,1.0,0.0,2017,0.0
New Jersey,2017-11-01,1774040.0,2017,1263387.1666666667,140.41934624685518,1255020,141.35551624675304,2017,52.0,80.0,0.65,24.0,40.0,0.6,0.15000000000000002,1.0,0.09999999999999998,0.0,0.55575,1,2014-01-01,1.0,0.0,2017,0.0
North Dakota,2017-11-01,93696.0,2017,121096.0,77.37332364405101,122160,76.69941060903733,2017,13.0,94.0,0.13829787234042554,9.0,47.0,0.19148936170212766,-0.36170212765957444,0.0,-0.30851063829787234,0.0,0.28225,1,2014-01-01,1.0,0.0,2017,0.0
Ohio,2017-11-01,2820606.0,2017,2297739.3333333335,122.75569987776392,2296371,122.82884603576687,2017,33.0,99.0,0.3333333333333333,9.0,33.0,0.2727272727272727,-0.16666666666666669,0.0,-0.2272727272727273,0.0,0.4405,1,2014-01-01,1.0,0.0,2017,0.0
Oklahoma,2017-11-01,745255.0,2017,891395.8333333334,83.60539416177811,885167,84.19371711778682,2017,26.0,101.0,0.25742574257425743,6.0,48.0,0.125,-0.24257425742574257,0.0,-0.375,0.0,0.2985,1,2021-07-01,0.0,0.0,2017,0.0
Oregon,2017-11-01,974672.0,2017,799805.8333333334,121.86357730574191,797451,122.22343441791408,2017,35.0,60.0,0.5833333333333334,17.0,30.0,0.5666666666666667,0.08333333333333337,1.0,0.06666666666666665,1.0,0.51625,1,2014-01-01,1.0,0.0,2017,0.0
Pennsylvania,2017-11-01,3033755.0,2017,2262225.3333333335,134.1048990698834,2259652,134.2576201999246,2017,80.0,203.0,0.39408866995073893,16.0,50.0,0.32,-0.10591133004926107,0.0,-0.18,1.0,0.48224999999999996,1,2015-01-01,1.0,0.0,2017,0.0
Rhode Island,2017-11-01,313203.0,2017,186674.16666666666,167.78058024454376,188712,165.9687778201704,2017,64.0,75.0,0.8533333333333334,33.0,38.0,0.868421052631579,0.3533333333333334,1.0,0.368421052631579,1.0,0.5565,1,2014-01-01,1.0,0.0,2017,0.0
South Carolina,2017-11-01,1034151.0,2017,1127413.1666666667,91.72777386107636,1124024,92.0043522202373,2017,44.0,124.0,0.3548387096774194,18.0,46.0,0.391304347826087,-0.14516129032258063,0.0,-0.10869565217391303,0.0,0.41100000000000003,0,,0.0,0.0,2017,0.0
South Dakota,2017-11-01,112562.0,2017,165245.0,68.11824866107901,166237,67.71176091965087,2017,10.0,70.0,0.14285714285714285,6.0,35.0,0.17142857142857143,-0.35714285714285715,0.0,-0.32857142857142857,0.0,0.328,1,2023-07-01,0.0,0.0,2017,0.0
Tennessee,2017-11-01,1543255.0,2017,1511022.6666666667,102.1331469106574,1514870,101.8737581442632,2017,25.0,99.0,0.25252525252525254,5.0,33.0,0.15151515151515152,-0.24747474747474746,0.0,-0.3484848484848485,0.0,0.352,0,,0.0,0.0,2017,0.0
Texas,2017-11-01,4479268.0,2017,6291594.666666667,71.19447830502324,6299251,71.10794600818416,2017,56.0,150.0,0.37333333333333335,11.0,31.0,0.3548387096774194,-0.12666666666666665,0.0,-0.14516129032258063,0.0,0.4405,0,,0.0,0.0,2017,0.0
Utah,2017-11-01,303346.0,2017,459606.8333333333,66.00119449921146,456764,66.4119764254626,2017,13.0,75.0,0.17333333333333334,5.0,29.0,0.1724137931034483,-0.32666666666666666,0.0,-0.3275862068965517,0.0,0.29925,1,2020-01-01,0.0,0.0,2017,0.0
Virginia,2017-11-01,1027932.0,2017,1301156.8333333333,79.00139119790967,1298806,79.14438337981193,2017,34.0,100.0,0.34,19.0,40.0,0.475,-0.15999999999999998,0.0,-0.025000000000000022,1.0,0.507,1,2019-01-01,0.0,0.0,2017,0.0
West Virginia,2017-11-01,541494.0,2017,465003.0,116.44957129308844,462592,117.056499031544,2017,36.0,100.0,0.36,12.0,34.0,0.35294117647058826,-0.14,0.0,-0.14705882352941174,1.0,0.27225,1,2014-01-01,1.0,0.0,2017,0.0
Wisconsin,2017-11-01,1035671.0,2017,955886.6666666666,108.3466310511009,951649,108.82909560142447,2017,35.0,99.0,0.35353535353535354,13.0,33.0,0.3939393939393939,-0.14646464646464646,0.0,-0.10606060606060608,0.0,0.47350000000000003,0,,0.0,0.0,2017,0.0
Wyoming,2017-11-01,61639.0,2017,93507.66666666667,65.91865907608289,93266,66.08946454227693,2017,9.0,60.0,0.15,3.0,30.0,0.1,-0.35,0.0,-0.4,0.0,0.23275,0,,0.0,0.0,2017,0.0
Alabama,2017-12-01,891650.0,2017,1174826.5,75.89631320028958,1174119,75.94204676016656,2017,32.0,105.0,0.3047619047619048,8.0,35.0,0.22857142857142856,-0.1952380952380952,0.0,-0.27142857142857146,0.0,0.34850000000000003,0,,0.0,0.0,2017,0.0
Alaska,2017-12-01,200369.0,2017,115012.0,174.21573401036414,114607,174.83138028218173,2017,17.0,40.0,0.425,6.0,20.0,0.3,-0.07500000000000001,0.0,-0.2,0.0,0.39208333333333334,1,2015-09-01,1.0,0.0,2017,0.0
Arizona,2017-12-01,1716236.0,2017,1496056.8333333333,114.7172996213045,1492698,114.97543374480304,2017,25.0,60.0,0.4166666666666667,13.0,30.0,0.43333333333333335,-0.08333333333333331,0.0,-0.06666666666666665,0.0,0.46318750000000003,1,2014-01-01,1.0,0.0,2017,0.0
Arkansas,2017-12-01,914913.0,2017,759730.5833333334,120.42597995539428,761746,120.10735862085262,2017,24.0,100.0,0.24,9.0,35.0,0.2571428571428571,-0.26,0.0,-0.24285714285714288,0.0,0.33979166666666666,1,2014-01-01,1.0,0.0,2017,0.0
California,2017-12-01,12220546.0,2017,7557191.333333333,161.70751091212284,7534254,162.19981434127385,2017,55.0,80.0,0.6875,27.0,40.0,0.675,0.1875,1.0,0.17500000000000004,1.0,0.621875,1,2014-01-01,1.0,0.0,2017,0.0
Colorado,2017-12-01,1376762.0,2017,824029.25,167.0768361681336,820836,167.726805354541,2017,37.0,65.0,0.5692307692307692,17.0,35.0,0.4857142857142857,0.0692307692307692,1.0,-0.01428571428571429,1.0,0.5007708333333334,1,2014-01-01,1.0,0.0,2017,0.0
Delaware,2017-12-01,232315.0,2017,167433.5,138.75060845051917,165961,139.98168244346562,2017,25.0,41.0,0.6097560975609756,11.0,21.0,0.5238095238095238,0.1097560975609756,1.0,0.023809523809523836,1.0,0.5458958333333334,1,2014-01-01,1.0,0.0,2017,0.0
Florida,2017-12-01,3814637.0,2017,4392887.916666667,86.83665671339402,4384883,86.99518322381692,2017,41.0,120.0,0.3416666666666667,15.0,40.0,0.375,-0.15833333333333333,0.0,-0.125,0.0,0.47854166666666664,0,,0.0,0.0,2017,0.0
Georgia,2017-12-01,1812561.0,2017,2216757.5833333335,81.76631552442717,2209726,82.02650464356215,2017,62.0,180.0,0.34444444444444444,18.0,56.0,0.32142857142857145,-0.15555555555555556,0.0,-0.17857142857142855,0.0,0.46610416666666665,0,,0.0,0.0,2017,0.0
Hawaii,2017-12-01,346747.0,2017,185384.66666666666,187.0418984669714,185180,187.24862296144292,2017,45.0,51.0,0.8823529411764706,25.0,25.0,1.0,0.38235294117647056,1.0,0.5,1.0,0.625875,1,2014-01-01,1.0,0.0,2017,0.0
Idaho,2017-12-01,297688.0,2017,341889.9166666667,87.0713014593635,341618,87.14060734504622,2017,11.0,70.0,0.15714285714285714,6.0,35.0,0.17142857142857143,-0.34285714285714286,0.0,-0.32857142857142857,0.0,0.290625,1,2020-01-01,0.0,0.0,2017,0.0
Illinois,2017-12-01,3189788.0,2017,2260778.4166666665,141.09246516529834,2253479,141.54948859075233,2017,67.0,118.0,0.5677966101694916,37.0,59.0,0.6271186440677966,0.06779661016949157,1.0,0.1271186440677966,0.0,0.5602291666666667,1,2014-01-01,1.0,0.0,2017,0.0
Indiana,2017-12-01,1366818.0,2017,1294518.3333333333,105.5850631702139,1293314,105.68338392687313,2017,30.0,100.0,0.3,9.0,50.0,0.18,-0.2,0.0,-0.32,0.0,0.38739583333333333,1,2015-02-01,1.0,0.0,2017,1.0
Kansas,2017-12-01,389441.0,2017,526859.0833333334,73.91748805697411,526814,73.9238137179346,2017,40.0,125.0,0.32,9.0,40.0,0.225,-0.18,0.0,-0.275,0.0,0.3748958333333333,0,,0.0,0.0,2017,0.0
Maine,2017-12-01,231725.0,2017,232163.58333333334,99.81108866126362,231999,99.88189604265536,2017,77.0,151.0,0.5099337748344371,17.0,35.0,0.4857142857142857,0.009933774834437137,1.0,-0.01428571428571429,0.0,0.491625,1,2019-01-01,0.0,0.0,2017,0.0
Maryland,2017-12-01,1323306.0,2017,796158.5,166.2113762523417,793697,166.72684916284175,2017,90.0,141.0,0.6382978723404256,33.0,47.0,0.7021276595744681,0.13829787234042556,1.0,0.2021276595744681,0.0,0.614625,1,2014-01-01,1.0,0.0,2017,0.0
Massachusetts,2017-12-01,1691917.0,2017,975363.5833333334,173.46526248374218,972871,173.9096961467656,2017,125.0,160.0,0.78125,34.0,40.0,0.85,0.28125,1.0,0.35,0.0,0.6151666666666666,1,2014-01-01,1.0,0.0,2017,0.0
Michigan,2017-12-01,2366223.0,2017,2002073.3333333333,118.18862778919188,1999842,118.32049731928822,2017,47.0,110.0,0.42727272727272725,11.0,38.0,0.2894736842105263,-0.07272727272727275,0.0,-0.21052631578947367,0.0,0.4814791666666666,1,2014-04-01,1.0,0.0,2017,0.0
Mississippi,2017-12-01,615791.0,2017,830916.9166666666,74.10981623413412,831252,74.0799420632973,2017,48.0,122.0,0.39344262295081966,20.0,52.0,0.38461538461538464,-0.10655737704918034,0.0,-0.11538461538461536,0.0,0.40789583333333335,0,,0.0,0.0,2017,0.0
Montana,2017-12-01,274234.0,2017,209744.25,130.7468500328376,210360,130.3641376687583,2017,41.0,100.0,0.41,18.0,50.0,0.36,-0.09000000000000002,0.0,-0.14,1.0,0.369375,1,2016-01-01,1.0,0.0,2017,0.0
New Jersey,2017-12-01,1779163.0,2017,1259203.5833333333,141.29272053771024,1255020,141.76371691287787,2017,52.0,80.0,0.65,24.0,40.0,0.6,0.15000000000000002,1.0,0.09999999999999998,0.0,0.5562291666666667,1,2014-01-01,1.0,0.0,2017,0.0
North Dakota,2017-12-01,93983.0,2017,121628.0,77.27085868385569,122160,76.93434839554682,2017,13.0,94.0,0.13829787234042554,9.0,47.0,0.19148936170212766,-0.36170212765957444,0.0,-0.30851063829787234,0.0,0.28318750000000004,1,2014-01-01,1.0,0.0,2017,0.0
Ohio,2017-12-01,2810412.0,2017,2297055.1666666665,122.34847646599114,2296371,122.38492821935132,2017,33.0,99.0,0.3333333333333333,9.0,33.0,0.2727272727272727,-0.16666666666666669,0.0,-0.2272727272727273,0.0,0.440875,1,2014-01-01,1.0,0.0,2017,0.0
Oklahoma,2017-12-01,734277.0,2017,888281.4166666666,82.66265467484638,885167,82.95349917021308,2017,26.0,101.0,0.25742574257425743,6.0,48.0,0.125,-0.24257425742574257,0.0,-0.375,0.0,0.2992916666666667,1,2021-07-01,0.0,0.0,2017,0.0
Oregon,2017-12-01,976182.0,2017,798628.4166666666,122.23231475714458,797451,122.41278774495234,2017,35.0,60.0,0.5833333333333334,17.0,30.0,0.5666666666666667,0.08333333333333337,1.0,0.06666666666666665,1.0,0.5176041666666666,1,2014-01-01,1.0,0.0,2017,0.0
Pennsylvania,2017-12-01,3045093.0,2017,2260938.6666666665,134.68268931370096,2259652,134.75937887780952,2017,80.0,203.0,0.39408866995073893,16.0,50.0,0.32,-0.10591133004926107,0.0,-0.18,1.0,0.4827708333333333,1,2015-01-01,1.0,0.0,2017,0.0
Rhode Island,2017-12-01,312705.0,2017,187693.08333333334,166.60443445571826,188712,165.70488363220147,2017,64.0,75.0,0.8533333333333334,33.0,38.0,0.868421052631579,0.3533333333333334,1.0,0.368421052631579,1.0,0.5575416666666667,1,2014-01-01,1.0,0.0,2017,0.0
South Carolina,2017-12-01,1036707.0,2017,1125718.5833333333,92.09290983988524,1124024,92.23174950001068,2017,44.0,124.0,0.3548387096774194,18.0,46.0,0.391304347826087,-0.14516129032258063,0.0,-0.10869565217391303,0.0,0.41158333333333336,0,,0.0,0.0,2017,0.0
South Dakota,2017-12-01,112386.0,2017,165741.0,67.80820678045868,166237,67.6058879792104,2017,10.0,70.0,0.14285714285714285,6.0,35.0,0.17142857142857143,-0.35714285714285715,0.0,-0.32857142857142857,0.0,0.3288333333333333,1,2023-07-01,0.0,0.0,2017,0.0
Tennessee,2017-12-01,1548572.0,2017,1512946.3333333333,102.3547211081953,1514870,102.22474535768747,2017,25.0,99.0,0.25252525252525254,5.0,33.0,0.15151515151515152,-0.24747474747474746,0.0,-0.3484848484848485,0.0,0.3525833333333333,0,,0.0,0.0,2017,0.0
Texas,2017-12-01,4474461.0,2017,6295422.833333333,71.07482878367423,6299251,71.03163534839301,2017,56.0,150.0,0.37333333333333335,11.0,31.0,0.3548387096774194,-0.12666666666666665,0.0,-0.14516129032258063,0.0,0.4412083333333333,0,,0.0,0.0,2017,0.0
Utah,2017-12-01,302585.0,2017,458185.4166666667,66.03985831791168,456764,66.24536960005605,2017,13.0,75.0,0.17333333333333334,5.0,29.0,0.1724137931034483,-0.32666666666666666,0.0,-0.3275862068965517,0.0,0.3013541666666667,1,2020-01-01,0.0,0.0,2017,0.0
Virginia,2017-12-01,1028297.0,2017,1299981.4166666667,79.10089996799313,1298806,79.17248611416947,2017,34.0,100.0,0.34,19.0,40.0,0.475,-0.15999999999999998,0.0,-0.025000000000000022,1.0,0.508,1,2019-01-01,0.0,0.0,2017,0.0
West Virginia,2017-12-01,539431.0,2017,463797.5,116.30744020828054,462592,116.61053368843386,2017,36.0,100.0,0.36,12.0,34.0,0.35294117647058826,-0.14,0.0,-0.14705882352941174,1.0,0.2729375,1,2014-01-01,1.0,0.0,2017,0.0
Wisconsin,2017-12-01,1034480.0,2017,953767.8333333334,108.46245426254153,951649,108.70394441648128,2017,35.0,99.0,0.35353535353535354,13.0,33.0,0.3939393939393939,-0.14646464646464646,0.0,-0.10606060606060608,0.0,0.474125,0,,0.0,0.0,2017,0.0
Wyoming,2017-12-01,61072.0,2017,93386.83333333333,65.3967993346671,93266,65.48152595801257,2017,9.0,60.0,0.15,3.0,30.0,0.1,-0.35,0.0,-0.4,0.0,0.23372916666666668,0,,0.0,0.0,2017,0.0
Alabama,2018-01-01,893494.0,2018,1174119.0,76.09910068740902,1174119,76.09910068740902,2017,32.0,105.0,0.3047619047619048,8.0,35.0,0.22857142857142856,-0.1952380952380952,0.0,-0.27142857142857146,0.0,0.34900000000000003,0,,0.0,0.0,2018,0.0
Alaska,2018-01-01,203654.0,2018,114607.0,177.6976973483295,114607,177.6976973483295,2017,17.0,40.0,0.425,6.0,20.0,0.3,-0.07500000000000001,0.0,-0.2,0.0,0.39316666666666666,1,2015-09-01,1.0,0.0,2018,0.0
Arizona,2018-01-01,1685219.0,2018,1492698.0,112.89751845316334,1492698,112.89751845316334,2017,25.0,60.0,0.4166666666666667,13.0,30.0,0.43333333333333335,-0.08333333333333331,0.0,-0.06666666666666665,0.0,0.464125,1,2014-01-01,1.0,0.0,2018,1.0
Arkansas,2018-01-01,896053.0,2018,761746.0,117.63146770708346,761746,117.63146770708346,2017,24.0,100.0,0.24,9.0,35.0,0.2571428571428571,-0.26,0.0,-0.24285714285714288,0.0,0.34008333333333335,1,2014-01-01,1.0,0.0,2018,1.0
California,2018-01-01,12103881.0,2018,7534254.0,160.6513531399393,7534254,160.6513531399393,2017,55.0,80.0,0.6875,27.0,40.0,0.675,0.1875,1.0,0.17500000000000004,1.0,0.62225,1,2014-01-01,1.0,0.0,2018,0.0
Colorado,2018-01-01,1362702.0,2018,820836.0,166.01391751823752,820836,166.01391751823752,2017,37.0,65.0,0.5692307692307692,17.0,35.0,0.4857142857142857,0.0692307692307692,1.0,-0.01428571428571429,1.0,0.5022916666666667,1,2014-01-01,1.0,0.0,2018,0.0
Delaware,2018-01-01,232016.0,2018,165961.0,139.8015196341309,165961,139.8015196341309,2017,25.0,41.0,0.6097560975609756,11.0,21.0,0.5238095238095238,0.1097560975609756,1.0,0.023809523809523836,1.0,0.5470416666666666,1,2014-01-01,1.0,0.0,2018,0.0
Florida,2018-01-01,3800552.0,2018,4384883.0,86.67396598723387,4384883,86.67396598723387,2017,41.0,120.0,0.3416666666666667,15.0,40.0,0.375,-0.15833333333333333,0.0,-0.125,0.0,0.4785833333333333,0,,0.0,0.0,2018,0.0
Georgia,2018-01-01,1818601.0,2018,2209726.0,82.29984169983065,2209726,82.29984169983065,2017,62.0,180.0,0.34444444444444444,18.0,56.0,0.32142857142857145,-0.15555555555555556,0.0,-0.17857142857142855,0.0,0.46695833333333336,0,,0.0,0.0,2018,0.0
Hawaii,2018-01-01,349361.0,2018,185180.0,188.66022248622963,185180,188.66022248622963,2017,45.0,51.0,0.8823529411764706,25.0,25.0,1.0,0.38235294117647056,1.0,0.5,1.0,0.62625,1,2014-01-01,1.0,0.0,2018,0.0
Idaho,2018-01-01,286089.0,2018,341618.0,83.7452944516975,341618,83.7452944516975,2017,11.0,70.0,0.15714285714285714,6.0,35.0,0.17142857142857143,-0.34285714285714286,0.0,-0.32857142857142857,0.0,0.29175,1,2020-01-01,0.0,0.0,2018,0.0
Illinois,2018-01-01,3076689.0,2018,2253479.0,136.53062664440182,2253479,136.53062664440182,2017,67.0,118.0,0.5677966101694916,37.0,59.0,0.6271186440677966,0.06779661016949157,1.0,0.1271186440677966,0.0,0.5607083333333334,1,2014-01-01,1.0,0.0,2018,0.0
Indiana,2018-01-01,1364478.0,2018,1293314.0,105.5024533871898,1293314,105.5024533871898,2017,30.0,100.0,0.3,9.0,50.0,0.18,-0.2,0.0,-0.32,0.0,0.3880416666666667,1,2015-02-01,1.0,0.0,2018,1.0
Kansas,2018-01-01,395922.0,2018,526814.0,75.15403918650605,526814,75.15403918650605,2017,40.0,125.0,0.32,9.0,40.0,0.225,-0.18,0.0,-0.275,0.0,0.37604166666666666,0,,0.0,0.0,2018,0.0
Maine,2018-01-01,231925.0,2018,231999.0,99.96810331079014,231999,99.96810331079014,2017,77.0,151.0,0.5099337748344371,17.0,35.0,0.4857142857142857,0.009933774834437137,1.0,-0.01428571428571429,0.0,0.49275,1,2019-01-01,0.0,0.0,2018,0.0
Maryland,2018-01-01,1325225.0,2018,793697.0,166.96862908641458,793697,166.96862908641458,2017,90.0,141.0,0.6382978723404256,33.0,47.0,0.7021276595744681,0.13829787234042556,1.0,0.2021276595744681,0.0,0.61575,1,2014-01-01,1.0,0.0,2018,0.0
Massachusetts,2018-01-01,1673993.0,2018,972871.0,172.06731416600968,972871,172.06731416600968,2017,125.0,160.0,0.78125,34.0,40.0,0.85,0.28125,1.0,0.35,0.0,0.6163333333333333,1,2014-01-01,1.0,0.0,2018,0.0
Michigan,2018-01-01,2376844.0,2018,1999842.0,118.85158927555277,1999842,118.85158927555277,2017,47.0,110.0,0.42727272727272725,11.0,38.0,0.2894736842105263,-0.07272727272727275,0.0,-0.21052631578947367,0.0,0.4822083333333333,1,2014-04-01,1.0,0.0,2018,1.0
Mississippi,2018-01-01,614112.0,2018,831252.0,73.87795758686896,831252,73.87795758686896,2017,48.0,122.0,0.39344262295081966,20.0,52.0,0.38461538461538464,-0.10655737704918034,0.0,-0.11538461538461536,0.0,0.4080416666666667,0,,0.0,0.0,2018,0.0
Montana,2018-01-01,276623.0,2018,210360.0,131.49980984978134,210360,131.49980984978134,2017,41.0,100.0,0.41,18.0,50.0,0.36,-0.09000000000000002,0.0,-0.14,1.0,0.37024999999999997,1,2016-01-01,1.0,0.0,2018,0.0
New Jersey,2018-01-01,1777619.0,2018,1255020.0,141.64069098500423,1255020,141.64069098500423,2017,52.0,80.0,0.65,24.0,40.0,0.6,0.15000000000000002,1.0,0.09999999999999998,0.0,0.5567083333333334,1,2014-01-01,1.0,0.0,2018,0.0
North Dakota,2018-01-01,94311.0,2018,122160.0,77.20284872298625,122160,77.20284872298625,2017,13.0,94.0,0.13829787234042554,9.0,47.0,0.19148936170212766,-0.36170212765957444,0.0,-0.30851063829787234,0.0,0.284125,1,2014-01-01,1.0,0.0,2018,0.0
Ohio,2018-01-01,2798257.0,2018,2296371.0,121.85561479395098,2296371,121.85561479395098,2017,33.0,99.0,0.3333333333333333,9.0,33.0,0.2727272727272727,-0.16666666666666669,0.0,-0.2272727272727273,0.0,0.44125000000000003,1,2014-01-01,1.0,0.0,2018,0.0
Oklahoma,2018-01-01,739818.0,2018,885167.0,83.57948274167474,885167,83.57948274167474,2017,26.0,101.0,0.25742574257425743,6.0,48.0,0.125,-0.24257425742574257,0.0,-0.375,0.0,0.3000833333333333,1,2021-07-01,0.0,0.0,2018,0.0
Oregon,2018-01-01,973460.0,2018,797451.0,122.07145015806613,797451,122.07145015806613,2017,35.0,60.0,0.5833333333333334,17.0,30.0,0.5666666666666667,0.08333333333333337,1.0,0.06666666666666665,1.0,0.5189583333333333,1,2014-01-01,1.0,0.0,2018,0.0
Pennsylvania,2018-01-01,3051993.0,2018,2259652.0,135.06473563185835,2259652,135.06473563185835,2017,80.0,203.0,0.39408866995073893,16.0,50.0,0.32,-0.10591133004926107,0.0,-0.18,1.0,0.4832916666666667,1,2015-01-01,1.0,0.0,2018,0.0
Rhode Island,2018-01-01,313552.0,2018,188712.0,166.1537157149519,188712,166.1537157149519,2017,64.0,75.0,0.8533333333333334,33.0,38.0,0.868421052631579,0.3533333333333334,1.0,0.368421052631579,1.0,0.5585833333333333,1,2014-01-01,1.0,0.0,2018,0.0
South Carolina,2018-01-01,1038602.0,2018,1124024.0,92.40034020625895,1124024,92.40034020625895,2017,44.0,124.0,0.3548387096774194,18.0,46.0,0.391304347826087,-0.14516129032258063,0.0,-0.10869565217391303,0.0,0.4121666666666667,0,,0.0,0.0,2018,1.0
South Dakota,2018-01-01,112624.0,2018,166237.0,67.74905706912419,166237,67.74905706912419,2017,10.0,70.0,0.14285714285714285,6.0,35.0,0.17142857142857143,-0.35714285714285715,0.0,-0.32857142857142857,0.0,0.32966666666666666,1,2023-07-01,0.0,0.0,2018,0.0
Tennessee,2018-01-01,1560038.0,2018,1514870.0,102.98164198908157,1514870,102.98164198908157,2017,25.0,99.0,0.25252525252525254,5.0,33.0,0.15151515151515152,-0.24747474747474746,0.0,-0.3484848484848485,0.0,0.35316666666666663,0,,0.0,0.0,2018,0.0
Texas,2018-01-01,4452925.0,2018,6299251.0,70.68975343259063,6299251,70.68975343259063,2017,56.0,150.0,0.37333333333333335,11.0,31.0,0.3548387096774194,-0.12666666666666665,0.0,-0.14516129032258063,0.0,0.4419166666666667,0,,0.0,0.0,2018,0.0
Utah,2018-01-01,302564.0,2018,456764.0,66.24077203982802,456764,66.24077203982802,2017,13.0,75.0,0.17333333333333334,5.0,29.0,0.1724137931034483,-0.32666666666666666,0.0,-0.3275862068965517,0.0,0.30345833333333333,1,2020-01-01,0.0,0.0,2018,0.0
Virginia,2018-01-01,1030996.0,2018,1298806.0,79.38029236082987,1298806,79.38029236082987,2017,34.0,100.0,0.34,19.0,40.0,0.475,-0.15999999999999998,0.0,-0.025000000000000022,1.0,0.509,1,2019-01-01,0.0,0.0,2018,0.0
West Virginia,2018-01-01,539029.0,2018,462592.0,116.52363205589376,462592,116.52363205589376,2017,36.0,100.0,0.36,12.0,34.0,0.35294117647058826,-0.14,0.0,-0.14705882352941174,1.0,0.273625,1,2014-01-01,1.0,0.0,2018,0.0
Wisconsin,2018-01-01,1037795.0,2018,951649.0,109.05228713527781,951649,109.05228713527781,2017,35.0,99.0,0.35353535353535354,13.0,33.0,0.3939393939393939,-0.14646464646464646,0.0,-0.10606060606060608,0.0,0.47475,0,,0.0,0.0,2018,0.0
Wyoming,2018-01-01,60806.0,2018,93266.0,65.19632020243176,93266,65.19632020243176,2017,9.0,60.0,0.15,3.0,30.0,0.1,-0.35,0.0,-0.4,0.0,0.23470833333333335,0,,0.0,0.0,2018,0.0
Alabama,2018-02-01,896429.0,2018,1168544.6666666667,76.71328495787067,1174119,76.34907534926188,2017,32.0,105.0,0.3047619047619048,8.0,35.0,0.22857142857142856,-0.1952380952380952,0.0,-0.27142857142857146,0.0,0.34950000000000003,0,,0.0,0.0,2018,0.0
Alaska,2018-02-01,204311.0,2018,114470.25,178.4839292305206,114607,178.27096076155905,2017,17.0,40.0,0.425,6.0,20.0,0.3,-0.07500000000000001,0.0,-0.2,0.0,0.39425,1,2015-09-01,1.0,0.0,2018,0.0
Arizona,2018-02-01,1673728.0,2018,1486437.9166666667,112.59992639001908,1492698,112.12770433135168,2017,25.0,60.0,0.4166666666666667,13.0,30.0,0.43333333333333335,-0.08333333333333331,0.0,-0.06666666666666665,0.0,0.4650625,1,2014-01-01,1.0,0.0,2018,1.0
Arkansas,2018-02-01,895639.0,2018,759099.1666666666,117.98708776521293,761746,117.57711888214706,2017,24.0,100.0,0.24,9.0,35.0,0.2571428571428571,-0.26,0.0,-0.24285714285714288,0.0,0.340375,1,2014-01-01,1.0,0.0,2018,1.0
California,2018-02-01,12215946.0,2018,7481600.666666667,163.2798453735524,7534254,162.13875985598574,2017,55.0,80.0,0.6875,27.0,40.0,0.675,0.1875,1.0,0.17500000000000004,1.0,0.622625,1,2014-01-01,1.0,0.0,2018,0.0
Colorado,2018-02-01,1359670.0,2018,818593.5,166.09831375401833,820836,165.64453800759227,2017,37.0,65.0,0.5692307692307692,17.0,35.0,0.4857142857142857,0.0692307692307692,1.0,-0.01428571428571429,1.0,0.5038125,1,2014-01-01,1.0,0.0,2018,0.0
Delaware,2018-02-01,231967.0,2018,164806.58333333334,140.75105211715348,165961,139.77199462524328,2017,25.0,41.0,0.6097560975609756,11.0,21.0,0.5238095238095238,0.1097560975609756,1.0,0.023809523809523836,1.0,0.5481875,1,2014-01-01,1.0,0.0,2018,0.0
Florida,2018-02-01,3801846.0,2018,4363735.583333333,87.12365649560917,4384883,86.7034764667609,2017,41.0,120.0,0.3416666666666667,15.0,40.0,0.375,-0.15833333333333333,0.0,-0.125,0.0,0.47862499999999997,0,,0.0,0.0,2018,0.0
Georgia,2018-02-01,1840410.0,2018,2198480.25,83.71282844137444,2209726,83.28679664356576,2017,62.0,180.0,0.34444444444444444,18.0,56.0,0.32142857142857145,-0.15555555555555556,0.0,-0.17857142857142855,0.0,0.4678125,0,,0.0,0.0,2018,0.0
Hawaii,2018-02-01,350462.0,2018,184798.16666666666,189.64582080089178,185180,189.25477913381573,2017,45.0,51.0,0.8823529411764706,25.0,25.0,1.0,0.38235294117647056,1.0,0.5,1.0,0.626625,1,2014-01-01,1.0,0.0,2018,0.0
Idaho,2018-02-01,284104.0,2018,339889.0,83.5872887913407,341618,83.16423607655335,2017,11.0,70.0,0.15714285714285714,6.0,35.0,0.17142857142857143,-0.34285714285714286,0.0,-0.32857142857142857,0.0,0.292875,1,2020-01-01,0.0,0.0,2018,0.0
Illinois,2018-02-01,3153458.0,2018,2240941.75,140.72021283016392,2253479,139.93731470317675,2017,67.0,118.0,0.5677966101694916,37.0,59.0,0.6271186440677966,0.06779661016949157,1.0,0.1271186440677966,0.0,0.5611875000000001,1,2014-01-01,1.0,0.0,2018,0.0
Indiana,2018-02-01,1355485.0,2018,1286507.75,105.36158837752822,1293314,104.80710794130428,2017,30.0,100.0,0.3,9.0,50.0,0.18,-0.2,0.0,-0.32,0.0,0.3886875,1,2015-02-01,1.0,0.0,2018,1.0
Kansas,2018-02-01,396699.0,2018,524177.0833333333,75.68034021581448,526814,75.30152957210704,2017,40.0,125.0,0.32,9.0,40.0,0.225,-0.18,0.0,-0.275,0.0,0.3771875,0,,0.0,0.0,2018,0.0
Maine,2018-02-01,231551.0,2018,230844.83333333334,100.30590533756802,231999,99.80689571937809,2017,77.0,151.0,0.5099337748344371,17.0,35.0,0.4857142857142857,0.009933774834437137,1.0,-0.01428571428571429,0.0,0.493875,1,2019-01-01,0.0,0.0,2018,0.0
Maryland,2018-02-01,1330636.0,2018,792656.0833333334,167.87053401575062,793697,167.6503753951445,2017,90.0,141.0,0.6382978723404256,33.0,47.0,0.7021276595744681,0.13829787234042556,1.0,0.2021276595744681,0.0,0.616875,1,2014-01-01,1.0,0.0,2018,0.0
Massachusetts,2018-02-01,1658413.0,2018,967550.3333333334,171.4032792781495,972871,170.4658685478342,2017,125.0,160.0,0.78125,34.0,40.0,0.85,0.28125,1.0,0.35,0.0,0.6174999999999999,1,2014-01-01,1.0,0.0,2018,0.0
Michigan,2018-02-01,2381797.0,2018,1988656.3333333333,119.76916071806609,1999842,119.09925884144847,2017,47.0,110.0,0.42727272727272725,11.0,38.0,0.2894736842105263,-0.07272727272727275,0.0,-0.21052631578947367,0.0,0.48293749999999996,1,2014-04-01,1.0,0.0,2018,1.0
Mississippi,2018-02-01,609725.0,2018,830393.75,73.42601025116096,831252,73.35019945816671,2017,48.0,122.0,0.39344262295081966,20.0,52.0,0.38461538461538464,-0.10655737704918034,0.0,-0.11538461538461536,0.0,0.40818750000000004,0,,0.0,0.0,2018,0.0
Montana,2018-02-01,278379.0,2018,209462.66666666666,132.90148761593156,210360,132.33456930975473,2017,41.0,100.0,0.41,18.0,50.0,0.36,-0.09000000000000002,0.0,-0.14,1.0,0.371125,1,2016-01-01,1.0,0.0,2018,0.0
New Jersey,2018-02-01,1783242.0,2018,1250507.0,142.60152082315415,1255020,142.08873165367885,2017,52.0,80.0,0.65,24.0,40.0,0.6,0.15000000000000002,1.0,0.09999999999999998,0.0,0.5571875000000001,1,2014-01-01,1.0,0.0,2018,0.0
North Dakota,2018-02-01,95950.0,2018,121896.33333333333,78.7144267396613,122160,78.5445317616241,2017,13.0,94.0,0.13829787234042554,9.0,47.0,0.19148936170212766,-0.36170212765957444,0.0,-0.30851063829787234,0.0,0.2850625,1,2014-01-01,1.0,0.0,2018,0.0
Ohio,2018-02-01,2796018.0,2018,2287644.0833333335,122.2225966167741,2296371,121.7581131271907,2017,33.0,99.0,0.3333333333333333,9.0,33.0,0.2727272727272727,-0.16666666666666669,0.0,-0.2272727272727273,0.0,0.441625,1,2014-01-01,1.0,0.0,2018,0.0
Oklahoma,2018-02-01,733264.0,2018,883635.75,82.98260906714107,885167,82.8390574885869,2017,26.0,101.0,0.25742574257425743,6.0,48.0,0.125,-0.24257425742574257,0.0,-0.375,0.0,0.300875,1,2021-07-01,0.0,0.0,2018,0.0
Oregon,2018-02-01,970752.0,2018,790176.5,122.85255256262366,797451,121.73186816494055,2017,35.0,60.0,0.5833333333333334,17.0,30.0,0.5666666666666667,0.08333333333333337,1.0,0.06666666666666665,1.0,0.5203125,1,2014-01-01,1.0,0.0,2018,0.0
Pennsylvania,2018-02-01,3052124.0,2018,2252256.5,135.51405002050166,2259652,135.07053298472508,2017,80.0,203.0,0.39408866995073893,16.0,50.0,0.32,-0.10591133004926107,0.0,-0.18,1.0,0.4838125,1,2015-01-01,1.0,0.0,2018,0.0
Rhode Island,2018-02-01,311695.0,2018,186324.83333333334,167.28580641871855,188712,165.16967654415194,2017,64.0,75.0,0.8533333333333334,33.0,38.0,0.868421052631579,0.3533333333333334,1.0,0.368421052631579,1.0,0.559625,1,2014-01-01,1.0,0.0,2018,0.0
South Carolina,2018-02-01,1039978.0,2018,1118247.75,93.000678964031,1124024,92.52275752119172,2017,44.0,124.0,0.3548387096774194,18.0,46.0,0.391304347826087,-0.14516129032258063,0.0,-0.10869565217391303,0.0,0.41275,0,,0.0,0.0,2018,1.0
South Dakota,2018-02-01,112937.0,2018,165233.08333333334,68.35011350128126,166237,67.9373424688848,2017,10.0,70.0,0.14285714285714285,6.0,35.0,0.17142857142857143,-0.35714285714285715,0.0,-0.32857142857142857,0.0,0.3305,1,2023-07-01,0.0,0.0,2018,0.0
Tennessee,2018-02-01,1534978.0,2018,1504109.3333333333,102.0522887520588,1514870,101.32737462620555,2017,25.0,99.0,0.25252525252525254,5.0,33.0,0.15151515151515152,-0.24747474747474746,0.0,-0.3484848484848485,0.0,0.35375,0,,0.0,0.0,2018,0.0
Texas,2018-02-01,4436055.0,2018,6267545.083333333,70.77819051986344,6299251,70.42194381522502,2017,56.0,150.0,0.37333333333333335,11.0,31.0,0.3548387096774194,-0.12666666666666665,0.0,-0.14516129032258063,0.0,0.442625,0,,0.0,0.0,2018,0.0
Utah,2018-02-01,301585.0,2018,455735.4166666667,66.17545816514516,456764,66.02643816062562,2017,13.0,75.0,0.17333333333333334,5.0,29.0,0.1724137931034483,-0.32666666666666666,0.0,-0.3275862068965517,0.0,0.3055625,1,2020-01-01,0.0,0.0,2018,0.0
Virginia,2018-02-01,1035326.0,2018,1293587.1666666667,80.03527142804317,1298806,79.71367548348253,2017,34.0,100.0,0.34,19.0,40.0,0.475,-0.15999999999999998,0.0,-0.025000000000000022,1.0,0.51,1,2019-01-01,0.0,0.0,2018,0.0
West Virginia,2018-02-01,538248.0,2018,458861.1666666667,117.30083936063448,462592,116.35480077476481,2017,36.0,100.0,0.36,12.0,34.0,0.35294117647058826,-0.14,0.0,-0.14705882352941174,1.0,0.2743125,1,2014-01-01,1.0,0.0,2018,0.0
Wisconsin,2018-02-01,1040641.0,2018,946886.5,109.90134509257446,951649,109.35134697771973,2017,35.0,99.0,0.35353535353535354,13.0,33.0,0.3939393939393939,-0.14646464646464646,0.0,-0.10606060606060608,0.0,0.475375,0,,0.0,0.0,2018,0.0
Wyoming,2018-02-01,60905.0,2018,92670.33333333333,65.72221962440335,93266,65.30246820920807,2017,9.0,60.0,0.15,3.0,30.0,0.1,-0.35,0.0,-0.4,0.0,0.2356875,0,,0.0,0.0,2018,0.0
Alabama,2018-03-01,901074.0,2018,1162970.3333333333,77.48039431215071,1174119,76.74469112585692,2017,32.0,105.0,0.3047619047619048,8.0,35.0,0.22857142857142856,-0.1952380952380952,0.0,-0.27142857142857146,0.0,0.35000000000000003,0,,0.0,0.0,2018,0.0
Alaska,2018-03-01,205761.0,2018,114333.5,179.96562687226404,114607,179.53615398710377,2017,17.0,40.0,0.425,6.0,20.0,0.3,-0.07500000000000001,0.0,-0.2,0.0,0.3953333333333333,1,2015-09-01,1.0,0.0,2018,0.0
Arizona,2018-03-01,1678077.0,2018,1480177.8333333333,113.36995881238146,1492698,112.41905596443486,2017,25.0,60.0,0.4166666666666667,13.0,30.0,0.43333333333333335,-0.08333333333333331,0.0,-0.06666666666666665,0.0,0.466,1,2014-01-01,1.0,0.0,2018,1.0
Arkansas,2018-03-01,894890.0,2018,756452.3333333334,118.3009107866237,761746,117.47879214331287,2017,24.0,100.0,0.24,9.0,35.0,0.2571428571428571,-0.26,0.0,-0.24285714285714288,0.0,0.3406666666666667,1,2014-01-01,1.0,0.0,2018,1.0
California,2018-03-01,12193802.0,2018,7428947.333333333,164.13902875966008,7534254,161.84484887289437,2017,55.0,80.0,0.6875,27.0,40.0,0.675,0.1875,1.0,0.17500000000000004,1.0,0.623,1,2014-01-01,1.0,0.0,2018,0.0
Colorado,2018-03-01,1355620.0,2018,816351.0,166.05847239728988,820836,165.15113859528577,2017,37.0,65.0,0.5692307692307692,17.0,35.0,0.4857142857142857,0.0692307692307692,1.0,-0.01428571428571429,1.0,0.5053333333333333,1,2014-01-01,1.0,0.0,2018,0.0
Delaware,2018-03-01,231282.0,2018,163652.16666666666,141.32535163502266,165961,139.35924705201825,2017,25.0,41.0,0.6097560975609756,11.0,21.0,0.5238095238095238,0.1097560975609756,1.0,0.023809523809523836,1.0,0.5493333333333333,1,2014-01-01,1.0,0.0,2018,0.0
Florida,2018-03-01,3778635.0,2018,4342588.166666667,87.0134319667814,4384883,86.17413509094769,2017,41.0,120.0,0.3416666666666667,15.0,40.0,0.375,-0.15833333333333333,0.0,-0.125,0.0,0.47866666666666663,0,,0.0,0.0,2018,0.0
Georgia,2018-03-01,1876354.0,2018,2187234.5,85.786594898718,2209726,84.91342365524052,2017,62.0,180.0,0.34444444444444444,18.0,56.0,0.32142857142857145,-0.15555555555555556,0.0,-0.17857142857142855,0.0,0.4686666666666667,0,,0.0,0.0,2018,0.0
Hawaii,2018-03-01,348352.0,2018,184416.33333333334,188.89433148546132,185180,188.11534722972243,2017,45.0,51.0,0.8823529411764706,25.0,25.0,1.0,0.38235294117647056,1.0,0.5,1.0,0.627,1,2014-01-01,1.0,0.0,2018,0.0
Idaho,2018-03-01,277803.0,2018,338160.0,82.1513484740951,341618,81.31977823182619,2017,11.0,70.0,0.15714285714285714,6.0,35.0,0.17142857142857143,-0.34285714285714286,0.0,-0.32857142857142857,0.0,0.29400000000000004,1,2020-01-01,0.0,0.0,2018,0.0
Illinois,2018-03-01,3132875.0,2018,2228404.5,140.5882549599949,2253479,139.02392700353542,2017,67.0,118.0,0.5677966101694916,37.0,59.0,0.6271186440677966,0.06779661016949157,1.0,0.1271186440677966,0.0,0.5616666666666666,1,2014-01-01,1.0,0.0,2018,0.0
Indiana,2018-03-01,1351032.0,2018,1279701.5,105.57399518559603,1293314,104.46279867070179,2017,30.0,100.0,0.3,9.0,50.0,0.18,-0.2,0.0,-0.32,0.0,0.3893333333333333,1,2015-02-01,1.0,0.0,2018,1.0
Kansas,2018-03-01,396745.0,2018,521540.1666666667,76.07180143683404,526814,75.31026130664713,2017,40.0,125.0,0.32,9.0,40.0,0.225,-0.18,0.0,-0.275,0.0,0.3783333333333333,0,,0.0,0.0,2018,0.0
Maine,2018-03-01,231278.0,2018,229690.66666666666,100.69107437248938,231999,99.68922279837413,2017,77.0,151.0,0.5099337748344371,17.0,35.0,0.4857142857142857,0.009933774834437137,1.0,-0.01428571428571429,0.0,0.495,1,2019-01-01,0.0,0.0,2018,0.0
Maryland,2018-03-01,1332308.0,2018,791615.1666666666,168.30248536167935,793697,167.8610351305347,2017,90.0,141.0,0.6382978723404256,33.0,47.0,0.7021276595744681,0.13829787234042556,1.0,0.2021276595744681,0.0,0.618,1,2014-01-01,1.0,0.0,2018,0.0
Massachusetts,2018-03-01,1678328.0,2018,962229.6666666666,174.42072907750023,972871,172.5129025328127,2017,125.0,160.0,0.78125,34.0,40.0,0.85,0.28125,1.0,0.35,0.0,0.6186666666666667,1,2014-01-01,1.0,0.0,2018,0.0
Michigan,2018-03-01,2381578.0,2018,1977470.6666666667,120.43556651156393,1999842,119.08830797633013,2017,47.0,110.0,0.42727272727272725,11.0,38.0,0.2894736842105263,-0.07272727272727275,0.0,-0.21052631578947367,0.0,0.48366666666666663,1,2014-04-01,1.0,0.0,2018,1.0
Mississippi,2018-03-01,607996.0,2018,829535.5,73.29354801572687,831252,73.14219995861664,2017,48.0,122.0,0.39344262295081966,20.0,52.0,0.38461538461538464,-0.10655737704918034,0.0,-0.11538461538461536,0.0,0.4083333333333333,0,,0.0,0.0,2018,0.0
Montana,2018-03-01,279583.0,2018,208565.33333333334,134.05056129494196,210360,132.90692146795968,2017,41.0,100.0,0.41,18.0,50.0,0.36,-0.09000000000000002,0.0,-0.14,1.0,0.372,1,2016-01-01,1.0,0.0,2018,0.0
New Jersey,2018-03-01,1784928.0,2018,1245994.0,143.25333829857928,1255020,142.2230721422766,2017,52.0,80.0,0.65,24.0,40.0,0.6,0.15000000000000002,1.0,0.09999999999999998,0.0,0.5576666666666666,1,2014-01-01,1.0,0.0,2018,0.0
North Dakota,2018-03-01,94498.0,2018,121632.66666666667,77.6913000345302,122160,77.35592665356909,2017,13.0,94.0,0.13829787234042554,9.0,47.0,0.19148936170212766,-0.36170212765957444,0.0,-0.30851063829787234,0.0,0.28600000000000003,1,2014-01-01,1.0,0.0,2018,0.0
Ohio,2018-03-01,2787955.0,2018,2278917.1666666665,122.33682912125738,2296371,121.40699390473056,2017,33.0,99.0,0.3333333333333333,9.0,33.0,0.2727272727272727,-0.16666666666666669,0.0,-0.2272727272727273,0.0,0.442,1,2014-01-01,1.0,0.0,2018,0.0
Oklahoma,2018-03-01,732697.0,2018,882104.5,83.06238093105749,885167,82.77500177932525,2017,26.0,101.0,0.25742574257425743,6.0,48.0,0.125,-0.24257425742574257,0.0,-0.375,0.0,0.30166666666666664,1,2021-07-01,0.0,0.0,2018,0.0
Oregon,2018-03-01,972830.0,2018,782902.0,124.25948586157654,797451,121.99244843883825,2017,35.0,60.0,0.5833333333333334,17.0,30.0,0.5666666666666667,0.08333333333333337,1.0,0.06666666666666665,1.0,0.5216666666666666,1,2014-01-01,1.0,0.0,2018,0.0
Pennsylvania,2018-03-01,3052840.0,2018,2244861.0,135.99238438371017,2259652,135.1022192797829,2017,80.0,203.0,0.39408866995073893,16.0,50.0,0.32,-0.10591133004926107,0.0,-0.18,1.0,0.48433333333333334,1,2015-01-01,1.0,0.0,2018,0.0
Rhode Island,2018-03-01,311036.0,2018,183937.66666666666,169.09858955841926,188712,164.82046716689982,2017,64.0,75.0,0.8533333333333334,33.0,38.0,0.868421052631579,0.3533333333333334,1.0,0.368421052631579,1.0,0.5606666666666666,1,2014-01-01,1.0,0.0,2018,0.0
South Carolina,2018-03-01,1041832.0,2018,1112471.5,93.650219353934,1124024,92.68770061849213,2017,44.0,124.0,0.3548387096774194,18.0,46.0,0.391304347826087,-0.14516129032258063,0.0,-0.10869565217391303,0.0,0.41333333333333333,0,,0.0,0.0,2018,1.0
South Dakota,2018-03-01,113043.0,2018,164229.16666666666,68.83247494608652,166237,68.00110685346824,2017,10.0,70.0,0.14285714285714285,6.0,35.0,0.17142857142857143,-0.35714285714285715,0.0,-0.32857142857142857,0.0,0.3313333333333333,1,2023-07-01,0.0,0.0,2018,0.0
Tennessee,2018-03-01,1531732.0,2018,1493348.6666666667,102.5702861086694,1514870,101.1130988137596,2017,25.0,99.0,0.25252525252525254,5.0,33.0,0.15151515151515152,-0.24747474747474746,0.0,-0.3484848484848485,0.0,0.35433333333333333,0,,0.0,0.0,2018,0.0
Texas,2018-03-01,4414433.0,2018,6235839.166666667,70.79132225855193,6299251,70.0786966577455,2017,56.0,150.0,0.37333333333333335,11.0,31.0,0.3548387096774194,-0.12666666666666665,0.0,-0.14516129032258063,0.0,0.44333333333333336,0,,0.0,0.0,2018,0.0
Utah,2018-03-01,301447.0,2018,454706.8333333333,66.29480313506029,456764,65.99622562198422,2017,13.0,75.0,0.17333333333333334,5.0,29.0,0.1724137931034483,-0.32666666666666666,0.0,-0.3275862068965517,0.0,0.3076666666666667,1,2020-01-01,0.0,0.0,2018,0.0
Virginia,2018-03-01,1038200.0,2018,1288368.3333333333,80.58254562295203,1298806,79.934955643876,2017,34.0,100.0,0.34,19.0,40.0,0.475,-0.15999999999999998,0.0,-0.025000000000000022,1.0,0.511,1,2019-01-01,0.0,0.0,2018,0.0
West Virginia,2018-03-01,536076.0,2018,455130.3333333333,117.78516190600348,462592,115.88527255118981,2017,36.0,100.0,0.36,12.0,34.0,0.35294117647058826,-0.14,0.0,-0.14705882352941174,1.0,0.275,1,2014-01-01,1.0,0.0,2018,0.0
Wisconsin,2018-03-01,1040069.0,2018,942124.0,110.39618988583244,951649,109.29124078310386,2017,35.0,99.0,0.35353535353535354,13.0,33.0,0.3939393939393939,-0.14646464646464646,0.0,-0.10606060606060608,0.0,0.47600000000000003,0,,0.0,0.0,2018,0.0
Wyoming,2018-03-01,60778.0,2018,92074.66666666667,66.00947057460611,93266,65.16629854394957,2017,9.0,60.0,0.15,3.0,30.0,0.1,-0.35,0.0,-0.4,0.0,0.23666666666666666,0,,0.0,0.0,2018,0.0
Alabama,2018-04-01,902580.0,2018,1157396.0,77.98368060715607,1174119,76.87295751112111,2017,32.0,105.0,0.3047619047619048,8.0,35.0,0.22857142857142856,-0.1952380952380952,0.0,-0.27142857142857146,0.0,0.35050000000000003,0,,0.0,0.0,2018,0.0
Alaska,2018-04-01,207337.0,2018,114196.75,181.5612090536727,114607,180.91128814121302,2017,17.0,40.0,0.425,6.0,20.0,0.3,-0.07500000000000001,0.0,-0.2,0.0,0.39641666666666664,1,2015-09-01,1.0,0.0,2018,0.0
Arizona,2018-04-01,1679239.0,2018,1473917.75,113.93030581251904,1492698,112.49690158357551,2017,25.0,60.0,0.4166666666666667,13.0,30.0,0.43333333333333335,-0.08333333333333331,0.0,-0.06666666666666665,0.0,0.4669375,1,2014-01-01,1.0,0.0,2018,1.0
Arkansas,2018-04-01,902350.0,2018,753805.5,119.70594536654349,761746,118.45812121100734,2017,24.0,100.0,0.24,9.0,35.0,0.2571428571428571,-0.26,0.0,-0.24285714285714288,0.0,0.34095833333333336,1,2014-01-01,1.0,0.0,2018,1.0
California,2018-04-01,12147513.0,2018,7376294.0,164.68314576398393,7534254,161.23046820561134,2017,55.0,80.0,0.6875,27.0,40.0,0.675,0.1875,1.0,0.17500000000000004,1.0,0.623375,1,2014-01-01,1.0,0.0,2018,0.0
Colorado,2018-04-01,1342889.0,2018,814108.5,164.95209176663798,820836,163.60015886242806,2017,37.0,65.0,0.5692307692307692,17.0,35.0,0.4857142857142857,0.0692307692307692,1.0,-0.01428571428571429,1.0,0.5068541666666667,1,2014-01-01,1.0,0.0,2018,0.0
Delaware,2018-04-01,230656.0,2018,162497.75,141.94411922626622,165961,138.98204999969872,2017,25.0,41.0,0.6097560975609756,11.0,21.0,0.5238095238095238,0.1097560975609756,1.0,0.023809523809523836,1.0,0.5504791666666666,1,2014-01-01,1.0,0.0,2018,0.0
Florida,2018-04-01,3768663.0,2018,4321440.75,87.20848480914611,4384883,85.9467173924595,2017,41.0,120.0,0.3416666666666667,15.0,40.0,0.375,-0.15833333333333333,0.0,-0.125,0.0,0.4787083333333333,0,,0.0,0.0,2018,0.0
Georgia,2018-04-01,1862452.0,2018,2175988.75,85.59106750896575,2209726,84.28429588102779,2017,62.0,180.0,0.34444444444444444,18.0,56.0,0.32142857142857145,-0.15555555555555556,0.0,-0.17857142857142855,0.0,0.46952083333333333,0,,0.0,0.0,2018,0.0
Hawaii,2018-04-01,345012.0,2018,184034.5,187.47137085709474,185180,186.31169672750838,2017,45.0,51.0,0.8823529411764706,25.0,25.0,1.0,0.38235294117647056,1.0,0.5,1.0,0.627375,1,2014-01-01,1.0,0.0,2018,0.0
Idaho,2018-04-01,269430.0,2018,336431.0,80.08477221183541,341618,78.86879496982009,2017,11.0,70.0,0.15714285714285714,6.0,35.0,0.17142857142857143,-0.34285714285714286,0.0,-0.32857142857142857,0.0,0.295125,1,2020-01-01,0.0,0.0,2018,0.0
Illinois,2018-04-01,3104999.0,2018,2215867.25,140.12567765510323,2253479,137.78690637898112,2017,67.0,118.0,0.5677966101694916,37.0,59.0,0.6271186440677966,0.06779661016949157,1.0,0.1271186440677966,0.0,0.5621458333333333,1,2014-01-01,1.0,0.0,2018,0.0
Indiana,2018-04-01,1348841.0,2018,1272895.25,105.96637861599373,1293314,104.29338892179317,2017,30.0,100.0,0.3,9.0,50.0,0.18,-0.2,0.0,-0.32,0.0,0.38997916666666665,1,2015-02-01,1.0,0.0,2018,1.0
Kansas,2018-04-01,393968.0,2018,518903.25,75.92320919169421,526814,74.78313028886856,2017,40.0,125.0,0.32,9.0,40.0,0.225,-0.18,0.0,-0.275,0.0,0.37947916666666665,0,,0.0,0.0,2018,0.0
Maine,2018-04-01,230588.0,2018,228536.5,100.8976684249562,231999,99.39180772330916,2017,77.0,151.0,0.5099337748344371,17.0,35.0,0.4857142857142857,0.009933774834437137,1.0,-0.01428571428571429,0.0,0.496125,1,2019-01-01,0.0,0.0,2018,0.0
Maryland,2018-04-01,1328160.0,2018,790574.25,167.99940043582245,793697,167.33841755732982,2017,90.0,141.0,0.6382978723404256,33.0,47.0,0.7021276595744681,0.13829787234042556,1.0,0.2021276595744681,0.0,0.619125,1,2014-01-01,1.0,0.0,2018,0.0
Massachusetts,2018-04-01,1681456.0,2018,956909.0,175.71744021636331,972871,172.83442511905486,2017,125.0,160.0,0.78125,34.0,40.0,0.85,0.28125,1.0,0.35,0.0,0.6198333333333333,1,2014-01-01,1.0,0.0,2018,0.0
Michigan,2018-04-01,2373421.0,2018,1966285.0,120.70584884693724,1999842,118.68042575363454,2017,47.0,110.0,0.42727272727272725,11.0,38.0,0.2894736842105263,-0.07272727272727275,0.0,-0.21052631578947367,0.0,0.4843958333333333,1,2014-04-01,1.0,0.0,2018,1.0
Mississippi,2018-04-01,605231.0,2018,828677.25,73.03579288558966,831252,72.80956917998392,2017,48.0,122.0,0.39344262295081966,20.0,52.0,0.38461538461538464,-0.10655737704918034,0.0,-0.11538461538461536,0.0,0.40847916666666667,0,,0.0,0.0,2018,0.0
Montana,2018-04-01,280169.0,2018,207668.0,134.9119748829863,210360,133.18549153831526,2017,41.0,100.0,0.41,18.0,50.0,0.36,-0.09000000000000002,0.0,-0.14,1.0,0.372875,1,2016-01-01,1.0,0.0,2018,0.0
New Jersey,2018-04-01,1797425.0,2018,1241481.0,144.7807094913253,1255020,143.2188331660053,2017,52.0,80.0,0.65,24.0,40.0,0.6,0.15000000000000002,1.0,0.09999999999999998,0.0,0.5581458333333333,1,2014-01-01,1.0,0.0,2018,0.0
North Dakota,2018-04-01,94871.0,2018,121369.0,78.16740683370547,122160,77.6612639161755,2017,13.0,94.0,0.13829787234042554,9.0,47.0,0.19148936170212766,-0.36170212765957444,0.0,-0.30851063829787234,0.0,0.2869375,1,2014-01-01,1.0,0.0,2018,0.0
Ohio,2018-04-01,2775514.0,2018,2270190.25,122.25909260248122,2296371,120.86522604579137,2017,33.0,99.0,0.3333333333333333,9.0,33.0,0.2727272727272727,-0.16666666666666669,0.0,-0.2272727272727273,0.0,0.442375,1,2014-01-01,1.0,0.0,2018,0.0
Oklahoma,2018-04-01,736548.0,2018,880573.25,83.64414885416971,885167,83.21006092635626,2017,26.0,101.0,0.25742574257425743,6.0,48.0,0.125,-0.24257425742574257,0.0,-0.375,0.0,0.30245833333333333,1,2021-07-01,0.0,0.0,2018,0.0
Oregon,2018-04-01,975183.0,2018,775627.5,125.72826517883907,797451,122.28751359017672,2017,35.0,60.0,0.5833333333333334,17.0,30.0,0.5666666666666667,0.08333333333333337,1.0,0.06666666666666665,1.0,0.5230208333333333,1,2014-01-01,1.0,0.0,2018,0.0
Pennsylvania,2018-04-01,3043199.0,2018,2237465.5,136.0109910074591,2259652,134.6755606615532,2017,80.0,203.0,0.39408866995073893,16.0,50.0,0.32,-0.10591133004926107,0.0,-0.18,1.0,0.48485416666666664,1,2015-01-01,1.0,0.0,2018,0.0
Rhode Island,2018-04-01,312463.0,2018,181550.5,172.1080360560836,188712,165.57664589427276,2017,64.0,75.0,0.8533333333333334,33.0,38.0,0.868421052631579,0.3533333333333334,1.0,0.368421052631579,1.0,0.5617083333333334,1,2014-01-01,1.0,0.0,2018,0.0
South Carolina,2018-04-01,1043534.0,2018,1106695.25,94.29280553973643,1124024,92.83912087286393,2017,44.0,124.0,0.3548387096774194,18.0,46.0,0.391304347826087,-0.14516129032258063,0.0,-0.10869565217391303,0.0,0.4139166666666667,0,,0.0,0.0,2018,1.0
South Dakota,2018-04-01,112852.0,2018,163225.25,69.13881277559692,166237,67.88621065105843,2017,10.0,70.0,0.14285714285714285,6.0,35.0,0.17142857142857143,-0.35714285714285715,0.0,-0.32857142857142857,0.0,0.33216666666666667,1,2023-07-01,0.0,0.0,2018,0.0
Tennessee,2018-04-01,1512118.0,2018,1482588.0,101.9917873340402,1514870,99.818334246503,2017,25.0,99.0,0.25252525252525254,5.0,33.0,0.15151515151515152,-0.24747474747474746,0.0,-0.3484848484848485,0.0,0.35491666666666666,0,,0.0,0.0,2018,0.0
Texas,2018-04-01,4398226.0,2018,6204133.25,70.89186873927957,6299251,69.82141210121647,2017,56.0,150.0,0.37333333333333335,11.0,31.0,0.3548387096774194,-0.12666666666666665,0.0,-0.14516129032258063,0.0,0.44404166666666667,0,,0.0,0.0,2018,0.0
Utah,2018-04-01,300717.0,2018,453678.25,66.28420031156442,456764,65.8364056712,2017,13.0,75.0,0.17333333333333334,5.0,29.0,0.1724137931034483,-0.32666666666666666,0.0,-0.3275862068965517,0.0,0.30977083333333333,1,2020-01-01,0.0,0.0,2018,0.0
Virginia,2018-04-01,1041481.0,2018,1283149.5,81.16599040096263,1298806,80.18757227792295,2017,34.0,100.0,0.34,19.0,40.0,0.475,-0.15999999999999998,0.0,-0.025000000000000022,1.0,0.512,1,2019-01-01,0.0,0.0,2018,0.0
West Virginia,2018-04-01,534858.0,2018,451399.5,118.48883306250893,462592,115.62197357498616,2017,36.0,100.0,0.36,12.0,34.0,0.35294117647058826,-0.14,0.0,-0.14705882352941174,1.0,0.2756875,1,2014-01-01,1.0,0.0,2018,0.0
Wisconsin,2018-04-01,1037033.0,2018,937361.5,110.6331975443839,951649,108.97221559629654,2017,35.0,99.0,0.35353535353535354,13.0,33.0,0.3939393939393939,-0.14646464646464646,0.0,-0.10606060606060608,0.0,0.476625,0,,0.0,0.0,2018,0.0
Wyoming,2018-04-01,60619.0,2018,91479.0,66.26548169525246,93266,64.99581841185427,2017,9.0,60.0,0.15,3.0,30.0,0.1,-0.35,0.0,-0.4,0.0,0.23764583333333333,0,,0.0,0.0,2018,0.0
Alabama,2018-05-01,893984.0,2018,1151821.6666666667,77.61479279923252,1174119,76.14083410625328,2017,32.0,105.0,0.3047619047619048,8.0,35.0,0.22857142857142856,-0.1952380952380952,0.0,-0.27142857142857146,0.0,0.35100000000000003,0,,0.0,0.0,2018,0.0
Alaska,2018-05-01,207771.0,2018,114060.0,182.15938979484483,114607,181.28997356182433,2017,17.0,40.0,0.425,6.0,20.0,0.3,-0.07500000000000001,0.0,-0.2,0.0,0.3975,1,2015-09-01,1.0,0.0,2018,0.0
Arizona,2018-05-01,1678798.0,2018,1467657.6666666667,114.38621131676257,1492698,112.46735776426311,2017,25.0,60.0,0.4166666666666667,13.0,30.0,0.43333333333333335,-0.08333333333333331,0.0,-0.06666666666666665,0.0,0.467875,1,2014-01-01,1.0,0.0,2018,1.0
Arkansas,2018-05-01,899238.0,2018,751158.6666666666,119.71345601195664,761746,118.04958608249993,2017,24.0,100.0,0.24,9.0,35.0,0.2571428571428571,-0.26,0.0,-0.24285714285714288,0.0,0.34125,1,2014-01-01,1.0,0.0,2018,1.0
California,2018-05-01,12109710.0,2018,7323640.666666667,165.35095796161855,7534254,160.72871979097067,2017,55.0,80.0,0.6875,27.0,40.0,0.675,0.1875,1.0,0.17500000000000004,1.0,0.62375,1,2014-01-01,1.0,0.0,2018,0.0
Colorado,2018-05-01,1341583.0,2018,811866.0,165.24685108133608,820836,163.44105278033615,2017,37.0,65.0,0.5692307692307692,17.0,35.0,0.4857142857142857,0.0692307692307692,1.0,-0.01428571428571429,1.0,0.508375,1,2014-01-01,1.0,0.0,2018,0.0
Delaware,2018-05-01,230525.0,2018,161343.33333333334,142.8785405863273,165961,138.90311579226443,2017,25.0,41.0,0.6097560975609756,11.0,21.0,0.5238095238095238,0.1097560975609756,1.0,0.023809523809523836,1.0,0.551625,1,2014-01-01,1.0,0.0,2018,0.0
Florida,2018-05-01,3717972.0,2018,4300293.333333333,86.45856716751106,4384883,84.79067742514452,2017,41.0,120.0,0.3416666666666667,15.0,40.0,0.375,-0.15833333333333333,0.0,-0.125,0.0,0.47875,0,,0.0,0.0,2018,0.0
Georgia,2018-05-01,1862562.0,2018,2164743.0,86.04079098535023,2209726,84.28927387377439,2017,62.0,180.0,0.34444444444444444,18.0,56.0,0.32142857142857145,-0.15555555555555556,0.0,-0.17857142857142855,0.0,0.470375,0,,0.0,0.0,2018,0.0
Hawaii,2018-05-01,339945.0,2018,183652.66666666666,185.10213119693336,185180,183.57544011232315,2017,45.0,51.0,0.8823529411764706,25.0,25.0,1.0,0.38235294117647056,1.0,0.5,1.0,0.62775,1,2014-01-01,1.0,0.0,2018,0.0
Idaho,2018-05-01,271305.0,2018,334702.0,81.05867308829944,341618,79.41765363651798,2017,11.0,70.0,0.15714285714285714,6.0,35.0,0.17142857142857143,-0.34285714285714286,0.0,-0.32857142857142857,0.0,0.29625,1,2020-01-01,0.0,0.0,2018,0.0
Illinois,2018-05-01,3122954.0,2018,2203330.0,141.73791488338105,2253479,138.5836743985633,2017,67.0,118.0,0.5677966101694916,37.0,59.0,0.6271186440677966,0.06779661016949157,1.0,0.1271186440677966,0.0,0.562625,1,2014-01-01,1.0,0.0,2018,0.0
Indiana,2018-05-01,1346771.0,2018,1266089.0,106.37253779157705,1293314,104.13333498284251,2017,30.0,100.0,0.3,9.0,50.0,0.18,-0.2,0.0,-0.32,0.0,0.390625,1,2015-02-01,1.0,0.0,2018,1.0
Kansas,2018-05-01,391161.0,2018,516266.3333333333,75.76728807288745,526814,74.25030466160733,2017,40.0,125.0,0.32,9.0,40.0,0.225,-0.18,0.0,-0.275,0.0,0.380625,0,,0.0,0.0,2018,0.0
Maine,2018-05-01,228892.0,2018,227382.33333333334,100.66393314051076,231999,98.66077008952625,2017,77.0,151.0,0.5099337748344371,17.0,35.0,0.4857142857142857,0.009933774834437137,1.0,-0.01428571428571429,0.0,0.49724999999999997,1,2019-01-01,0.0,0.0,2018,0.0
Maryland,2018-05-01,1322717.0,2018,789533.3333333334,167.53149539812546,793697,166.6526394833293,2017,90.0,141.0,0.6382978723404256,33.0,47.0,0.7021276595744681,0.13829787234042556,1.0,0.2021276595744681,0.0,0.62025,1,2014-01-01,1.0,0.0,2018,0.0
Massachusetts,2018-05-01,1660494.0,2018,951588.3333333334,174.4970952074864,972871,170.67977152160975,2017,125.0,160.0,0.78125,34.0,40.0,0.85,0.28125,1.0,0.35,0.0,0.621,1,2014-01-01,1.0,0.0,2018,0.0
Michigan,2018-05-01,2364929.0,2018,1955099.3333333333,120.96208922377005,1999842,118.25579220758439,2017,47.0,110.0,0.42727272727272725,11.0,38.0,0.2894736842105263,-0.07272727272727275,0.0,-0.21052631578947367,0.0,0.485125,1,2014-04-01,1.0,0.0,2018,1.0
Mississippi,2018-05-01,602311.0,2018,827819.0,72.75877939501268,831252,72.4582918296738,2017,48.0,122.0,0.39344262295081966,20.0,52.0,0.38461538461538464,-0.10655737704918034,0.0,-0.11538461538461536,0.0,0.408625,0,,0.0,0.0,2018,0.0
Montana,2018-05-01,280768.0,2018,206770.66666666666,135.78715227176002,210360,133.4702414907777,2017,41.0,100.0,0.41,18.0,50.0,0.36,-0.09000000000000002,0.0,-0.14,1.0,0.37375,1,2016-01-01,1.0,0.0,2018,0.0
New Jersey,2018-05-01,1790663.0,2018,1236968.0,144.762273559219,1255020,142.68003697152236,2017,52.0,80.0,0.65,24.0,40.0,0.6,0.15000000000000002,1.0,0.09999999999999998,0.0,0.558625,1,2014-01-01,1.0,0.0,2018,0.0
North Dakota,2018-05-01,96276.0,2018,121105.33333333333,79.49773750674345,122160,78.81139489194499,2017,13.0,94.0,0.13829787234042554,9.0,47.0,0.19148936170212766,-0.36170212765957444,0.0,-0.30851063829787234,0.0,0.287875,1,2014-01-01,1.0,0.0,2018,0.0
Ohio,2018-05-01,2768392.0,2018,2261463.3333333335,122.41595780902925,2296371,120.55508452249222,2017,33.0,99.0,0.3333333333333333,9.0,33.0,0.2727272727272727,-0.16666666666666669,0.0,-0.2272727272727273,0.0,0.44275,1,2014-01-01,1.0,0.0,2018,0.0
Oklahoma,2018-05-01,735895.0,2018,879042.0,83.71556762930554,885167,83.13628953632478,2017,26.0,101.0,0.25742574257425743,6.0,48.0,0.125,-0.24257425742574257,0.0,-0.375,0.0,0.30325,1,2021-07-01,0.0,0.0,2018,0.0
Oregon,2018-05-01,974631.0,2018,768353.0,126.84677485478679,797451,122.21829303618654,2017,35.0,60.0,0.5833333333333334,17.0,30.0,0.5666666666666667,0.08333333333333337,1.0,0.06666666666666665,1.0,0.524375,1,2014-01-01,1.0,0.0,2018,0.0
Pennsylvania,2018-05-01,3046181.0,2018,2230070.0,136.59575708385836,2259652,134.80752788482476,2017,80.0,203.0,0.39408866995073893,16.0,50.0,0.32,-0.10591133004926107,0.0,-0.18,1.0,0.485375,1,2015-01-01,1.0,0.0,2018,0.0
Rhode Island,2018-05-01,312490.0,2018,179163.33333333334,174.4162682096411,188712,165.59095341048794,2017,64.0,75.0,0.8533333333333334,33.0,38.0,0.868421052631579,0.3533333333333334,1.0,0.368421052631579,1.0,0.56275,1,2014-01-01,1.0,0.0,2018,0.0
South Carolina,2018-05-01,1042153.0,2018,1100919.0,94.66209593984662,1124024,92.71625872757166,2017,44.0,124.0,0.3548387096774194,18.0,46.0,0.391304347826087,-0.14516129032258063,0.0,-0.10869565217391303,0.0,0.41450000000000004,0,,0.0,0.0,2018,1.0
South Dakota,2018-05-01,112994.0,2018,162221.33333333334,69.65421728338237,166237,67.97163086436834,2017,10.0,70.0,0.14285714285714285,6.0,35.0,0.17142857142857143,-0.35714285714285715,0.0,-0.32857142857142857,0.0,0.333,1,2023-07-01,0.0,0.0,2018,0.0
Tennessee,2018-05-01,1495246.0,2018,1471827.3333333333,101.59112866953144,1514870,98.70457531009261,2017,25.0,99.0,0.25252525252525254,5.0,33.0,0.15151515151515152,-0.24747474747474746,0.0,-0.3484848484848485,0.0,0.3555,0,,0.0,0.0,2018,0.0
Texas,2018-05-01,4376614.0,2018,6172427.333333333,70.905881327508,6299251,69.47832369276918,2017,56.0,150.0,0.37333333333333335,11.0,31.0,0.3548387096774194,-0.12666666666666665,0.0,-0.14516129032258063,0.0,0.44475,0,,0.0,0.0,2018,0.0
Utah,2018-05-01,299818.0,2018,452649.6666666667,66.23621358386802,456764,65.63958630715206,2017,13.0,75.0,0.17333333333333334,5.0,29.0,0.1724137931034483,-0.32666666666666666,0.0,-0.3275862068965517,0.0,0.311875,1,2020-01-01,0.0,0.0,2018,0.0
Virginia,2018-05-01,1043181.0,2018,1277930.6666666667,81.63048490893611,1298806,80.31846172561569,2017,34.0,100.0,0.34,19.0,40.0,0.475,-0.15999999999999998,0.0,-0.025000000000000022,1.0,0.513,1,2019-01-01,0.0,0.0,2018,0.0
West Virginia,2018-05-01,533692.0,2018,447668.6666666667,119.21584862614165,462592,115.36991560597676,2017,36.0,100.0,0.36,12.0,34.0,0.35294117647058826,-0.14,0.0,-0.14705882352941174,1.0,0.276375,1,2014-01-01,1.0,0.0,2018,0.0
Wisconsin,2018-05-01,1029109.0,2018,932599.0,110.34849919418744,951649,108.13955565549904,2017,35.0,99.0,0.35353535353535354,13.0,33.0,0.3939393939393939,-0.14646464646464646,0.0,-0.10606060606060608,0.0,0.47725,0,,0.0,0.0,2018,0.0
Wyoming,2018-05-01,59975.0,2018,90883.33333333333,65.99119750596003,93266,64.30532026676387,2017,9.0,60.0,0.15,3.0,30.0,0.1,-0.35,0.0,-0.4,0.0,0.238625,0,,0.0,0.0,2018,0.0
Alabama,2018-06-01,893615.0,2018,1146247.3333333333,77.96005050684234,1174119,76.10940628675628,2017,32.0,105.0,0.3047619047619048,8.0,35.0,0.22857142857142856,-0.1952380952380952,0.0,-0.27142857142857146,0.0,0.35150000000000003,0,,0.0,0.0,2018,0.0
Alaska,2018-06-01,211054.0,2018,113923.25,185.25981307590854,114607,184.15454553386792,2017,17.0,40.0,0.425,6.0,20.0,0.3,-0.07500000000000001,0.0,-0.2,0.0,0.39858333333333335,1,2015-09-01,1.0,0.0,2018,0.0
Arizona,2018-06-01,1683690.0,2018,1461397.5833333333,115.21094732890109,1492698,112.79508648098945,2017,25.0,60.0,0.4166666666666667,13.0,30.0,0.43333333333333335,-0.08333333333333331,0.0,-0.06666666666666665,0.0,0.4688125,1,2014-01-01,1.0,0.0,2018,1.0
Arkansas,2018-06-01,895127.0,2018,748511.8333333334,119.58755495070106,761746,117.50990487642864,2017,24.0,100.0,0.24,9.0,35.0,0.2571428571428571,-0.26,0.0,-0.24285714285714288,0.0,0.3415416666666667,1,2014-01-01,1.0,0.0,2018,1.0
California,2018-06-01,12064332.0,2018,7270987.333333333,165.9242609967413,7534254,160.12643056631754,2017,55.0,80.0,0.6875,27.0,40.0,0.675,0.1875,1.0,0.17500000000000004,1.0,0.624125,1,2014-01-01,1.0,0.0,2018,0.0
Colorado,2018-06-01,1345504.0,2018,809623.5,166.1888519787284,820836,163.91873650765805,2017,37.0,65.0,0.5692307692307692,17.0,35.0,0.4857142857142857,0.0692307692307692,1.0,-0.01428571428571429,1.0,0.5098958333333333,1,2014-01-01,1.0,0.0,2018,0.0
Delaware,2018-06-01,230590.0,2018,160188.91666666666,143.94878547048876,165961,138.9422816203807,2017,25.0,41.0,0.6097560975609756,11.0,21.0,0.5238095238095238,0.1097560975609756,1.0,0.023809523809523836,1.0,0.5527708333333333,1,2014-01-01,1.0,0.0,2018,0.0
Florida,2018-06-01,3716933.0,2018,4279145.916666667,86.8615623861545,4384883,84.7669823801456,2017,41.0,120.0,0.3416666666666667,15.0,40.0,0.375,-0.15833333333333333,0.0,-0.125,0.0,0.47879166666666667,0,,0.0,0.0,2018,0.0
Georgia,2018-06-01,1863305.0,2018,2153497.25,86.52460549926406,2209726,84.3228979520538,2017,62.0,180.0,0.34444444444444444,18.0,56.0,0.32142857142857145,-0.15555555555555556,0.0,-0.17857142857142855,0.0,0.4712291666666667,0,,0.0,0.0,2018,0.0
Hawaii,2018-06-01,338832.0,2018,183270.83333333334,184.88048198249402,185180,182.97440328329193,2017,45.0,51.0,0.8823529411764706,25.0,25.0,1.0,0.38235294117647056,1.0,0.5,1.0,0.628125,1,2014-01-01,1.0,0.0,2018,0.0
Idaho,2018-06-01,273002.0,2018,332973.0,81.98923035801701,341618,79.91440732045734,2017,11.0,70.0,0.15714285714285714,6.0,35.0,0.17142857142857143,-0.34285714285714286,0.0,-0.32857142857142857,0.0,0.297375,1,2020-01-01,0.0,0.0,2018,0.0
Illinois,2018-06-01,3108756.0,2018,2190792.75,141.90096256252446,2253479,137.95362637060296,2017,67.0,118.0,0.5677966101694916,37.0,59.0,0.6271186440677966,0.06779661016949157,1.0,0.1271186440677966,0.0,0.5631041666666666,1,2014-01-01,1.0,0.0,2018,0.0
Indiana,2018-06-01,1341244.0,2018,1259282.75,106.50856608652823,1293314,103.70598323376998,2017,30.0,100.0,0.3,9.0,50.0,0.18,-0.2,0.0,-0.32,0.0,0.39127083333333335,1,2015-02-01,1.0,0.0,2018,1.0
Kansas,2018-06-01,389737.0,2018,513629.4166666667,75.87902626942609,526814,73.98000053149688,2017,40.0,125.0,0.32,9.0,40.0,0.225,-0.18,0.0,-0.275,0.0,0.38177083333333334,0,,0.0,0.0,2018,0.0
Maine,2018-06-01,230488.0,2018,226228.16666666666,101.88298097274948,231999,99.34870408924176,2017,77.0,151.0,0.5099337748344371,17.0,35.0,0.4857142857142857,0.009933774834437137,1.0,-0.01428571428571429,0.0,0.498375,1,2019-01-01,0.0,0.0,2018,0.0
Maryland,2018-06-01,1312067.0,2018,788492.4166666666,166.40198082649073,793697,165.3108176041991,2017,90.0,141.0,0.6382978723404256,33.0,47.0,0.7021276595744681,0.13829787234042556,1.0,0.2021276595744681,0.0,0.621375,1,2014-01-01,1.0,0.0,2018,0.0
Massachusetts,2018-06-01,1650364.0,2018,946267.6666666666,174.40773452754559,972871,169.63852350414393,2017,125.0,160.0,0.78125,34.0,40.0,0.85,0.28125,1.0,0.35,0.0,0.6221666666666666,1,2014-01-01,1.0,0.0,2018,0.0
Michigan,2018-06-01,2357089.0,2018,1943913.6666666667,121.25481910119123,1999842,117.86376123713774,2017,47.0,110.0,0.42727272727272725,11.0,38.0,0.2894736842105263,-0.07272727272727275,0.0,-0.21052631578947367,0.0,0.48585416666666664,1,2014-04-01,1.0,0.0,2018,1.0
Mississippi,2018-06-01,600577.0,2018,826960.75,72.62460763706137,831252,72.24969082781155,2017,48.0,122.0,0.39344262295081966,20.0,52.0,0.38461538461538464,-0.10655737704918034,0.0,-0.11538461538461536,0.0,0.40877083333333336,0,,0.0,0.0,2018,0.0
Montana,2018-06-01,280768.0,2018,205873.33333333334,136.37900327061948,210360,133.4702414907777,2017,41.0,100.0,0.41,18.0,50.0,0.36,-0.09000000000000002,0.0,-0.14,1.0,0.374625,1,2016-01-01,1.0,0.0,2018,0.0
New Jersey,2018-06-01,1786522.0,2018,1232455.0,144.95636757528672,1255020,142.35008207040525,2017,52.0,80.0,0.65,24.0,40.0,0.6,0.15000000000000002,1.0,0.09999999999999998,0.0,0.5591041666666666,1,2014-01-01,1.0,0.0,2018,0.0
North Dakota,2018-06-01,94285.0,2018,120841.66666666667,78.02358458037376,122160,77.18156516044532,2017,13.0,94.0,0.13829787234042554,9.0,47.0,0.19148936170212766,-0.36170212765957444,0.0,-0.30851063829787234,0.0,0.2888125,1,2014-01-01,1.0,0.0,2018,0.0
Ohio,2018-06-01,2742460.0,2018,2252736.4166666665,121.73905387732707,2296371,119.42582448567762,2017,33.0,99.0,0.3333333333333333,9.0,33.0,0.2727272727272727,-0.16666666666666669,0.0,-0.2272727272727273,0.0,0.443125,1,2014-01-01,1.0,0.0,2018,0.0
Oklahoma,2018-06-01,734328.0,2018,877510.75,83.68307738680124,885167,82.95926079485567,2017,26.0,101.0,0.25742574257425743,6.0,48.0,0.125,-0.24257425742574257,0.0,-0.375,0.0,0.30404166666666665,1,2021-07-01,0.0,0.0,2018,0.0
Oregon,2018-06-01,973948.0,2018,761078.5,127.96945387368058,797451,122.13264514057917,2017,35.0,60.0,0.5833333333333334,17.0,30.0,0.5666666666666667,0.08333333333333337,1.0,0.06666666666666665,1.0,0.5257291666666667,1,2014-01-01,1.0,0.0,2018,0.0
Pennsylvania,2018-06-01,3037148.0,2018,2222674.5,136.6438495605182,2259652,134.40777606463297,2017,80.0,203.0,0.39408866995073893,16.0,50.0,0.32,-0.10591133004926107,0.0,-0.18,1.0,0.4858958333333333,1,2015-01-01,1.0,0.0,2018,0.0
Rhode Island,2018-06-01,310875.0,2018,176776.16666666666,175.85798236376132,188712,164.73515197761668,2017,64.0,75.0,0.8533333333333334,33.0,38.0,0.868421052631579,0.3533333333333334,1.0,0.368421052631579,1.0,0.5637916666666667,1,2014-01-01,1.0,0.0,2018,0.0
South Carolina,2018-06-01,1027262.0,2018,1095142.75,93.80165279823109,1124024,91.39146495092632,2017,44.0,124.0,0.3548387096774194,18.0,46.0,0.391304347826087,-0.14516129032258063,0.0,-0.10869565217391303,0.0,0.41508333333333336,0,,0.0,0.0,2018,1.0
South Dakota,2018-06-01,112319.0,2018,161217.41666666666,69.66927167195026,166237,67.56558407574728,2017,10.0,70.0,0.14285714285714285,6.0,35.0,0.17142857142857143,-0.35714285714285715,0.0,-0.32857142857142857,0.0,0.3338333333333333,1,2023-07-01,0.0,0.0,2018,0.0
Tennessee,2018-06-01,1482362.0,2018,1461066.6666666667,101.45751962036869,1514870,97.85407328681669,2017,25.0,99.0,0.25252525252525254,5.0,33.0,0.15151515151515152,-0.24747474747474746,0.0,-0.3484848484848485,0.0,0.3560833333333333,0,,0.0,0.0,2018,0.0
Texas,2018-06-01,4358677.0,2018,6140721.416666667,70.97988500455368,6299251,69.19357555366503,2017,56.0,150.0,0.37333333333333335,11.0,31.0,0.3548387096774194,-0.12666666666666665,0.0,-0.14516129032258063,0.0,0.44545833333333335,0,,0.0,0.0,2018,0.0
Utah,2018-06-01,297967.0,2018,451621.0833333333,65.977212091331,456764,65.23434421276633,2017,13.0,75.0,0.17333333333333334,5.0,29.0,0.1724137931034483,-0.32666666666666666,0.0,-0.3275862068965517,0.0,0.3139791666666667,1,2020-01-01,0.0,0.0,2018,0.0
Virginia,2018-06-01,1044206.0,2018,1272711.8333333333,82.04575243597301,1298806,80.39738036319511,2017,34.0,100.0,0.34,19.0,40.0,0.475,-0.15999999999999998,0.0,-0.025000000000000022,1.0,0.514,1,2019-01-01,0.0,0.0,2018,0.0
West Virginia,2018-06-01,531632.0,2018,443937.8333333333,119.75370425363612,462592,114.92459878251245,2017,36.0,100.0,0.36,12.0,34.0,0.35294117647058826,-0.14,0.0,-0.14705882352941174,1.0,0.2770625,1,2014-01-01,1.0,0.0,2018,0.0
Wisconsin,2018-06-01,1033955.0,2018,927836.5,111.43719825637383,951649,108.64877701757688,2017,35.0,99.0,0.35353535353535354,13.0,33.0,0.3939393939393939,-0.14646464646464646,0.0,-0.10606060606060608,0.0,0.477875,0,,0.0,0.0,2018,0.0
Wyoming,2018-06-01,59331.0,2018,90287.66666666667,65.7132941745458,93266,63.6148221216735,2017,9.0,60.0,0.15,3.0,30.0,0.1,-0.35,0.0,-0.4,0.0,0.23960416666666667,0,,0.0,0.0,2018,0.0
Alabama,2018-07-01,896938.0,2018,1140673.0,78.63235125228702,1174119,76.39242700271438,2017,32.0,105.0,0.3047619047619048,8.0,35.0,0.22857142857142856,-0.1952380952380952,0.0,-0.27142857142857146,0.0,0.35200000000000004,0,,0.0,0.0,2018,0.0
Alaska,2018-07-01,211609.0,2018,113786.5,185.97021615042206,114607,184.6388091477833,2017,17.0,40.0,0.425,6.0,20.0,0.3,-0.07500000000000001,0.0,-0.2,0.0,0.39966666666666667,1,2015-09-01,1.0,0.0,2018,0.0
Arizona,2018-07-01,1688791.0,2018,1455137.5,116.05714236627122,1492698,113.13681669031513,2017,25.0,60.0,0.4166666666666667,13.0,30.0,0.43333333333333335,-0.08333333333333331,0.0,-0.06666666666666665,0.0,0.46975,1,2014-01-01,1.0,0.0,2018,1.0
Arkansas,2018-07-01,894192.0,2018,745865.0,119.88657464822722,761746,117.38716054957952,2017,24.0,100.0,0.24,9.0,35.0,0.2571428571428571,-0.26,0.0,-0.24285714285714288,0.0,0.3418333333333333,1,2014-01-01,1.0,0.0,2018,1.0
California,2018-07-01,12059138.0,2018,7218334.0,167.06262137495992,7534254,160.0574920887987,2017,55.0,80.0,0.6875,27.0,40.0,0.675,0.1875,1.0,0.17500000000000004,1.0,0.6245,1,2014-01-01,1.0,0.0,2018,0.0
Colorado,2018-07-01,1341768.0,2018,807381.0,166.1877106347561,820836,163.46359077818224,2017,37.0,65.0,0.5692307692307692,17.0,35.0,0.4857142857142857,0.0692307692307692,1.0,-0.01428571428571429,1.0,0.5114166666666666,1,2014-01-01,1.0,0.0,2018,0.0
Delaware,2018-07-01,231090.0,2018,159034.5,145.30809352687623,165961,139.24355722127487,2017,25.0,41.0,0.6097560975609756,11.0,21.0,0.5238095238095238,0.1097560975609756,1.0,0.023809523809523836,1.0,0.5539166666666666,1,2014-01-01,1.0,0.0,2018,0.0
Florida,2018-07-01,3729831.0,2018,4257998.5,87.59587397694011,4384883,85.06112933914086,2017,41.0,120.0,0.3416666666666667,15.0,40.0,0.375,-0.15833333333333333,0.0,-0.125,0.0,0.47883333333333333,0,,0.0,0.0,2018,0.0
Georgia,2018-07-01,1874411.0,2018,2142251.5,87.49724297077164,2209726,84.82549420154353,2017,62.0,180.0,0.34444444444444444,18.0,56.0,0.32142857142857145,-0.15555555555555556,0.0,-0.17857142857142855,0.0,0.47208333333333335,0,,0.0,0.0,2018,0.0
Hawaii,2018-07-01,337722.0,2018,182889.0,184.65954759444253,185180,182.37498649962197,2017,45.0,51.0,0.8823529411764706,25.0,25.0,1.0,0.38235294117647056,1.0,0.5,1.0,0.6285000000000001,1,2014-01-01,1.0,0.0,2018,0.0
Idaho,2018-07-01,274741.0,2018,331244.0,82.94218159423265,341618,80.42345543853075,2017,11.0,70.0,0.15714285714285714,6.0,35.0,0.17142857142857143,-0.34285714285714286,0.0,-0.32857142857142857,0.0,0.29850000000000004,1,2020-01-01,0.0,0.0,2018,0.0
Illinois,2018-07-01,3099179.0,2018,2178255.5,142.27802936799654,2253479,137.52863905099625,2017,67.0,118.0,0.5677966101694916,37.0,59.0,0.6271186440677966,0.06779661016949157,1.0,0.1271186440677966,0.0,0.5635833333333333,1,2014-01-01,1.0,0.0,2018,0.0
Indiana,2018-07-01,1342577.0,2018,1252476.5,107.19378766787241,1293314,103.80905178479472,2017,30.0,100.0,0.3,9.0,50.0,0.18,-0.2,0.0,-0.32,0.0,0.39191666666666664,1,2015-02-01,1.0,0.0,2018,1.0
Kansas,2018-07-01,386547.0,2018,510992.5,75.64631574827419,526814,73.37447372317364,2017,40.0,125.0,0.32,9.0,40.0,0.225,-0.18,0.0,-0.275,0.0,0.3829166666666666,0,,0.0,0.0,2018,0.0
Maine,2018-07-01,230826.0,2018,225074.0,102.55560393470591,231999,99.49439437238954,2017,77.0,151.0,0.5099337748344371,17.0,35.0,0.4857142857142857,0.009933774834437137,1.0,-0.01428571428571429,0.0,0.4995,1,2019-01-01,0.0,0.0,2018,0.0
Maryland,2018-07-01,1312271.0,2018,787451.5,166.6478506930268,793697,165.33652010779934,2017,90.0,141.0,0.6382978723404256,33.0,47.0,0.7021276595744681,0.13829787234042556,1.0,0.2021276595744681,0.0,0.6225,1,2014-01-01,1.0,0.0,2018,0.0
Massachusetts,2018-07-01,1627391.0,2018,940947.0,172.95246172207362,972871,167.2771621314645,2017,125.0,160.0,0.78125,34.0,40.0,0.85,0.28125,1.0,0.35,0.0,0.6233333333333333,1,2014-01-01,1.0,0.0,2018,0.0
Michigan,2018-07-01,2355527.0,2018,1932728.0,121.87576316998563,1999842,117.78565506675027,2017,47.0,110.0,0.42727272727272725,11.0,38.0,0.2894736842105263,-0.07272727272727275,0.0,-0.21052631578947367,0.0,0.4865833333333333,1,2014-04-01,1.0,0.0,2018,1.0
Mississippi,2018-07-01,598703.0,2018,826102.5,72.47321004354787,831252,72.02424776120839,2017,48.0,122.0,0.39344262295081966,20.0,52.0,0.38461538461538464,-0.10655737704918034,0.0,-0.11538461538461536,0.0,0.40891666666666665,0,,0.0,0.0,2018,0.0
Montana,2018-07-01,280638.0,2018,204976.0,136.9126141597065,210360,133.40844266970905,2017,41.0,100.0,0.41,18.0,50.0,0.36,-0.09000000000000002,0.0,-0.14,1.0,0.3755,1,2016-01-01,1.0,0.0,2018,0.0
New Jersey,2018-07-01,1788090.0,2018,1227942.0,145.61681252046105,1255020,142.47502031840128,2017,52.0,80.0,0.65,24.0,40.0,0.6,0.15000000000000002,1.0,0.09999999999999998,0.0,0.5595833333333333,1,2014-01-01,1.0,0.0,2018,0.0
North Dakota,2018-07-01,93970.0,2018,120578.0,77.93295626067773,122160,76.92370661427636,2017,13.0,94.0,0.13829787234042554,9.0,47.0,0.19148936170212766,-0.36170212765957444,0.0,-0.30851063829787234,0.0,0.28975,1,2014-01-01,1.0,0.0,2018,0.0
Ohio,2018-07-01,2727615.0,2018,2244009.5,121.55095600085473,2296371,118.77936970985961,2017,33.0,99.0,0.3333333333333333,9.0,33.0,0.2727272727272727,-0.16666666666666669,0.0,-0.2272727272727273,0.0,0.4435,1,2014-01-01,1.0,0.0,2018,0.0
Oklahoma,2018-07-01,739877.0,2018,875979.5,84.46282133314764,885167,83.58614815057499,2017,26.0,101.0,0.25742574257425743,6.0,48.0,0.125,-0.24257425742574257,0.0,-0.375,0.0,0.30483333333333335,1,2021-07-01,0.0,0.0,2018,0.0
Oregon,2018-07-01,972808.0,2018,753804.0,129.05317562655546,797451,121.98968964864298,2017,35.0,60.0,0.5833333333333334,17.0,30.0,0.5666666666666667,0.08333333333333337,1.0,0.06666666666666665,1.0,0.5270833333333333,1,2014-01-01,1.0,0.0,2018,0.0
Pennsylvania,2018-07-01,3033379.0,2018,2215279.0,136.92988558100356,2259652,134.24098046955905,2017,80.0,203.0,0.39408866995073893,16.0,50.0,0.32,-0.10591133004926107,0.0,-0.18,1.0,0.48641666666666666,1,2015-01-01,1.0,0.0,2018,0.0
Rhode Island,2018-07-01,311231.0,2018,174389.0,178.4693988726353,188712,164.92379922845396,2017,64.0,75.0,0.8533333333333334,33.0,38.0,0.868421052631579,0.3533333333333334,1.0,0.368421052631579,1.0,0.5648333333333333,1,2014-01-01,1.0,0.0,2018,0.0
South Carolina,2018-07-01,1030392.0,2018,1089366.5,94.5863490386385,1124024,91.66992875596962,2017,44.0,124.0,0.3548387096774194,18.0,46.0,0.391304347826087,-0.14516129032258063,0.0,-0.10869565217391303,0.0,0.4156666666666667,0,,0.0,0.0,2018,1.0
South Dakota,2018-07-01,112018.0,2018,160213.5,69.91795323115717,166237,67.38451728556218,2017,10.0,70.0,0.14285714285714285,6.0,35.0,0.17142857142857143,-0.35714285714285715,0.0,-0.32857142857142857,0.0,0.33466666666666667,1,2023-07-01,0.0,0.0,2018,0.0
Tennessee,2018-07-01,1443541.0,2018,1450306.0,99.5335467135901,1514870,95.29141114419059,2017,25.0,99.0,0.25252525252525254,5.0,33.0,0.15151515151515152,-0.24747474747474746,0.0,-0.3484848484848485,0.0,0.35666666666666663,0,,0.0,0.0,2018,0.0
Texas,2018-07-01,4355227.0,2018,6109015.5,71.29179816289547,6299251,69.13880713754699,2017,56.0,150.0,0.37333333333333335,11.0,31.0,0.3548387096774194,-0.12666666666666665,0.0,-0.14516129032258063,0.0,0.44616666666666666,0,,0.0,0.0,2018,0.0
Utah,2018-07-01,296702.0,2018,450592.5,65.84707912359838,456764,64.95739594188684,2017,13.0,75.0,0.17333333333333334,5.0,29.0,0.1724137931034483,-0.32666666666666666,0.0,-0.3275862068965517,0.0,0.3160833333333333,1,2020-01-01,0.0,0.0,2018,0.0
Virginia,2018-07-01,1046260.0,2018,1267493.0,82.54562352612598,1298806,80.55552561352503,2017,34.0,100.0,0.34,19.0,40.0,0.475,-0.15999999999999998,0.0,-0.025000000000000022,1.0,0.515,1,2019-01-01,0.0,0.0,2018,0.0
West Virginia,2018-07-01,531913.0,2018,440207.0,120.8324719961291,462592,114.98534345600441,2017,36.0,100.0,0.36,12.0,34.0,0.35294117647058826,-0.14,0.0,-0.14705882352941174,1.0,0.27775,1,2014-01-01,1.0,0.0,2018,0.0
Wisconsin,2018-07-01,1032239.0,2018,923074.0,111.82624578311164,951649,108.46845843372925,2017,35.0,99.0,0.35353535353535354,13.0,33.0,0.3939393939393939,-0.14646464646464646,0.0,-0.10606060606060608,0.0,0.47850000000000004,0,,0.0,0.0,2018,0.0
Wyoming,2018-07-01,59658.0,2018,89692.0,66.51429335949695,93266,63.96543220466193,2017,9.0,60.0,0.15,3.0,30.0,0.1,-0.35,0.0,-0.4,0.0,0.24058333333333334,0,,0.0,0.0,2018,0.0
Alabama,2018-08-01,899907.0,2018,1135098.6666666667,79.28006845807236,1174119,76.64529745281355,2017,32.0,105.0,0.3047619047619048,8.0,35.0,0.22857142857142856,-0.1952380952380952,0.0,-0.27142857142857146,0.0,0.35250000000000004,0,,0.0,0.0,2018,0.0
Alaska,2018-08-01,211945.0,2018,113649.75,186.48963152140678,114607,184.93198495728882,2017,17.0,40.0,0.425,6.0,20.0,0.3,-0.07500000000000001,0.0,-0.2,0.0,0.40075,1,2015-09-01,1.0,0.0,2018,0.0
Arizona,2018-08-01,1691877.0,2018,1448877.4166666667,116.77157643138547,1492698,113.34355643271445,2017,25.0,60.0,0.4166666666666667,13.0,30.0,0.43333333333333335,-0.08333333333333331,0.0,-0.06666666666666665,0.0,0.4706875,1,2014-01-01,1.0,0.0,2018,1.0
Arkansas,2018-08-01,895332.0,2018,743218.1666666666,120.46691538980592,761746,117.53681673418698,2017,24.0,100.0,0.24,9.0,35.0,0.2571428571428571,-0.26,0.0,-0.24285714285714288,0.0,0.342125,1,2014-01-01,1.0,0.0,2018,1.0
California,2018-08-01,12055099.0,2018,7165680.666666667,168.2338295659468,7534254,160.0038835961729,2017,55.0,80.0,0.6875,27.0,40.0,0.675,0.1875,1.0,0.17500000000000004,1.0,0.624875,1,2014-01-01,1.0,0.0,2018,0.0
Colorado,2018-08-01,1345880.0,2018,805138.5,167.16130206169498,820836,163.96454346544255,2017,37.0,65.0,0.5692307692307692,17.0,35.0,0.4857142857142857,0.0692307692307692,1.0,-0.01428571428571429,1.0,0.5129375,1,2014-01-01,1.0,0.0,2018,0.0
Delaware,2018-08-01,231919.0,2018,157880.08333333334,146.8956660672314,165961,139.74307216755744,2017,25.0,41.0,0.6097560975609756,11.0,21.0,0.5238095238095238,0.1097560975609756,1.0,0.023809523809523836,1.0,0.5550625,1,2014-01-01,1.0,0.0,2018,0.0
Florida,2018-08-01,3729920.0,2018,4236851.083333333,88.03519233122287,4384883,85.0631590398193,2017,41.0,120.0,0.3416666666666667,15.0,40.0,0.375,-0.15833333333333333,0.0,-0.125,0.0,0.478875,0,,0.0,0.0,2018,0.0
Georgia,2018-08-01,1815109.0,2018,2131005.75,85.17616623042899,2209726,82.14181305736548,2017,62.0,180.0,0.34444444444444444,18.0,56.0,0.32142857142857145,-0.15555555555555556,0.0,-0.17857142857142855,0.0,0.4729375,0,,0.0,0.0,2018,0.0
Hawaii,2018-08-01,336795.0,2018,182507.16666666666,184.53795878335373,185180,181.87439248298952,2017,45.0,51.0,0.8823529411764706,25.0,25.0,1.0,0.38235294117647056,1.0,0.5,1.0,0.628875,1,2014-01-01,1.0,0.0,2018,0.0
Idaho,2018-08-01,276978.0,2018,329515.0,84.05626450996161,341618,81.07828041847912,2017,11.0,70.0,0.15714285714285714,6.0,35.0,0.17142857142857143,-0.34285714285714286,0.0,-0.32857142857142857,0.0,0.29962500000000003,1,2020-01-01,0.0,0.0,2018,0.0
Illinois,2018-08-01,3089647.0,2018,2165718.25,142.66153965318432,2253479,137.10564864371932,2017,67.0,118.0,0.5677966101694916,37.0,59.0,0.6271186440677966,0.06779661016949157,1.0,0.1271186440677966,0.0,0.5640625,1,2014-01-01,1.0,0.0,2018,0.0
Indiana,2018-08-01,1343027.0,2018,1245670.25,107.81561171586141,1293314,103.84384611934921,2017,30.0,100.0,0.3,9.0,50.0,0.18,-0.2,0.0,-0.32,0.0,0.3925625,1,2015-02-01,1.0,0.0,2018,1.0
Kansas,2018-08-01,384606.0,2018,508355.5833333333,75.65688518223874,526814,73.0060324896453,2017,40.0,125.0,0.32,9.0,40.0,0.225,-0.18,0.0,-0.275,0.0,0.3840625,0,,0.0,0.0,2018,0.0
Maine,2018-08-01,230634.0,2018,223919.83333333334,102.99846894610347,231999,99.41163539498015,2017,77.0,151.0,0.5099337748344371,17.0,35.0,0.4857142857142857,0.009933774834437137,1.0,-0.01428571428571429,0.0,0.500625,1,2019-01-01,0.0,0.0,2018,0.0
Maryland,2018-08-01,1314590.0,2018,786410.5833333334,167.16331492232587,793697,165.628697097255,2017,90.0,141.0,0.6382978723404256,33.0,47.0,0.7021276595744681,0.13829787234042556,1.0,0.2021276595744681,0.0,0.623625,1,2014-01-01,1.0,0.0,2018,0.0
Massachusetts,2018-08-01,1622812.0,2018,935626.3333333334,173.4465931734143,972871,166.80649335831782,2017,125.0,160.0,0.78125,34.0,40.0,0.85,0.28125,1.0,0.35,0.0,0.6245,1,2014-01-01,1.0,0.0,2018,0.0
Michigan,2018-08-01,2352398.0,2018,1921542.3333333333,122.42238743287295,1999842,117.62919270622379,2017,47.0,110.0,0.42727272727272725,11.0,38.0,0.2894736842105263,-0.07272727272727275,0.0,-0.21052631578947367,0.0,0.4873125,1,2014-04-01,1.0,0.0,2018,1.0
Mississippi,2018-08-01,595501.0,2018,825244.25,72.16057549022608,831252,71.63904568049159,2017,48.0,122.0,0.39344262295081966,20.0,52.0,0.38461538461538464,-0.10655737704918034,0.0,-0.11538461538461536,0.0,0.4090625,0,,0.0,0.0,2018,0.0
Montana,2018-08-01,281233.0,2018,204078.66666666666,137.80617278304445,210360,133.69129111998478,2017,41.0,100.0,0.41,18.0,50.0,0.36,-0.09000000000000002,0.0,-0.14,1.0,0.376375,1,2016-01-01,1.0,0.0,2018,0.0
New Jersey,2018-08-01,1776276.0,2018,1223429.0,145.1883190606075,1255020,141.53368073815557,2017,52.0,80.0,0.65,24.0,40.0,0.6,0.15000000000000002,1.0,0.09999999999999998,0.0,0.5600625,1,2014-01-01,1.0,0.0,2018,0.0
North Dakota,2018-08-01,95077.0,2018,120314.33333333333,79.02383478831838,122160,77.82989521938441,2017,13.0,94.0,0.13829787234042554,9.0,47.0,0.19148936170212766,-0.36170212765957444,0.0,-0.30851063829787234,0.0,0.2906875,1,2014-01-01,1.0,0.0,2018,0.0
Ohio,2018-08-01,2717014.0,2018,2235282.5833333335,121.55125353092006,2296371,118.31772827648494,2017,33.0,99.0,0.3333333333333333,9.0,33.0,0.2727272727272727,-0.16666666666666669,0.0,-0.2272727272727273,0.0,0.443875,1,2014-01-01,1.0,0.0,2018,0.0
Oklahoma,2018-08-01,736945.0,2018,874448.25,84.27542739092908,885167,83.25491122014263,2017,26.0,101.0,0.25742574257425743,6.0,48.0,0.125,-0.24257425742574257,0.0,-0.375,0.0,0.305625,1,2021-07-01,0.0,0.0,2018,0.0
Oregon,2018-08-01,972190.0,2018,746529.5,130.2279414276328,797451,121.91219272406705,2017,35.0,60.0,0.5833333333333334,17.0,30.0,0.5666666666666667,0.08333333333333337,1.0,0.06666666666666665,1.0,0.5284375,1,2014-01-01,1.0,0.0,2018,0.0
Pennsylvania,2018-08-01,3032672.0,2018,2207883.5,137.35652266072915,2259652,134.20969246591955,2017,80.0,203.0,0.39408866995073893,16.0,50.0,0.32,-0.10591133004926107,0.0,-0.18,1.0,0.48693749999999997,1,2015-01-01,1.0,0.0,2018,0.0
Rhode Island,2018-08-01,312377.0,2018,172001.83333333334,181.61259909051356,188712,165.53107380558737,2017,64.0,75.0,0.8533333333333334,33.0,38.0,0.868421052631579,0.3533333333333334,1.0,0.368421052631579,1.0,0.565875,1,2014-01-01,1.0,0.0,2018,0.0
South Carolina,2018-08-01,1041709.0,2018,1083590.25,96.13495507180873,1124024,92.67675779164858,2017,44.0,124.0,0.3548387096774194,18.0,46.0,0.391304347826087,-0.14516129032258063,0.0,-0.10869565217391303,0.0,0.41625,0,,0.0,0.0,2018,1.0
South Dakota,2018-08-01,112015.0,2018,159209.58333333334,70.35694564031164,166237,67.38271263316831,2017,10.0,70.0,0.14285714285714285,6.0,35.0,0.17142857142857143,-0.35714285714285715,0.0,-0.32857142857142857,0.0,0.3355,1,2023-07-01,0.0,0.0,2018,0.0
Tennessee,2018-08-01,1384347.0,2018,1439545.3333333333,96.16557172218265,1514870,91.38388112511305,2017,25.0,99.0,0.25252525252525254,5.0,33.0,0.15151515151515152,-0.24747474747474746,0.0,-0.3484848484848485,0.0,0.35724999999999996,0,,0.0,0.0,2018,0.0
Texas,2018-08-01,4362456.0,2018,6077309.583333333,71.78268508755554,6299251,69.25356681294332,2017,56.0,150.0,0.37333333333333335,11.0,31.0,0.3548387096774194,-0.12666666666666665,0.0,-0.14516129032258063,0.0,0.446875,0,,0.0,0.0,2018,0.0
Utah,2018-08-01,297259.0,2018,449563.9166666667,66.12163231516764,456764,65.07934075364959,2017,13.0,75.0,0.17333333333333334,5.0,29.0,0.1724137931034483,-0.32666666666666666,0.0,-0.3275862068965517,0.0,0.3181875,1,2020-01-01,0.0,0.0,2018,0.0
Virginia,2018-08-01,1046885.0,2018,1262274.1666666667,82.93641964998359,1298806,80.60364673400031,2017,34.0,100.0,0.34,19.0,40.0,0.475,-0.15999999999999998,0.0,-0.025000000000000022,1.0,0.516,1,2019-01-01,0.0,0.0,2018,0.0
West Virginia,2018-08-01,531566.0,2018,436476.1666666667,121.78580197391457,462592,114.91033135030438,2017,36.0,100.0,0.36,12.0,34.0,0.35294117647058826,-0.14,0.0,-0.14705882352941174,1.0,0.2784375,1,2014-01-01,1.0,0.0,2018,0.0
Wisconsin,2018-08-01,1032565.0,2018,918311.5,112.44169325985791,951649,108.5027147614299,2017,35.0,99.0,0.35353535353535354,13.0,33.0,0.3939393939393939,-0.14646464646464646,0.0,-0.10606060606060608,0.0,0.479125,0,,0.0,0.0,2018,0.0
Wyoming,2018-08-01,59605.0,2018,89096.33333333333,66.89949829585206,93266,63.9086054939635,2017,9.0,60.0,0.15,3.0,30.0,0.1,-0.35,0.0,-0.4,0.0,0.2415625,0,,0.0,0.0,2018,0.0
Alabama,2018-09-01,902832.0,2018,1129524.3333333333,79.93028333755832,1174119,76.894420412241,2017,32.0,105.0,0.3047619047619048,8.0,35.0,0.22857142857142856,-0.1952380952380952,0.0,-0.27142857142857146,0.0,0.35300000000000004,0,,0.0,0.0,2018,0.0
Alaska,2018-09-01,210368.0,2018,113513.0,185.32502885132098,114607,183.55597825612747,2017,17.0,40.0,0.425,6.0,20.0,0.3,-0.07500000000000001,0.0,-0.2,0.0,0.4018333333333333,1,2015-09-01,1.0,0.0,2018,0.0
Arizona,2018-09-01,1697061.0,2018,1442617.3333333333,117.63764102839008,1492698,113.6908470434073,2017,25.0,60.0,0.4166666666666667,13.0,30.0,0.43333333333333335,-0.08333333333333331,0.0,-0.06666666666666665,0.0,0.471625,1,2014-01-01,1.0,0.0,2018,1.0
Arkansas,2018-09-01,871873.0,2018,740571.3333333334,117.72977980064042,761746,114.45718126514612,2017,24.0,100.0,0.24,9.0,35.0,0.2571428571428571,-0.26,0.0,-0.24285714285714288,0.0,0.34241666666666665,1,2014-01-01,1.0,0.0,2018,1.0
California,2018-09-01,12011621.0,2018,7113027.333333333,168.8679156863449,7534254,159.42681252848655,2017,55.0,80.0,0.6875,27.0,40.0,0.675,0.1875,1.0,0.17500000000000004,1.0,0.62525,1,2014-01-01,1.0,0.0,2018,0.0
Colorado,2018-09-01,1346964.0,2018,802896.0,167.76319722604174,820836,164.09660395011915,2017,37.0,65.0,0.5692307692307692,17.0,35.0,0.4857142857142857,0.0692307692307692,1.0,-0.01428571428571429,1.0,0.5144583333333334,1,2014-01-01,1.0,0.0,2018,0.0
Delaware,2018-09-01,231952.0,2018,156725.66666666666,147.99873239226932,165961,139.76295635721644,2017,25.0,41.0,0.6097560975609756,11.0,21.0,0.5238095238095238,0.1097560975609756,1.0,0.023809523809523836,1.0,0.5562083333333333,1,2014-01-01,1.0,0.0,2018,0.0
Florida,2018-09-01,3724654.0,2018,4215703.666666667,88.3518931714919,4384883,84.94306461540707,2017,41.0,120.0,0.3416666666666667,15.0,40.0,0.375,-0.15833333333333333,0.0,-0.125,0.0,0.47891666666666666,0,,0.0,0.0,2018,0.0
Georgia,2018-09-01,1808021.0,2018,2119760.0,85.29366532060233,2209726,81.82104930656561,2017,62.0,180.0,0.34444444444444444,18.0,56.0,0.32142857142857145,-0.15555555555555556,0.0,-0.17857142857142855,0.0,0.47379166666666667,0,,0.0,0.0,2018,0.0
Hawaii,2018-09-01,334678.0,2018,182125.33333333334,183.7624639442435,185180,180.73118047305326,2017,45.0,51.0,0.8823529411764706,25.0,25.0,1.0,0.38235294117647056,1.0,0.5,1.0,0.62925,1,2014-01-01,1.0,0.0,2018,0.0
Idaho,2018-09-01,278382.0,2018,327786.0,84.92797129834709,341618,81.4892657881025,2017,11.0,70.0,0.15714285714285714,6.0,35.0,0.17142857142857143,-0.34285714285714286,0.0,-0.32857142857142857,0.0,0.30075,1,2020-01-01,0.0,0.0,2018,0.0
Illinois,2018-09-01,3071476.0,2018,2153181.0,142.64829570760656,2253479,136.29929544495423,2017,67.0,118.0,0.5677966101694916,37.0,59.0,0.6271186440677966,0.06779661016949157,1.0,0.1271186440677966,0.0,0.5645416666666667,1,2014-01-01,1.0,0.0,2018,0.0
Indiana,2018-09-01,1339484.0,2018,1238864.0,108.12195688953751,1293314,103.56989872529023,2017,30.0,100.0,0.3,9.0,50.0,0.18,-0.2,0.0,-0.32,0.0,0.3932083333333333,1,2015-02-01,1.0,0.0,2018,1.0
Kansas,2018-09-01,384737.0,2018,505718.6666666667,76.07727880323448,526814,73.03089895105293,2017,40.0,125.0,0.32,9.0,40.0,0.225,-0.18,0.0,-0.275,0.0,0.3852083333333333,0,,0.0,0.0,2018,0.0
Maine,2018-09-01,231268.0,2018,222765.66666666666,103.8167162204828,231999,99.68491243496739,2017,77.0,151.0,0.5099337748344371,17.0,35.0,0.4857142857142857,0.009933774834437137,1.0,-0.01428571428571429,0.0,0.50175,1,2019-01-01,0.0,0.0,2018,0.0
Maryland,2018-09-01,1312423.0,2018,785369.6666666666,167.10894954350584,793697,165.3556709928348,2017,90.0,141.0,0.6382978723404256,33.0,47.0,0.7021276595744681,0.13829787234042556,1.0,0.2021276595744681,0.0,0.62475,1,2014-01-01,1.0,0.0,2018,0.0
Massachusetts,2018-09-01,1622460.0,2018,930305.6666666666,174.4007435548961,972871,166.7703117885105,2017,125.0,160.0,0.78125,34.0,40.0,0.85,0.28125,1.0,0.35,0.0,0.6256666666666667,1,2014-01-01,1.0,0.0,2018,0.0
Michigan,2018-09-01,2347955.0,2018,1910356.6666666667,122.90663000102948,1999842,117.40702515498724,2017,47.0,110.0,0.42727272727272725,11.0,38.0,0.2894736842105263,-0.07272727272727275,0.0,-0.21052631578947367,0.0,0.48804166666666665,1,2014-04-01,1.0,0.0,2018,1.0
Mississippi,2018-09-01,595142.0,2018,824386.0,72.19215270516482,831252,71.59585781447744,2017,48.0,122.0,0.39344262295081966,20.0,52.0,0.38461538461538464,-0.10655737704918034,0.0,-0.11538461538461536,0.0,0.40920833333333334,0,,0.0,0.0,2018,0.0
Montana,2018-09-01,280737.0,2018,203181.33333333334,138.17066528421245,210360,133.45550484883057,2017,41.0,100.0,0.41,18.0,50.0,0.36,-0.09000000000000002,0.0,-0.14,1.0,0.37725,1,2016-01-01,1.0,0.0,2018,0.0
New Jersey,2018-09-01,1765952.0,2018,1218916.0,144.87889239291306,1255020,140.71106436550812,2017,52.0,80.0,0.65,24.0,40.0,0.6,0.15000000000000002,1.0,0.09999999999999998,0.0,0.5605416666666667,1,2014-01-01,1.0,0.0,2018,0.0
North Dakota,2018-09-01,92922.0,2018,120050.66666666667,77.40231902085786,122160,76.06581532416503,2017,13.0,94.0,0.13829787234042554,9.0,47.0,0.19148936170212766,-0.36170212765957444,0.0,-0.30851063829787234,0.0,0.291625,1,2014-01-01,1.0,0.0,2018,0.0
Ohio,2018-09-01,2712441.0,2018,2226555.6666666665,121.82228545225384,2296371,118.11858798077488,2017,33.0,99.0,0.3333333333333333,9.0,33.0,0.2727272727272727,-0.16666666666666669,0.0,-0.2272727272727273,0.0,0.44425000000000003,1,2014-01-01,1.0,0.0,2018,0.0
Oklahoma,2018-09-01,735297.0,2018,872917.0,84.2344690274104,885167,83.06873166306471,2017,26.0,101.0,0.25742574257425743,6.0,48.0,0.125,-0.24257425742574257,0.0,-0.375,0.0,0.30641666666666667,1,2021-07-01,0.0,0.0,2018,0.0
Oregon,2018-09-01,972150.0,2018,739255.0,131.50401417643437,797451,121.90717674189386,2017,35.0,60.0,0.5833333333333334,17.0,30.0,0.5666666666666667,0.08333333333333337,1.0,0.06666666666666665,1.0,0.5297916666666667,1,2014-01-01,1.0,0.0,2018,0.0
Pennsylvania,2018-09-01,3016323.0,2018,2200488.0,137.0751851407506,2259652,133.4861739772319,2017,80.0,203.0,0.39408866995073893,16.0,50.0,0.32,-0.10591133004926107,0.0,-0.18,1.0,0.4874583333333333,1,2015-01-01,1.0,0.0,2018,0.0
Rhode Island,2018-09-01,310961.0,2018,169614.66666666666,183.3337918890662,188712,164.7807240663021,2017,64.0,75.0,0.8533333333333334,33.0,38.0,0.868421052631579,0.3533333333333334,1.0,0.368421052631579,1.0,0.5669166666666666,1,2014-01-01,1.0,0.0,2018,0.0
South Carolina,2018-09-01,1039508.0,2018,1077814.0,96.44595449678701,1124024,92.48094346739927,2017,44.0,124.0,0.3548387096774194,18.0,46.0,0.391304347826087,-0.14516129032258063,0.0,-0.10869565217391303,0.0,0.41683333333333333,0,,0.0,0.0,2018,1.0
South Dakota,2018-09-01,111336.0,2018,158205.66666666666,70.37421752697438,166237,66.97425964135542,2017,10.0,70.0,0.14285714285714285,6.0,35.0,0.17142857142857143,-0.35714285714285715,0.0,-0.32857142857142857,0.0,0.3363333333333333,1,2023-07-01,0.0,0.0,2018,0.0
Tennessee,2018-09-01,1388863.0,2018,1428784.6666666667,97.20590039926707,1514870,91.68199251420914,2017,25.0,99.0,0.25252525252525254,5.0,33.0,0.15151515151515152,-0.24747474747474746,0.0,-0.3484848484848485,0.0,0.35783333333333334,0,,0.0,0.0,2018,0.0
Texas,2018-09-01,4354009.0,2018,6045603.666666667,72.01942502460878,6299251,69.11947150542184,2017,56.0,150.0,0.37333333333333335,11.0,31.0,0.3548387096774194,-0.12666666666666665,0.0,-0.14516129032258063,0.0,0.44758333333333333,0,,0.0,0.0,2018,0.0
Utah,2018-09-01,294766.0,2018,448535.3333333333,65.7174536974419,456764,64.53354467514953,2017,13.0,75.0,0.17333333333333334,5.0,29.0,0.1724137931034483,-0.32666666666666666,0.0,-0.3275862068965517,0.0,0.3202916666666667,1,2020-01-01,0.0,0.0,2018,0.0
Virginia,2018-09-01,1046208.0,2018,1257055.3333333333,83.22688526572418,1298806,80.5515219363015,2017,34.0,100.0,0.34,19.0,40.0,0.475,-0.15999999999999998,0.0,-0.025000000000000022,1.0,0.517,1,2019-01-01,0.0,0.0,2018,0.0
West Virginia,2018-09-01,528360.0,2018,432745.3333333333,122.09490416226325,462592,114.21728002213614,2017,36.0,100.0,0.36,12.0,34.0,0.35294117647058826,-0.14,0.0,-0.14705882352941174,1.0,0.279125,1,2014-01-01,1.0,0.0,2018,0.0
Wisconsin,2018-09-01,1029055.0,2018,913549.0,112.64365677155797,951649,108.13388129446886,2017,35.0,99.0,0.35353535353535354,13.0,33.0,0.3939393939393939,-0.14646464646464646,0.0,-0.10606060606060608,0.0,0.47975,0,,0.0,0.0,2018,0.0
Wyoming,2018-09-01,59452.0,2018,88500.66666666667,67.17689508930252,93266,63.7445585744001,2017,9.0,60.0,0.15,3.0,30.0,0.1,-0.35,0.0,-0.4,0.0,0.24254166666666668,0,,0.0,0.0,2018,0.0
Alabama,2018-10-01,908735.0,2018,1123950.0,80.85190622358645,1174119,77.39718035395049,2017,32.0,105.0,0.3047619047619048,8.0,35.0,0.22857142857142856,-0.1952380952380952,0.0,-0.27142857142857146,0.0,0.35350000000000004,0,,0.0,0.0,2018,0.0
Alaska,2018-10-01,211746.0,2018,113376.25,186.7639827565297,114607,184.75834809392094,2017,17.0,40.0,0.425,6.0,20.0,0.3,-0.07500000000000001,0.0,-0.2,0.0,0.40291666666666665,1,2015-09-01,1.0,0.0,2018,0.0
Arizona,2018-10-01,1693508.0,2018,1436357.25,117.90297991673033,1492698,113.45282166921908,2017,25.0,60.0,0.4166666666666667,13.0,30.0,0.43333333333333335,-0.08333333333333331,0.0,-0.06666666666666665,0.0,0.4725625,1,2014-01-01,1.0,0.0,2018,1.0
Arkansas,2018-10-01,876235.0,2018,737924.5,118.74317765570868,761746,115.02981308730207,2017,24.0,100.0,0.24,9.0,35.0,0.2571428571428571,-0.26,0.0,-0.24285714285714288,0.0,0.34270833333333334,1,2014-01-01,1.0,0.0,2018,1.0
California,2018-10-01,11984993.0,2018,7060374.0,169.75011522052515,7534254,159.07338669495348,2017,55.0,80.0,0.6875,27.0,40.0,0.675,0.1875,1.0,0.17500000000000004,1.0,0.625625,1,2014-01-01,1.0,0.0,2018,0.0
Colorado,2018-10-01,1337106.0,2018,800653.5,167.0018303798085,820836,162.89563323246057,2017,37.0,65.0,0.5692307692307692,17.0,35.0,0.4857142857142857,0.0692307692307692,1.0,-0.01428571428571429,1.0,0.5159791666666667,1,2014-01-01,1.0,0.0,2018,0.0
Delaware,2018-10-01,232137.0,2018,155571.25,149.21587375559432,165961,139.8744283295473,2017,25.0,41.0,0.6097560975609756,11.0,21.0,0.5238095238095238,0.1097560975609756,1.0,0.023809523809523836,1.0,0.5573541666666667,1,2014-01-01,1.0,0.0,2018,0.0
Florida,2018-10-01,3728146.0,2018,4194556.25,88.88058182555068,4384883,85.02270186000402,2017,41.0,120.0,0.3416666666666667,15.0,40.0,0.375,-0.15833333333333333,0.0,-0.125,0.0,0.4789583333333333,0,,0.0,0.0,2018,0.0
Georgia,2018-10-01,1813129.0,2018,2108514.25,85.99083454143125,2209726,82.05220918792647,2017,62.0,180.0,0.34444444444444444,18.0,56.0,0.32142857142857145,-0.15555555555555556,0.0,-0.17857142857142855,0.0,0.4746458333333333,0,,0.0,0.0,2018,0.0
Hawaii,2018-10-01,332940.0,2018,181743.5,183.19224621513285,185180,179.7926341937574,2017,45.0,51.0,0.8823529411764706,25.0,25.0,1.0,0.38235294117647056,1.0,0.5,1.0,0.629625,1,2014-01-01,1.0,0.0,2018,0.0
Idaho,2018-10-01,278870.0,2018,326057.0,85.5279905047277,341618,81.63211540375507,2017,11.0,70.0,0.15714285714285714,6.0,35.0,0.17142857142857143,-0.34285714285714286,0.0,-0.32857142857142857,0.0,0.301875,1,2020-01-01,0.0,0.0,2018,0.0
Illinois,2018-10-01,3045999.0,2018,2140643.75,142.29359742834367,2253479,135.16873243549196,2017,67.0,118.0,0.5677966101694916,37.0,59.0,0.6271186440677966,0.06779661016949157,1.0,0.1271186440677966,0.0,0.5650208333333333,1,2014-01-01,1.0,0.0,2018,0.0
Indiana,2018-10-01,1342946.0,2018,1232057.75,109.00024775624357,1293314,103.8375831391294,2017,30.0,100.0,0.3,9.0,50.0,0.18,-0.2,0.0,-0.32,0.0,0.39385416666666667,1,2015-02-01,1.0,0.0,2018,1.0
Kansas,2018-10-01,390123.0,2018,503081.75,77.54664127649234,526814,74.05327117350716,2017,40.0,125.0,0.32,9.0,40.0,0.225,-0.18,0.0,-0.275,0.0,0.38635416666666667,0,,0.0,0.0,2018,0.0
Maine,2018-10-01,231660.0,2018,221611.5,104.53428635246817,231999,99.85387868051156,2017,77.0,151.0,0.5099337748344371,17.0,35.0,0.4857142857142857,0.009933774834437137,1.0,-0.01428571428571429,0.0,0.502875,1,2019-01-01,0.0,0.0,2018,0.0
Maryland,2018-10-01,1311435.0,2018,784328.75,167.20475948382614,793697,165.2311902401042,2017,90.0,141.0,0.6382978723404256,33.0,47.0,0.7021276595744681,0.13829787234042556,1.0,0.2021276595744681,0.0,0.625875,1,2014-01-01,1.0,0.0,2018,0.0
Massachusetts,2018-10-01,1627353.0,2018,924985.0,175.93290702011384,972871,167.27325616654213,2017,125.0,160.0,0.78125,34.0,40.0,0.85,0.28125,1.0,0.35,0.0,0.6268333333333334,1,2014-01-01,1.0,0.0,2018,0.0
Michigan,2018-10-01,2346180.0,2018,1899171.0,123.5370590641917,1999842,117.31826814318332,2017,47.0,110.0,0.42727272727272725,11.0,38.0,0.2894736842105263,-0.07272727272727275,0.0,-0.21052631578947367,0.0,0.4887708333333333,1,2014-04-01,1.0,0.0,2018,1.0
Mississippi,2018-10-01,591122.0,2018,823527.75,71.77924484026191,831252,71.11224995548882,2017,48.0,122.0,0.39344262295081966,20.0,52.0,0.38461538461538464,-0.10655737704918034,0.0,-0.11538461538461536,0.0,0.4093541666666667,0,,0.0,0.0,2018,0.0
Montana,2018-10-01,279846.0,2018,202284.0,138.34312155187754,210360,133.03194523673702,2017,41.0,100.0,0.41,18.0,50.0,0.36,-0.09000000000000002,0.0,-0.14,1.0,0.378125,1,2016-01-01,1.0,0.0,2018,0.0
New Jersey,2018-10-01,1753711.0,2018,1214403.0,144.40931058306015,1255020,139.7357014230849,2017,52.0,80.0,0.65,24.0,40.0,0.6,0.15000000000000002,1.0,0.09999999999999998,0.0,0.5610208333333333,1,2014-01-01,1.0,0.0,2018,0.0
North Dakota,2018-10-01,92526.0,2018,119787.0,77.24210473590624,122160,75.74165029469549,2017,13.0,94.0,0.13829787234042554,9.0,47.0,0.19148936170212766,-0.36170212765957444,0.0,-0.30851063829787234,0.0,0.2925625,1,2014-01-01,1.0,0.0,2018,0.0
Ohio,2018-10-01,2700034.0,2018,2217828.75,121.74222198174678,2296371,117.57830071882984,2017,33.0,99.0,0.3333333333333333,9.0,33.0,0.2727272727272727,-0.16666666666666669,0.0,-0.2272727272727273,0.0,0.444625,1,2014-01-01,1.0,0.0,2018,0.0
Oklahoma,2018-10-01,737360.0,2018,871385.75,84.61924010118366,885167,83.30179502850874,2017,26.0,101.0,0.25742574257425743,6.0,48.0,0.125,-0.24257425742574257,0.0,-0.375,0.0,0.3072083333333333,1,2021-07-01,0.0,0.0,2018,0.0
Oregon,2018-10-01,976814.0,2018,731980.5,133.44809048874936,797451,122.4920402632889,2017,35.0,60.0,0.5833333333333334,17.0,30.0,0.5666666666666667,0.08333333333333337,1.0,0.06666666666666665,1.0,0.5311458333333333,1,2014-01-01,1.0,0.0,2018,0.0
Pennsylvania,2018-10-01,3014811.0,2018,2193092.5,137.4684834315014,2259652,133.41926101895336,2017,80.0,203.0,0.39408866995073893,16.0,50.0,0.32,-0.10591133004926107,0.0,-0.18,1.0,0.48797916666666663,1,2015-01-01,1.0,0.0,2018,0.0
Rhode Island,2018-10-01,311844.0,2018,167227.5,186.47889850652555,188712,165.24863283733944,2017,64.0,75.0,0.8533333333333334,33.0,38.0,0.868421052631579,0.3533333333333334,1.0,0.368421052631579,1.0,0.5679583333333333,1,2014-01-01,1.0,0.0,2018,0.0
South Carolina,2018-10-01,1043092.0,2018,1072037.75,97.29993183542277,1124024,92.79979786908464,2017,44.0,124.0,0.3548387096774194,18.0,46.0,0.391304347826087,-0.14516129032258063,0.0,-0.10869565217391303,0.0,0.41741666666666666,0,,0.0,0.0,2018,1.0
South Dakota,2018-10-01,111179.0,2018,157201.75,70.72376738808569,166237,66.87981616607614,2017,10.0,70.0,0.14285714285714285,6.0,35.0,0.17142857142857143,-0.35714285714285715,0.0,-0.32857142857142857,0.0,0.33716666666666667,1,2023-07-01,0.0,0.0,2018,0.0
Tennessee,2018-10-01,1393623.0,2018,1418024.0,98.27922517531438,1514870,91.99621089598448,2017,25.0,99.0,0.25252525252525254,5.0,33.0,0.15151515151515152,-0.24747474747474746,0.0,-0.3484848484848485,0.0,0.35841666666666666,0,,0.0,0.0,2018,0.0
Texas,2018-10-01,4351367.0,2018,6013897.75,72.35518761522009,6299251,69.07753001110767,2017,56.0,150.0,0.37333333333333335,11.0,31.0,0.3548387096774194,-0.12666666666666665,0.0,-0.14516129032258063,0.0,0.4482916666666667,0,,0.0,0.0,2018,0.0
Utah,2018-10-01,293642.0,2018,447506.75,65.61733426367311,456764,64.28746573722974,2017,13.0,75.0,0.17333333333333334,5.0,29.0,0.1724137931034483,-0.32666666666666666,0.0,-0.3275862068965517,0.0,0.3223958333333333,1,2020-01-01,0.0,0.0,2018,0.0
Virginia,2018-10-01,1048180.0,2018,1251836.5,83.73138185378043,1298806,80.70335369562505,2017,34.0,100.0,0.34,19.0,40.0,0.475,-0.15999999999999998,0.0,-0.025000000000000022,1.0,0.518,1,2019-01-01,0.0,0.0,2018,0.0
West Virginia,2018-10-01,526393.0,2018,429014.5,122.69818386091846,462592,113.7920673076923,2017,36.0,100.0,0.36,12.0,34.0,0.35294117647058826,-0.14,0.0,-0.14705882352941174,1.0,0.2798125,1,2014-01-01,1.0,0.0,2018,0.0
Wisconsin,2018-10-01,1027307.0,2018,908786.5,113.0416219871224,951649,107.95020012630707,2017,35.0,99.0,0.35353535353535354,13.0,33.0,0.3939393939393939,-0.14646464646464646,0.0,-0.10606060606060608,0.0,0.480375,0,,0.0,0.0,2018,0.0
Wyoming,2018-10-01,59267.0,2018,87905.0,67.42164837039986,93266,63.54620118799992,2017,9.0,60.0,0.15,3.0,30.0,0.1,-0.35,0.0,-0.4,0.0,0.24352083333333335,0,,0.0,0.0,2018,0.0
Alabama,2018-11-01,907124.0,2018,1118375.6666666667,81.11084915712578,1174119,77.25997109321968,2019,28.0,105.0,0.26666666666666666,8.0,35.0,0.22857142857142856,-0.23333333333333334,0.0,-0.27142857142857146,0.0,0.354,0,,0.0,0.0,2018,0.0
Arkansas,2018-11-01,853151.0,2018,735277.6666666666,116.03113200319335,761746,111.99940662635576,2019,24.0,100.0,0.24,9.0,35.0,0.2571428571428571,-0.26,0.0,-0.24285714285714288,0.0,0.34299999999999997,1,2014-01-01,1.0,0.0,2018,1.0
California,2018-11-01,11954943.0,2018,7007720.666666667,170.59673991952303,7534254,158.6745416334517,2019,61.0,80.0,0.7625,28.0,40.0,0.7,0.26249999999999996,1.0,0.19999999999999996,1.0,0.626,1,2014-01-01,1.0,0.0,2018,0.0
Connecticut,2018-11-01,852186.0,2018,515898.3333333333,165.18487169629677,530145,160.74583368701016,2019,89.0,151.0,0.5894039735099338,22.0,36.0,0.6111111111111112,0.08940397350993379,1.0,0.11111111111111116,1.0,0.5695,1,2014-01-01,1.0,0.0,2018,0.0
Delaware,2018-11-01,232123.0,2018,154416.83333333334,150.32234179995487,165961,139.86599261272227,2019,26.0,41.0,0.6341463414634146,12.0,21.0,0.5714285714285714,0.13414634146341464,1.0,0.0714285714285714,1.0,0.5585,1,2014-01-01,1.0,0.0,2018,0.0
Florida,2018-11-01,3709647.0,2018,4173408.8333333335,88.88769703966616,4384883,84.60082059202036,2019,46.0,120.0,0.38333333333333336,17.0,40.0,0.425,-0.11666666666666664,0.0,-0.07500000000000001,0.0,0.479,0,,0.0,0.0,2018,0.0
Georgia,2018-11-01,1813852.0,2018,2097268.5,86.4863988564173,2209726,82.08492817661556,2019,75.0,180.0,0.4166666666666667,21.0,56.0,0.375,-0.08333333333333331,0.0,-0.125,0.0,0.47550000000000003,0,,0.0,0.0,2018,0.0
Hawaii,2018-11-01,331712.0,2018,181361.66666666666,182.90083350947003,185180,179.12949562587752,2019,46.0,51.0,0.9019607843137255,24.0,25.0,0.96,0.4019607843137255,1.0,0.45999999999999996,1.0,0.63,1,2014-01-01,1.0,0.0,2018,0.0
Idaho,2018-11-01,280331.0,2018,324328.0,86.43441207666314,341618,82.05978607684607,2019,14.0,70.0,0.2,7.0,35.0,0.2,-0.3,0.0,-0.3,0.0,0.30300000000000005,1,2020-01-01,0.0,0.0,2018,0.0
Indiana,2018-11-01,1341452.0,2018,1225251.5,109.48380801819056,1293314,103.72206594840851,2019,33.0,100.0,0.33,10.0,50.0,0.2,-0.16999999999999998,0.0,-0.3,0.0,0.39449999999999996,1,2015-02-01,1.0,0.0,2018,1.0
Maryland,2018-11-01,1313879.0,2018,783287.8333333334,167.73897717888718,793697,165.53911631264828,2019,99.0,141.0,0.7021276595744681,32.0,47.0,0.6808510638297872,0.2021276595744681,1.0,0.18085106382978722,0.0,0.627,1,2014-01-01,1.0,0.0,2018,0.0
Massachusetts,2018-11-01,1616486.0,2018,919664.3333333334,175.76913025875746,972871,166.15625298729225,2019,127.0,160.0,0.79375,34.0,40.0,0.85,0.29374999999999996,1.0,0.35,0.0,0.628,1,2014-01-01,1.0,0.0,2018,0.0
Minnesota,2018-11-01,1070989.0,2018,770289.5,139.03720614132737,814317,131.51991177882815,2019,75.0,134.0,0.5597014925373134,32.0,67.0,0.47761194029850745,0.05970149253731338,1.0,-0.022388059701492546,1.0,0.49450000000000005,1,2014-01-01,1.0,0.0,2018,0.0
Mississippi,2018-11-01,591742.0,2018,822669.5,71.92949294947728,831252,71.18683624219851,2019,46.0,122.0,0.3770491803278688,19.0,52.0,0.36538461538461536,-0.12295081967213117,0.0,-0.13461538461538464,0.0,0.4095,0,,0.0,0.0,2018,0.0
Montana,2018-11-01,279041.0,2018,201386.66666666666,138.5598185911017,210360,132.64926792165812,2019,42.0,100.0,0.42,20.0,50.0,0.4,-0.08000000000000002,0.0,-0.09999999999999998,1.0,0.379,1,2016-01-01,1.0,0.0,2018,0.0
North Dakota,2018-11-01,91378.0,2018,119523.33333333333,76.45201773712246,122160,74.8018991486575,2019,15.0,94.0,0.1595744680851064,10.0,47.0,0.2127659574468085,-0.3404255319148936,0.0,-0.2872340425531915,0.0,0.2935,1,2014-01-01,1.0,0.0,2018,0.0
Ohio,2018-11-01,2678997.0,2018,2209101.8333333335,121.27086943554963,2296371,116.66220310219909,2019,38.0,99.0,0.3838383838383838,9.0,33.0,0.2727272727272727,-0.11616161616161619,0.0,-0.2272727272727273,0.0,0.445,1,2014-01-01,1.0,0.0,2018,0.0
Oklahoma,2018-11-01,732400.0,2018,869854.5,84.19798943386509,885167,82.74144878875963,2019,24.0,101.0,0.2376237623762376,9.0,48.0,0.1875,-0.2623762376237624,0.0,-0.3125,0.0,0.308,1,2021-07-01,0.0,0.0,2018,0.0
Oregon,2018-11-01,977643.0,2018,724706.0,134.9020154379845,797451,122.59599649382847,2019,38.0,60.0,0.6333333333333333,18.0,30.0,0.6,0.1333333333333333,1.0,0.09999999999999998,1.0,0.5325,1,2014-01-01,1.0,0.0,2018,0.0
Pennsylvania,2018-11-01,3012915.0,2018,2185697.0,137.8468744752818,2259652,133.335354293493,2019,92.0,203.0,0.45320197044334976,21.0,50.0,0.42,-0.046798029556650245,0.0,-0.08000000000000002,1.0,0.4885,1,2015-01-01,1.0,0.0,2018,0.0
Rhode Island,2018-11-01,309688.0,2018,164840.33333333334,187.87149585154117,188712,164.10615117215653,2019,66.0,75.0,0.88,33.0,38.0,0.868421052631579,0.38,1.0,0.368421052631579,1.0,0.569,1,2014-01-01,1.0,0.0,2018,0.0
South Carolina,2018-11-01,1043301.0,2018,1066261.5,97.84663518283273,1124024,92.8183917781115,2019,44.0,124.0,0.3548387096774194,19.0,46.0,0.41304347826086957,-0.14516129032258063,0.0,-0.08695652173913043,0.0,0.41800000000000004,0,,0.0,0.0,2018,1.0
South Dakota,2018-11-01,110803.0,2018,156197.83333333334,70.93760370128906,166237,66.65363306604426,2019,11.0,70.0,0.15714285714285714,5.0,35.0,0.14285714285714285,-0.34285714285714286,0.0,-0.35714285714285715,0.0,0.33799999999999997,1,2023-07-01,0.0,0.0,2018,0.0
Tennessee,2018-11-01,1388072.0,2018,1407263.3333333333,98.63626565982676,1514870,91.62977681253177,2019,26.0,99.0,0.26262626262626265,5.0,33.0,0.15151515151515152,-0.23737373737373735,0.0,-0.3484848484848485,0.0,0.359,0,,0.0,0.0,2018,0.0
Texas,2018-11-01,4324332.0,2018,5982191.833333333,72.28674907923242,6299251,68.6483520024841,2019,67.0,150.0,0.44666666666666666,12.0,31.0,0.3870967741935484,-0.053333333333333344,0.0,-0.11290322580645162,0.0,0.449,0,,0.0,0.0,2018,0.0
Utah,2018-11-01,291759.0,2018,446478.1666666667,65.34675641100777,456764,63.87521783678224,2019,16.0,75.0,0.21333333333333335,6.0,29.0,0.20689655172413793,-0.2866666666666666,0.0,-0.2931034482758621,0.0,0.3245,1,2020-01-01,0.0,0.0,2018,0.0
Virginia,2018-11-01,1049654.0,2018,1246617.6666666667,84.20015439109505,1298806,80.81684254615394,2019,49.0,100.0,0.49,19.0,40.0,0.475,-0.010000000000000009,0.0,-0.025000000000000022,1.0,0.519,1,2019-01-01,0.0,0.0,2018,0.0
Wyoming,2018-11-01,58796.0,2018,87309.33333333333,67.34217036742922,93266,63.04119400424592,2019,9.0,60.0,0.15,3.0,30.0,0.1,-0.35,0.0,-0.4,0.0,0.2445,0,,0.0,0.0,2018,0.0
Alabama,2018-12-01,904487.0,2018,1112801.3333333333,81.28018658017425,1174119,77.03537716364355,2019,28.0,105.0,0.26666666666666666,8.0,35.0,0.22857142857142856,-0.23333333333333334,0.0,-0.27142857142857146,0.0,0.3545,0,,0.0,0.0,2018,0.0
Arkansas,2018-12-01,853527.0,2018,732630.8333333334,116.50164873850746,761746,112.04876691180526,2019,24.0,100.0,0.24,9.0,35.0,0.2571428571428571,-0.26,0.0,-0.24285714285714288,0.0,0.34329166666666666,1,2014-01-01,1.0,0.0,2018,1.0
California,2018-12-01,11927676.0,2018,6955067.333333333,171.4961973528941,7534254,158.31263453554925,2019,61.0,80.0,0.7625,28.0,40.0,0.7,0.26249999999999996,1.0,0.19999999999999996,1.0,0.626375,1,2014-01-01,1.0,0.0,2018,0.0
Connecticut,2018-12-01,855943.0,2018,514473.6666666667,166.37255810307104,530145,161.45450772901754,2019,89.0,151.0,0.5894039735099338,22.0,36.0,0.6111111111111112,0.08940397350993379,1.0,0.11111111111111116,1.0,0.5705208333333334,1,2014-01-01,1.0,0.0,2018,0.0
Delaware,2018-12-01,232712.0,2018,153262.41666666666,151.83892115320728,165961,140.22089527057562,2019,26.0,41.0,0.6341463414634146,12.0,21.0,0.5714285714285714,0.13414634146341464,1.0,0.0714285714285714,1.0,0.5596458333333333,1,2014-01-01,1.0,0.0,2018,0.0
Florida,2018-12-01,3703423.0,2018,4152261.4166666665,89.19050677144064,4384883,84.45887837828285,2019,46.0,120.0,0.38333333333333336,17.0,40.0,0.425,-0.11666666666666664,0.0,-0.07500000000000001,0.0,0.47904166666666664,0,,0.0,0.0,2018,0.0
Georgia,2018-12-01,1821852.0,2018,2086022.75,87.33615201464126,2209726,82.4469640127328,2019,75.0,180.0,0.4166666666666667,21.0,56.0,0.375,-0.08333333333333331,0.0,-0.125,0.0,0.4763541666666667,0,,0.0,0.0,2018,0.0
Hawaii,2018-12-01,331075.0,2018,180979.83333333334,182.9347468732704,185180,178.78550599416783,2019,46.0,51.0,0.9019607843137255,24.0,25.0,0.96,0.4019607843137255,1.0,0.45999999999999996,1.0,0.630375,1,2014-01-01,1.0,0.0,2018,0.0
Idaho,2018-12-01,280570.0,2018,322599.0,86.97175130735062,341618,82.12974726156116,2019,14.0,70.0,0.2,7.0,35.0,0.2,-0.3,0.0,-0.3,0.0,0.30412500000000003,1,2020-01-01,0.0,0.0,2018,0.0
Indiana,2018-12-01,1337411.0,2018,1218445.25,109.76373374183206,1293314,103.40961282410923,2019,33.0,100.0,0.33,10.0,50.0,0.2,-0.16999999999999998,0.0,-0.3,0.0,0.3951458333333333,1,2015-02-01,1.0,0.0,2018,1.0
Maryland,2018-12-01,1316115.0,2018,782246.9166666666,168.24802654490063,793697,165.82083591093325,2019,99.0,141.0,0.7021276595744681,32.0,47.0,0.6808510638297872,0.2021276595744681,1.0,0.18085106382978722,0.0,0.628125,1,2014-01-01,1.0,0.0,2018,0.0
Massachusetts,2018-12-01,1615849.0,2018,914343.6666666666,176.72228275947302,972871,166.0907766805671,2019,127.0,160.0,0.79375,34.0,40.0,0.85,0.29374999999999996,1.0,0.35,0.0,0.6291666666666667,1,2014-01-01,1.0,0.0,2018,0.0
Minnesota,2018-12-01,1069346.0,2018,765886.75,139.62194802299425,814317,131.31814760099567,2019,75.0,134.0,0.5597014925373134,32.0,67.0,0.47761194029850745,0.05970149253731338,1.0,-0.022388059701492546,1.0,0.49572916666666667,1,2014-01-01,1.0,0.0,2018,0.0
Mississippi,2018-12-01,591410.0,2018,821811.25,71.96421319372301,831252,71.1468964886701,2019,46.0,122.0,0.3770491803278688,19.0,52.0,0.36538461538461536,-0.12295081967213117,0.0,-0.13461538461538464,0.0,0.4096458333333333,0,,0.0,0.0,2018,0.0
Montana,2018-12-01,279675.0,2018,200489.33333333334,139.49619929904833,210360,132.95065601825442,2019,42.0,100.0,0.42,20.0,50.0,0.4,-0.08000000000000002,0.0,-0.09999999999999998,1.0,0.379875,1,2016-01-01,1.0,0.0,2018,0.0
North Dakota,2018-12-01,91072.0,2018,119259.66666666667,76.36445962451681,122160,74.55140798952193,2019,15.0,94.0,0.1595744680851064,10.0,47.0,0.2127659574468085,-0.3404255319148936,0.0,-0.2872340425531915,0.0,0.2944375,1,2014-01-01,1.0,0.0,2018,0.0
Ohio,2018-12-01,2650773.0,2018,2200374.9166666665,120.46915186688452,2296371,115.43313340919215,2019,38.0,99.0,0.3838383838383838,9.0,33.0,0.2727272727272727,-0.11616161616161619,0.0,-0.2272727272727273,0.0,0.445375,1,2014-01-01,1.0,0.0,2018,0.0
Oklahoma,2018-12-01,728153.0,2018,868323.25,83.85736533025,885167,82.26165232097446,2019,24.0,101.0,0.2376237623762376,9.0,48.0,0.1875,-0.2623762376237624,0.0,-0.3125,0.0,0.3087916666666667,1,2021-07-01,0.0,0.0,2018,0.0
Oregon,2018-12-01,979447.0,2018,717431.5,136.521326426286,797451,122.82221728983976,2019,38.0,60.0,0.6333333333333333,18.0,30.0,0.6,0.1333333333333333,1.0,0.09999999999999998,1.0,0.5338541666666666,1,2014-01-01,1.0,0.0,2018,0.0
Pennsylvania,2018-12-01,3011424.0,2018,2178301.5,138.24642731963414,2259652,133.2693706818572,2019,92.0,203.0,0.45320197044334976,21.0,50.0,0.42,-0.046798029556650245,0.0,-0.08000000000000002,1.0,0.48902083333333335,1,2015-01-01,1.0,0.0,2018,0.0
Rhode Island,2018-12-01,311254.0,2018,162453.16666666666,191.59614206761128,188712,164.93598711263724,2019,66.0,75.0,0.88,33.0,38.0,0.868421052631579,0.38,1.0,0.368421052631579,1.0,0.5700416666666667,1,2014-01-01,1.0,0.0,2018,0.0
South Carolina,2018-12-01,1044270.0,2018,1060485.25,98.47095940278282,1124024,92.90459990178147,2019,44.0,124.0,0.3548387096774194,19.0,46.0,0.41304347826086957,-0.14516129032258063,0.0,-0.08695652173913043,0.0,0.41858333333333336,0,,0.0,0.0,2018,1.0
South Dakota,2018-12-01,110749.0,2018,155193.91666666666,71.3616888978144,166237,66.62114932295458,2019,11.0,70.0,0.15714285714285714,5.0,35.0,0.14285714285714285,-0.34285714285714286,0.0,-0.35714285714285715,0.0,0.3388333333333333,1,2023-07-01,0.0,0.0,2018,0.0
Tennessee,2018-12-01,1396575.0,2018,1396502.6666666667,100.00517960581527,1514870,92.19107910249724,2019,26.0,99.0,0.26262626262626265,5.0,33.0,0.15151515151515152,-0.23737373737373735,0.0,-0.3484848484848485,0.0,0.3595833333333333,0,,0.0,0.0,2018,0.0
Texas,2018-12-01,4308644.0,2018,5950485.916666667,72.40827153177449,6299251,68.39930652072762,2019,67.0,150.0,0.44666666666666666,12.0,31.0,0.3870967741935484,-0.053333333333333344,0.0,-0.11290322580645162,0.0,0.4497083333333333,0,,0.0,0.0,2018,0.0
Utah,2018-12-01,288403.0,2018,445449.5833333333,64.74425182797529,456764,63.14048392605371,2019,16.0,75.0,0.21333333333333335,6.0,29.0,0.20689655172413793,-0.2866666666666666,0.0,-0.2931034482758621,0.0,0.3266041666666667,1,2020-01-01,0.0,0.0,2018,0.0
Virginia,2018-12-01,1053309.0,2018,1241398.8333333333,84.84855726597671,1298806,81.0982548586933,2019,49.0,100.0,0.49,19.0,40.0,0.475,-0.010000000000000009,0.0,-0.025000000000000022,1.0,0.52,1,2019-01-01,0.0,0.0,2018,0.0
Wyoming,2018-12-01,58118.0,2018,86713.66666666667,67.02288374381585,93266,62.31424098814144,2019,9.0,60.0,0.15,3.0,30.0,0.1,-0.35,0.0,-0.4,0.0,0.2454791666666667,0,,0.0,0.0,2018,0.0
Alabama,2019-01-01,908319.0,2019,1107227.0,82.03548143244339,1174119,77.36174953305415,2019,28.0,105.0,0.26666666666666666,8.0,35.0,0.22857142857142856,-0.23333333333333334,0.0,-0.27142857142857146,0.0,0.355,0,,0.0,0.0,2019,0.0
Arkansas,2019-01-01,850344.0,2019,729984.0,116.48803261441347,761746,111.63091109109861,2019,24.0,100.0,0.24,9.0,35.0,0.2571428571428571,-0.26,0.0,-0.24285714285714288,0.0,0.34358333333333335,1,2014-01-01,1.0,0.0,2019,1.0
California,2019-01-01,11914394.0,2019,6902414.0,172.61198763215305,7534254,158.13634634563687,2019,61.0,80.0,0.7625,28.0,40.0,0.7,0.26249999999999996,1.0,0.19999999999999996,1.0,0.62675,1,2014-01-01,1.0,0.0,2019,0.0
Connecticut,2019-01-01,861977.0,2019,513049.0,168.0106578513943,530145,162.5926869064124,2019,89.0,151.0,0.5894039735099338,22.0,36.0,0.6111111111111112,0.08940397350993379,1.0,0.11111111111111116,1.0,0.5715416666666666,1,2014-01-01,1.0,0.0,2019,0.0
Delaware,2019-01-01,232614.0,2019,152108.0,152.92686775186053,165961,140.16184525280036,2019,26.0,41.0,0.6341463414634146,12.0,21.0,0.5714285714285714,0.13414634146341464,1.0,0.0714285714285714,1.0,0.5607916666666667,1,2014-01-01,1.0,0.0,2019,0.0
Florida,2019-01-01,3679990.0,2019,4131114.0,89.0798462593867,4384883,83.92447415358632,2019,46.0,120.0,0.38333333333333336,17.0,40.0,0.425,-0.11666666666666664,0.0,-0.07500000000000001,0.0,0.4790833333333333,0,,0.0,0.0,2019,0.0
Georgia,2019-01-01,1838259.0,2019,2074777.0,88.6003170461211,2209726,83.18945425812973,2019,75.0,180.0,0.4166666666666667,21.0,56.0,0.375,-0.08333333333333331,0.0,-0.125,0.0,0.47720833333333335,0,,0.0,0.0,2019,0.0
Hawaii,2019-01-01,330410.0,2019,180598.0,182.95329959357247,185180,178.4263959390863,2019,46.0,51.0,0.9019607843137255,24.0,25.0,0.96,0.4019607843137255,1.0,0.45999999999999996,1.0,0.63075,1,2014-01-01,1.0,0.0,2019,0.0
Idaho,2019-01-01,267944.0,2019,320870.0,83.50546950478387,341618,78.43380618117313,2019,14.0,70.0,0.2,7.0,35.0,0.2,-0.3,0.0,-0.3,0.0,0.30525,1,2020-01-01,0.0,0.0,2019,0.0
Indiana,2019-01-01,1339542.0,2019,1211639.0,110.55619701907911,1293314,103.57438332841058,2019,33.0,100.0,0.33,10.0,50.0,0.2,-0.16999999999999998,0.0,-0.3,0.0,0.39579166666666665,1,2015-02-01,1.0,0.0,2019,1.0
Maryland,2019-01-01,1327948.0,2019,781206.0,169.9869176632028,793697,167.3117071124119,2019,99.0,141.0,0.7021276595744681,32.0,47.0,0.6808510638297872,0.2021276595744681,1.0,0.18085106382978722,0.0,0.62925,1,2014-01-01,1.0,0.0,2019,0.0
Massachusetts,2019-01-01,1581392.0,2019,909023.0,173.9661152688106,972871,162.54899159292444,2019,127.0,160.0,0.79375,34.0,40.0,0.85,0.29374999999999996,1.0,0.35,0.0,0.6303333333333333,1,2014-01-01,1.0,0.0,2019,0.0
Minnesota,2019-01-01,1057747.0,2019,761484.0,138.90600459103538,814317,129.8937637308321,2019,75.0,134.0,0.5597014925373134,32.0,67.0,0.47761194029850745,0.05970149253731338,1.0,-0.022388059701492546,1.0,0.49695833333333334,1,2014-01-01,1.0,0.0,2019,0.0
Mississippi,2019-01-01,592471.0,2019,820953.0,72.16868687976047,831252,71.27453527931361,2019,46.0,122.0,0.3770491803278688,19.0,52.0,0.36538461538461536,-0.12295081967213117,0.0,-0.13461538461538464,0.0,0.40979166666666667,0,,0.0,0.0,2019,0.0
Montana,2019-01-01,280455.0,2019,199592.0,140.51414886368192,210360,133.3214489446663,2019,42.0,100.0,0.42,20.0,50.0,0.4,-0.08000000000000002,0.0,-0.09999999999999998,1.0,0.38075000000000003,1,2016-01-01,1.0,0.0,2019,0.0
North Dakota,2019-01-01,91060.0,2019,118996.0,76.5235806245588,122160,74.54158480681073,2019,15.0,94.0,0.1595744680851064,10.0,47.0,0.2127659574468085,-0.3404255319148936,0.0,-0.2872340425531915,0.0,0.295375,1,2014-01-01,1.0,0.0,2019,0.0
Ohio,2019-01-01,2650556.0,2019,2191648.0,120.93894640015186,2296371,115.423683716612,2019,38.0,99.0,0.3838383838383838,9.0,33.0,0.2727272727272727,-0.11616161616161619,0.0,-0.2272727272727273,0.0,0.44575,1,2014-01-01,1.0,0.0,2019,1.0
Oklahoma,2019-01-01,730160.0,2019,866792.0,84.23704879602026,885167,82.48838919661488,2019,24.0,101.0,0.2376237623762376,9.0,48.0,0.1875,-0.2623762376237624,0.0,-0.3125,0.0,0.3095833333333333,1,2021-07-01,0.0,0.0,2019,0.0
Oregon,2019-01-01,983156.0,2019,710157.0,138.44206281146282,797451,123.28732423684967,2019,38.0,60.0,0.6333333333333333,18.0,30.0,0.6,0.1333333333333333,1.0,0.09999999999999998,1.0,0.5352083333333333,1,2014-01-01,1.0,0.0,2019,0.0
Pennsylvania,2019-01-01,3016820.0,2019,2170906.0,138.965943251343,2259652,133.50816851444384,2019,92.0,203.0,0.45320197044334976,21.0,50.0,0.42,-0.046798029556650245,0.0,-0.08000000000000002,1.0,0.48954166666666665,1,2015-01-01,1.0,0.0,2019,0.0
Rhode Island,2019-01-01,309557.0,2019,160066.0,193.39335024302474,188712,164.03673322311246,2019,66.0,75.0,0.88,33.0,38.0,0.868421052631579,0.38,1.0,0.368421052631579,1.0,0.5710833333333334,1,2014-01-01,1.0,0.0,2019,0.0
South Carolina,2019-01-01,1048346.0,2019,1054709.0,99.39670563160075,1124024,93.26722561084105,2019,44.0,124.0,0.3548387096774194,19.0,46.0,0.41304347826086957,-0.14516129032258063,0.0,-0.08695652173913043,0.0,0.4191666666666667,0,,0.0,0.0,2019,1.0
South Dakota,2019-01-01,111178.0,2019,154190.0,72.10454633893248,166237,66.87921461527819,2019,11.0,70.0,0.15714285714285714,5.0,35.0,0.14285714285714285,-0.34285714285714286,0.0,-0.35714285714285715,0.0,0.3396666666666667,1,2023-07-01,0.0,0.0,2019,0.0
Tennessee,2019-01-01,1402412.0,2019,1385742.0,101.20296563140903,1514870,92.5763926937625,2019,26.0,99.0,0.26262626262626265,5.0,33.0,0.15151515151515152,-0.23737373737373735,0.0,-0.3484848484848485,0.0,0.36016666666666663,0,,0.0,0.0,2019,0.0
Texas,2019-01-01,4297684.0,2019,5918780.0,72.61097726220606,6299251,68.2253175814077,2019,67.0,150.0,0.44666666666666666,12.0,31.0,0.3870967741935484,-0.053333333333333344,0.0,-0.11290322580645162,0.0,0.4504166666666667,0,,0.0,0.0,2019,0.0
Utah,2019-01-01,288016.0,2019,444421.0,64.80701857022957,456764,63.055757458994144,2019,16.0,75.0,0.21333333333333335,6.0,29.0,0.20689655172413793,-0.2866666666666666,0.0,-0.2931034482758621,0.0,0.3287083333333333,1,2020-01-01,0.0,0.0,2019,1.0
Virginia,2019-01-01,1237262.0,2019,1236180.0,100.08752770632108,1298806,95.26149401835224,2019,49.0,100.0,0.49,19.0,40.0,0.475,-0.010000000000000009,0.0,-0.025000000000000022,1.0,0.521,1,2019-01-01,1.0,0.0,2019,0.0
Wyoming,2019-01-01,58059.0,2019,86118.0,67.41796140179753,93266,62.250981064911116,2019,9.0,60.0,0.15,3.0,30.0,0.1,-0.35,0.0,-0.4,0.0,0.24645833333333333,0,,0.0,0.0,2019,0.0
Alabama,2019-02-01,911123.0,2019,1108953.75,82.16059506539385,1174119,77.60056689313434,2019,28.0,105.0,0.26666666666666666,8.0,35.0,0.22857142857142856,-0.23333333333333334,0.0,-0.27142857142857146,0.0,0.3555,0,,0.0,0.0,2019,0.0
Arkansas,2019-02-01,849756.0,2019,729150.75,116.54050962712444,761746,111.55372000640634,2019,24.0,100.0,0.24,9.0,35.0,0.2571428571428571,-0.26,0.0,-0.24285714285714288,0.0,0.343875,1,2014-01-01,1.0,0.0,2019,1.0
California,2019-02-01,11884268.0,2019,6938381.416666667,171.2830022784973,7534254,157.73649255785642,2019,61.0,80.0,0.7625,28.0,40.0,0.7,0.26249999999999996,1.0,0.19999999999999996,1.0,0.627125,1,2014-01-01,1.0,0.0,2019,0.0
Connecticut,2019-02-01,862725.0,2019,512032.0833333333,168.4904184877738,530145,162.73378038083922,2019,89.0,151.0,0.5894039735099338,22.0,36.0,0.6111111111111112,0.08940397350993379,1.0,0.11111111111111116,1.0,0.5725625,1,2014-01-01,1.0,0.0,2019,0.0
Delaware,2019-02-01,232772.0,2019,152412.08333333334,152.72542367321049,165961,140.2570483426829,2019,26.0,41.0,0.6341463414634146,12.0,21.0,0.5714285714285714,0.13414634146341464,1.0,0.0714285714285714,1.0,0.5619375,1,2014-01-01,1.0,0.0,2019,0.0
Florida,2019-02-01,3678155.0,2019,4144478.8333333335,88.74831186052222,4384883,83.88262583060938,2019,46.0,120.0,0.38333333333333336,17.0,40.0,0.425,-0.11666666666666664,0.0,-0.07500000000000001,0.0,0.47912499999999997,0,,0.0,0.0,2019,0.0
Georgia,2019-02-01,1835052.0,2019,2084585.8333333333,88.02957262094029,2209726,83.04432314232625,2019,75.0,180.0,0.4166666666666667,21.0,56.0,0.375,-0.08333333333333331,0.0,-0.125,0.0,0.4780625,0,,0.0,0.0,2019,0.0
Hawaii,2019-02-01,331889.0,2019,181155.58333333334,183.2066083159641,185180,179.22507830219246,2019,46.0,51.0,0.9019607843137255,24.0,25.0,0.96,0.4019607843137255,1.0,0.45999999999999996,1.0,0.631125,1,2014-01-01,1.0,0.0,2019,0.0
Idaho,2019-02-01,269916.0,2019,321561.6666666667,83.93910965755661,341618,79.01105913622818,2019,14.0,70.0,0.2,7.0,35.0,0.2,-0.3,0.0,-0.3,0.0,0.306375,1,2020-01-01,0.0,0.0,2019,0.0
Indiana,2019-02-01,1347875.0,2019,1216029.25,110.84231732090326,1293314,104.21869708361619,2019,33.0,100.0,0.33,10.0,50.0,0.2,-0.16999999999999998,0.0,-0.3,0.0,0.3964375,1,2015-02-01,1.0,0.0,2019,1.0
Maryland,2019-02-01,1315090.0,2019,781563.0833333334,168.26408872732281,793697,165.69169342960853,2019,99.0,141.0,0.7021276595744681,32.0,47.0,0.6808510638297872,0.2021276595744681,1.0,0.18085106382978722,0.0,0.630375,1,2014-01-01,1.0,0.0,2019,0.0
Massachusetts,2019-02-01,1583143.0,2019,912425.9166666666,173.50921001714204,972871,162.72897434500567,2019,127.0,160.0,0.79375,34.0,40.0,0.85,0.29374999999999996,1.0,0.35,0.0,0.6315,1,2014-01-01,1.0,0.0,2019,0.0
Minnesota,2019-02-01,1053901.0,2019,763823.5,137.97703265217683,814317,129.42146608753103,2019,75.0,134.0,0.5597014925373134,32.0,67.0,0.47761194029850745,0.05970149253731338,1.0,-0.022388059701492546,1.0,0.4981875,1,2014-01-01,1.0,0.0,2019,0.0
Mississippi,2019-02-01,592302.0,2019,820678.1666666666,72.1722624114325,831252,71.25420450116209,2019,46.0,122.0,0.3770491803278688,19.0,52.0,0.36538461538461536,-0.12295081967213117,0.0,-0.13461538461538464,0.0,0.4099375,0,,0.0,0.0,2019,0.0
Montana,2019-02-01,280624.0,2019,200201.25,140.1709529785653,210360,133.40178741205554,2019,42.0,100.0,0.42,20.0,50.0,0.4,-0.08000000000000002,0.0,-0.09999999999999998,1.0,0.381625,1,2016-01-01,1.0,0.0,2019,0.0
North Dakota,2019-02-01,90765.0,2019,118855.5,76.3658391912869,122160,74.30009823182712,2019,15.0,94.0,0.1595744680851064,10.0,47.0,0.2127659574468085,-0.3404255319148936,0.0,-0.2872340425531915,0.0,0.29631250000000003,1,2014-01-01,1.0,0.0,2019,0.0
Ohio,2019-02-01,2649262.0,2019,2196861.75,120.59302320685406,2296371,115.36733393689434,2019,38.0,99.0,0.3838383838383838,9.0,33.0,0.2727272727272727,-0.11616161616161619,0.0,-0.2272727272727273,0.0,0.446125,1,2014-01-01,1.0,0.0,2019,1.0
Oklahoma,2019-02-01,729622.0,2019,868069.75,84.0510799967399,885167,82.42760970528725,2019,24.0,101.0,0.2376237623762376,9.0,48.0,0.1875,-0.2623762376237624,0.0,-0.3125,0.0,0.310375,1,2021-07-01,0.0,0.0,2019,0.0
Oregon,2019-02-01,985423.0,2019,715099.6666666666,137.8021898113037,797451,123.57160502651574,2019,38.0,60.0,0.6333333333333333,18.0,30.0,0.6,0.1333333333333333,1.0,0.09999999999999998,1.0,0.5365624999999999,1,2014-01-01,1.0,0.0,2019,0.0
Pennsylvania,2019-02-01,3010265.0,2019,2171922.6666666665,138.59908762865714,2259652,133.2180795980974,2019,92.0,203.0,0.45320197044334976,21.0,50.0,0.42,-0.046798029556650245,0.0,-0.08000000000000002,1.0,0.4900625,1,2015-01-01,1.0,0.0,2019,0.0
Rhode Island,2019-02-01,305218.0,2019,161027.0,189.54461053115318,188712,161.73746237653143,2019,66.0,75.0,0.88,33.0,38.0,0.868421052631579,0.38,1.0,0.368421052631579,1.0,0.572125,1,2014-01-01,1.0,0.0,2019,0.0
South Carolina,2019-02-01,1050510.0,2019,1057974.3333333333,99.2944693365277,1124024,93.4597481904301,2019,44.0,124.0,0.3548387096774194,19.0,46.0,0.41304347826086957,-0.14516129032258063,0.0,-0.08695652173913043,0.0,0.41975,0,,0.0,0.0,2019,1.0
South Dakota,2019-02-01,111231.0,2019,154832.25,71.83968456184031,166237,66.91109680756992,2019,11.0,70.0,0.15714285714285714,5.0,35.0,0.14285714285714285,-0.34285714285714286,0.0,-0.35714285714285715,0.0,0.34049999999999997,1,2023-07-01,0.0,0.0,2019,0.0
Tennessee,2019-02-01,1431682.0,2019,1390823.6666666667,102.93770765572725,1514870,94.50857169262049,2019,26.0,99.0,0.26262626262626265,5.0,33.0,0.15151515151515152,-0.23737373737373735,0.0,-0.3484848484848485,0.0,0.36075,0,,0.0,0.0,2019,0.0
Texas,2019-02-01,4283333.0,2019,5930991.833333333,72.2195059505365,6299251,67.99749684525985,2019,67.0,150.0,0.44666666666666666,12.0,31.0,0.3870967741935484,-0.053333333333333344,0.0,-0.11290322580645162,0.0,0.451125,0,,0.0,0.0,2019,0.0
Utah,2019-02-01,287932.0,2019,445740.5833333333,64.5963169534148,456764,63.03736721808198,2019,16.0,75.0,0.21333333333333335,6.0,29.0,0.20689655172413793,-0.2866666666666666,0.0,-0.2931034482758621,0.0,0.3308125,1,2020-01-01,0.0,0.0,2019,1.0
Virginia,2019-02-01,1251260.0,2019,1236246.5,101.21444226535728,1298806,96.33925312941271,2019,49.0,100.0,0.49,19.0,40.0,0.475,-0.010000000000000009,0.0,-0.025000000000000022,1.0,0.522,1,2019-01-01,1.0,0.0,2019,0.0
Wyoming,2019-02-01,57594.0,2019,86536.25,66.55476751072527,93266,61.75240709368902,2019,9.0,60.0,0.15,3.0,30.0,0.1,-0.35,0.0,-0.4,0.0,0.2474375,0,,0.0,0.0,2019,0.0
Alabama,2019-03-01,910123.0,2019,1110680.5,81.94282694258159,1174119,77.51539665059504,2019,28.0,105.0,0.26666666666666666,8.0,35.0,0.22857142857142856,-0.23333333333333334,0.0,-0.27142857142857146,0.0,0.356,0,,0.0,0.0,2019,0.0
Arkansas,2019-03-01,853203.0,2019,728317.5,117.14712333563315,761746,112.00623304881154,2019,24.0,100.0,0.24,9.0,35.0,0.2571428571428571,-0.26,0.0,-0.24285714285714288,0.0,0.3441666666666667,1,2014-01-01,1.0,0.0,2019,1.0
California,2019-03-01,11874143.0,2019,6974348.833333333,170.2545038075598,7534254,157.60210632665158,2019,61.0,80.0,0.7625,28.0,40.0,0.7,0.26249999999999996,1.0,0.19999999999999996,1.0,0.6275,1,2014-01-01,1.0,0.0,2019,0.0
Connecticut,2019-03-01,867305.0,2019,511015.1666666667,169.72196846081866,530145,163.597694970244,2019,89.0,151.0,0.5894039735099338,22.0,36.0,0.6111111111111112,0.08940397350993379,1.0,0.11111111111111116,1.0,0.5735833333333333,1,2014-01-01,1.0,0.0,2019,0.0
Delaware,2019-03-01,232357.0,2019,152716.16666666666,152.14957595626746,165961,140.00698959394074,2019,26.0,41.0,0.6341463414634146,12.0,21.0,0.5714285714285714,0.13414634146341464,1.0,0.0714285714285714,1.0,0.5630833333333334,1,2014-01-01,1.0,0.0,2019,0.0
Florida,2019-03-01,3655668.0,2019,4157843.6666666665,87.92220903607809,4384883,83.36979572773093,2019,46.0,120.0,0.38333333333333336,17.0,40.0,0.425,-0.11666666666666664,0.0,-0.07500000000000001,0.0,0.47916666666666663,0,,0.0,0.0,2019,0.0
Georgia,2019-03-01,1832021.0,2019,2094394.6666666667,87.47257759760019,2209726,82.90715681491733,2019,75.0,180.0,0.4166666666666667,21.0,56.0,0.375,-0.08333333333333331,0.0,-0.125,0.0,0.47891666666666666,0,,0.0,0.0,2019,0.0
Hawaii,2019-03-01,329688.0,2019,181713.16666666666,181.43319278826797,185180,178.0365050221406,2019,46.0,51.0,0.9019607843137255,24.0,25.0,0.96,0.4019607843137255,1.0,0.45999999999999996,1.0,0.6315,1,2014-01-01,1.0,0.0,2019,0.0
Idaho,2019-03-01,271203.0,2019,322253.3333333333,84.15832264471017,341618,79.38779572504961,2019,14.0,70.0,0.2,7.0,35.0,0.2,-0.3,0.0,-0.3,0.0,0.3075,1,2020-01-01,0.0,0.0,2019,0.0
Indiana,2019-03-01,1350600.0,2019,1220419.5,110.66686495913905,1293314,104.42939610952948,2019,33.0,100.0,0.33,10.0,50.0,0.2,-0.16999999999999998,0.0,-0.3,0.0,0.39708333333333334,1,2015-02-01,1.0,0.0,2019,1.0
Maryland,2019-03-01,1318895.0,2019,781920.1666666666,168.67386930592448,793697,166.1710955188189,2019,99.0,141.0,0.7021276595744681,32.0,47.0,0.6808510638297872,0.2021276595744681,1.0,0.18085106382978722,0.0,0.6315,1,2014-01-01,1.0,0.0,2019,0.0
Massachusetts,2019-03-01,1587397.0,2019,915828.8333333334,173.3290045283207,972871,163.16623683921094,2019,127.0,160.0,0.79375,34.0,40.0,0.85,0.29374999999999996,1.0,0.35,0.0,0.6326666666666667,1,2014-01-01,1.0,0.0,2019,0.0
Minnesota,2019-03-01,1050156.0,2019,766163.0,137.0669165699727,814317,128.96157147646431,2019,75.0,134.0,0.5597014925373134,32.0,67.0,0.47761194029850745,0.05970149253731338,1.0,-0.022388059701492546,1.0,0.4994166666666667,1,2014-01-01,1.0,0.0,2019,0.0
Mississippi,2019-03-01,592117.0,2019,820403.3333333334,72.17389007845733,831252,71.23194891561162,2019,46.0,122.0,0.3770491803278688,19.0,52.0,0.36538461538461536,-0.12295081967213117,0.0,-0.13461538461538464,0.0,0.41008333333333336,0,,0.0,0.0,2019,0.0
Montana,2019-03-01,278685.0,2019,200810.5,138.7800936704007,210360,132.48003422703937,2019,42.0,100.0,0.42,20.0,50.0,0.4,-0.08000000000000002,0.0,-0.09999999999999998,1.0,0.3825,1,2016-01-01,1.0,0.0,2019,0.0
North Dakota,2019-03-01,91995.0,2019,118715.0,77.49231352398601,122160,75.30697445972496,2019,15.0,94.0,0.1595744680851064,10.0,47.0,0.2127659574468085,-0.3404255319148936,0.0,-0.2872340425531915,0.0,0.29725,1,2014-01-01,1.0,0.0,2019,0.0
Ohio,2019-03-01,2650993.0,2019,2202075.5,120.38610846903298,2296371,115.44271374268355,2019,38.0,99.0,0.3838383838383838,9.0,33.0,0.2727272727272727,-0.11616161616161619,0.0,-0.2272727272727273,0.0,0.4465,1,2014-01-01,1.0,0.0,2019,1.0
Oklahoma,2019-03-01,724011.0,2019,869347.5,83.28211675998378,885167,81.79371802157107,2019,24.0,101.0,0.2376237623762376,9.0,48.0,0.1875,-0.2623762376237624,0.0,-0.3125,0.0,0.31116666666666665,1,2021-07-01,0.0,0.0,2019,0.0
Oregon,2019-03-01,988001.0,2019,720042.3333333334,137.21429341885914,797451,123.89488507757844,2019,38.0,60.0,0.6333333333333333,18.0,30.0,0.6,0.1333333333333333,1.0,0.09999999999999998,1.0,0.5379166666666666,1,2014-01-01,1.0,0.0,2019,0.0
Pennsylvania,2019-03-01,3017489.0,2019,2172939.3333333335,138.86669331771495,2259652,133.53777484320594,2019,92.0,203.0,0.45320197044334976,21.0,50.0,0.42,-0.046798029556650245,0.0,-0.08000000000000002,1.0,0.4905833333333333,1,2015-01-01,1.0,0.0,2019,0.0
Rhode Island,2019-03-01,304979.0,2019,161988.0,188.27258809294517,188712,161.61081436262666,2019,66.0,75.0,0.88,33.0,38.0,0.868421052631579,0.38,1.0,0.368421052631579,1.0,0.5731666666666667,1,2014-01-01,1.0,0.0,2019,0.0
South Carolina,2019-03-01,1053679.0,2019,1061239.6666666667,99.28756275286858,1124024,93.74168167227745,2019,44.0,124.0,0.3548387096774194,19.0,46.0,0.41304347826086957,-0.14516129032258063,0.0,-0.08695652173913043,0.0,0.42033333333333334,0,,0.0,0.0,2019,1.0
South Dakota,2019-03-01,110982.0,2019,155474.5,71.38276694892089,166237,66.76131065887859,2019,11.0,70.0,0.15714285714285714,5.0,35.0,0.14285714285714285,-0.34285714285714286,0.0,-0.35714285714285715,0.0,0.3413333333333333,1,2023-07-01,0.0,0.0,2019,0.0
Tennessee,2019-03-01,1440284.0,2019,1395905.3333333333,103.17920317423628,1514870,95.07640919682878,2019,26.0,99.0,0.26262626262626265,5.0,33.0,0.15151515151515152,-0.23737373737373735,0.0,-0.3484848484848485,0.0,0.36133333333333334,0,,0.0,0.0,2019,0.0
Texas,2019-03-01,4278690.0,2019,5943203.666666667,71.99298963953841,6299251,67.92378966959723,2019,67.0,150.0,0.44666666666666666,12.0,31.0,0.3870967741935484,-0.053333333333333344,0.0,-0.11290322580645162,0.0,0.45183333333333336,0,,0.0,0.0,2019,0.0
Utah,2019-03-01,287706.0,2019,447060.1666666667,64.35509612613663,456764,62.98788871277071,2019,16.0,75.0,0.21333333333333335,6.0,29.0,0.20689655172413793,-0.2866666666666666,0.0,-0.2931034482758621,0.0,0.3329166666666667,1,2020-01-01,0.0,0.0,2019,1.0
Virginia,2019-03-01,1291923.0,2019,1236313.0,104.49805186874197,1298806,99.47005172442998,2019,49.0,100.0,0.49,19.0,40.0,0.475,-0.010000000000000009,0.0,-0.025000000000000022,1.0,0.523,1,2019-01-01,1.0,0.0,2019,0.0
Wyoming,2019-03-01,57835.0,2019,86954.5,66.51179639926629,93266,62.01080779705359,2019,9.0,60.0,0.15,3.0,30.0,0.1,-0.35,0.0,-0.4,0.0,0.24841666666666667,0,,0.0,0.0,2019,0.0
Alabama,2019-04-01,907273.0,2019,1112407.25,81.55942888721734,1174119,77.27266145935803,2019,28.0,105.0,0.26666666666666666,8.0,35.0,0.22857142857142856,-0.23333333333333334,0.0,-0.27142857142857146,0.0,0.3565,0,,0.0,0.0,2019,0.0
Arkansas,2019-04-01,855735.0,2019,727484.25,117.62935073852114,761746,112.33862731146603,2019,24.0,100.0,0.24,9.0,35.0,0.2571428571428571,-0.26,0.0,-0.24285714285714288,0.0,0.3444583333333333,1,2014-01-01,1.0,0.0,2019,1.0
California,2019-04-01,11824373.0,2019,7010316.25,168.6710353473711,7534254,156.94152334126247,2019,61.0,80.0,0.7625,28.0,40.0,0.7,0.26249999999999996,1.0,0.19999999999999996,1.0,0.627875,1,2014-01-01,1.0,0.0,2019,0.0
Connecticut,2019-04-01,863051.0,2019,509998.25,169.22626695287678,530145,162.79527299135142,2019,89.0,151.0,0.5894039735099338,22.0,36.0,0.6111111111111112,0.08940397350993379,1.0,0.11111111111111116,1.0,0.5746041666666667,1,2014-01-01,1.0,0.0,2019,0.0
Delaware,2019-04-01,231788.0,2019,153020.25,151.47537662498917,165961,139.66413796012316,2019,26.0,41.0,0.6341463414634146,12.0,21.0,0.5714285714285714,0.13414634146341464,1.0,0.0714285714285714,1.0,0.5642291666666667,1,2014-01-01,1.0,0.0,2019,0.0
Florida,2019-04-01,3662149.0,2019,4171208.5,87.79587498443196,4384883,83.51759898724778,2019,46.0,120.0,0.38333333333333336,17.0,40.0,0.425,-0.11666666666666664,0.0,-0.07500000000000001,0.0,0.4792083333333333,0,,0.0,0.0,2019,0.0
Georgia,2019-04-01,1837180.0,2019,2104203.5,87.30999639531063,2209726,83.14062467473343,2019,75.0,180.0,0.4166666666666667,21.0,56.0,0.375,-0.08333333333333331,0.0,-0.125,0.0,0.4797708333333333,0,,0.0,0.0,2019,0.0
Hawaii,2019-04-01,329868.0,2019,182270.75,180.97692580954433,185180,178.1337077438168,2019,46.0,51.0,0.9019607843137255,24.0,25.0,0.96,0.4019607843137255,1.0,0.45999999999999996,1.0,0.631875,1,2014-01-01,1.0,0.0,2019,0.0
Idaho,2019-04-01,272589.0,2019,322945.0,84.40725200885599,341618,79.79351205147269,2019,14.0,70.0,0.2,7.0,35.0,0.2,-0.3,0.0,-0.3,0.0,0.30862500000000004,1,2020-01-01,0.0,0.0,2019,0.0
Indiana,2019-04-01,1354533.0,2019,1224809.75,110.59129795464153,1293314,104.73349859353567,2019,33.0,100.0,0.33,10.0,50.0,0.2,-0.16999999999999998,0.0,-0.3,0.0,0.39772916666666663,1,2015-02-01,1.0,0.0,2019,1.0
Maryland,2019-04-01,1320216.0,2019,782277.25,168.76574130207672,793697,166.3375318288969,2019,99.0,141.0,0.7021276595744681,32.0,47.0,0.6808510638297872,0.2021276595744681,1.0,0.18085106382978722,0.0,0.632625,1,2014-01-01,1.0,0.0,2019,0.0
Massachusetts,2019-04-01,1593290.0,2019,919231.75,173.3284343148504,972871,163.7719697678315,2019,127.0,160.0,0.79375,34.0,40.0,0.85,0.29374999999999996,1.0,0.35,0.0,0.6338333333333334,1,2014-01-01,1.0,0.0,2019,0.0
Minnesota,2019-04-01,1050235.0,2019,768502.5,136.65993279137024,814317,128.971272858113,2019,75.0,134.0,0.5597014925373134,32.0,67.0,0.47761194029850745,0.05970149253731338,1.0,-0.022388059701492546,1.0,0.5006458333333333,1,2014-01-01,1.0,0.0,2019,0.0
Mississippi,2019-04-01,592043.0,2019,820128.5,72.18905330079372,831252,71.22304668139144,2019,46.0,122.0,0.3770491803278688,19.0,52.0,0.36538461538461536,-0.12295081967213117,0.0,-0.13461538461538464,0.0,0.41022916666666664,0,,0.0,0.0,2019,0.0
Montana,2019-04-01,277567.0,2019,201419.75,137.80525494644888,210360,131.94856436584902,2019,42.0,100.0,0.42,20.0,50.0,0.4,-0.08000000000000002,0.0,-0.09999999999999998,1.0,0.383375,1,2016-01-01,1.0,0.0,2019,0.0
North Dakota,2019-04-01,90593.0,2019,118574.5,76.40175585813138,122160,74.15929927963327,2019,15.0,94.0,0.1595744680851064,10.0,47.0,0.2127659574468085,-0.3404255319148936,0.0,-0.2872340425531915,0.0,0.2981875,1,2014-01-01,1.0,0.0,2019,0.0
Ohio,2019-04-01,2653809.0,2019,2207289.25,120.22932653706351,2296371,115.5653420113736,2019,38.0,99.0,0.3838383838383838,9.0,33.0,0.2727272727272727,-0.11616161616161619,0.0,-0.2272727272727273,0.0,0.446875,1,2014-01-01,1.0,0.0,2019,1.0
Oklahoma,2019-04-01,731009.0,2019,870625.25,83.96368012528926,885167,82.58430330095902,2019,24.0,101.0,0.2376237623762376,9.0,48.0,0.1875,-0.2623762376237624,0.0,-0.3125,0.0,0.31195833333333334,1,2021-07-01,0.0,0.0,2019,0.0
Oregon,2019-04-01,987718.0,2019,724985.0,136.23978427139872,797451,123.85939700370305,2019,38.0,60.0,0.6333333333333333,18.0,30.0,0.6,0.1333333333333333,1.0,0.09999999999999998,1.0,0.5392708333333333,1,2014-01-01,1.0,0.0,2019,0.0
Pennsylvania,2019-04-01,3017274.0,2019,2173956.0,138.7918614728173,2259652,133.5282601037682,2019,92.0,203.0,0.45320197044334976,21.0,50.0,0.42,-0.046798029556650245,0.0,-0.08000000000000002,1.0,0.4911041666666667,1,2015-01-01,1.0,0.0,2019,0.0
Rhode Island,2019-04-01,303377.0,2019,162949.0,186.17911125566894,188712,160.761901733859,2019,66.0,75.0,0.88,33.0,38.0,0.868421052631579,0.38,1.0,0.368421052631579,1.0,0.5742083333333333,1,2014-01-01,1.0,0.0,2019,0.0
South Carolina,2019-04-01,1054717.0,2019,1064505.0,99.08051159928793,1124024,93.83402845490843,2019,44.0,124.0,0.3548387096774194,19.0,46.0,0.41304347826086957,-0.14516129032258063,0.0,-0.08695652173913043,0.0,0.42091666666666666,0,,0.0,0.0,2019,1.0
South Dakota,2019-04-01,110889.0,2019,156116.75,71.02953398658376,166237,66.70536643466858,2019,11.0,70.0,0.15714285714285714,5.0,35.0,0.14285714285714285,-0.34285714285714286,0.0,-0.35714285714285715,0.0,0.3421666666666667,1,2023-07-01,0.0,0.0,2019,0.0
Tennessee,2019-04-01,1437084.0,2019,1400987.0,102.57654068167656,1514870,94.86516994857645,2019,26.0,99.0,0.26262626262626265,5.0,33.0,0.15151515151515152,-0.23737373737373735,0.0,-0.3484848484848485,0.0,0.36191666666666666,0,,0.0,0.0,2019,0.0
Texas,2019-04-01,4231596.0,2019,5955415.5,71.05458888636737,6299251,67.17617697723111,2019,67.0,150.0,0.44666666666666666,12.0,31.0,0.3870967741935484,-0.053333333333333344,0.0,-0.11290322580645162,0.0,0.4525416666666667,0,,0.0,0.0,2019,0.0
Utah,2019-04-01,308788.0,2019,448379.75,68.8675168760409,456764,67.603401318843,2019,16.0,75.0,0.21333333333333335,6.0,29.0,0.20689655172413793,-0.2866666666666666,0.0,-0.2931034482758621,0.0,0.3350208333333333,1,2020-01-01,0.0,0.0,2019,1.0
Virginia,2019-04-01,1305392.0,2019,1236379.5,105.58182176265458,1298806,100.50708111912017,2019,49.0,100.0,0.49,19.0,40.0,0.475,-0.010000000000000009,0.0,-0.025000000000000022,1.0,0.524,1,2019-01-01,1.0,0.0,2019,0.0
Wyoming,2019-04-01,58027.0,2019,87372.75,66.41315513131954,93266,62.216670598074316,2019,9.0,60.0,0.15,3.0,30.0,0.1,-0.35,0.0,-0.4,0.0,0.24939583333333334,0,,0.0,0.0,2019,0.0
Alabama,2019-05-01,906716.0,2019,1114134.0,81.3830293304037,1174119,77.22522163426365,2019,28.0,105.0,0.26666666666666666,8.0,35.0,0.22857142857142856,-0.23333333333333334,0.0,-0.27142857142857146,0.0,0.357,0,,0.0,0.0,2019,0.0
Arkansas,2019-05-01,852441.0,2019,726651.0,117.3109236758774,761746,111.9061997043634,2019,24.0,100.0,0.24,9.0,35.0,0.2571428571428571,-0.26,0.0,-0.24285714285714288,0.0,0.34475,1,2014-01-01,1.0,0.0,2019,1.0
California,2019-05-01,11798654.0,2019,7046283.666666667,167.44506122872997,7534254,156.60016240493087,2019,61.0,80.0,0.7625,28.0,40.0,0.7,0.26249999999999996,1.0,0.19999999999999996,1.0,0.62825,1,2014-01-01,1.0,0.0,2019,0.0
Connecticut,2019-05-01,862405.0,2019,508981.3333333333,169.437451537188,530145,162.67341953616463,2019,89.0,151.0,0.5894039735099338,22.0,36.0,0.6111111111111112,0.08940397350993379,1.0,0.11111111111111116,1.0,0.575625,1,2014-01-01,1.0,0.0,2019,0.0
Delaware,2019-05-01,231598.0,2019,153324.33333333334,151.051039952345,165961,139.54965323178337,2019,26.0,41.0,0.6341463414634146,12.0,21.0,0.5714285714285714,0.13414634146341464,1.0,0.0714285714285714,1.0,0.565375,1,2014-01-01,1.0,0.0,2019,0.0
Florida,2019-05-01,3654076.0,2019,4184573.3333333335,87.32254662363029,4384883,83.33348917177493,2019,46.0,120.0,0.38333333333333336,17.0,40.0,0.425,-0.11666666666666664,0.0,-0.07500000000000001,0.0,0.47924999999999995,0,,0.0,0.0,2019,0.0
Georgia,2019-05-01,1837888.0,2019,2114012.3333333335,86.93837642385246,2209726,83.17266484622981,2019,75.0,180.0,0.4166666666666667,21.0,56.0,0.375,-0.08333333333333331,0.0,-0.125,0.0,0.480625,0,,0.0,0.0,2019,0.0
Hawaii,2019-05-01,329422.0,2019,182828.33333333334,180.18104414888282,185180,177.89286100010798,2019,46.0,51.0,0.9019607843137255,24.0,25.0,0.96,0.4019607843137255,1.0,0.45999999999999996,1.0,0.63225,1,2014-01-01,1.0,0.0,2019,0.0
Idaho,2019-05-01,273856.0,2019,323636.6666666667,84.61834773562946,341618,80.16439414784935,2019,14.0,70.0,0.2,7.0,35.0,0.2,-0.3,0.0,-0.3,0.0,0.30975,1,2020-01-01,0.0,0.0,2019,0.0
Indiana,2019-05-01,1354702.0,2019,1229200.0,110.21005532053367,1293314,104.74656579917946,2019,33.0,100.0,0.33,10.0,50.0,0.2,-0.16999999999999998,0.0,-0.3,0.0,0.398375,1,2015-02-01,1.0,0.0,2019,1.0
Maryland,2019-05-01,1323085.0,2019,782634.3333333334,169.0553229839563,793697,166.6990047839415,2019,99.0,141.0,0.7021276595744681,32.0,47.0,0.6808510638297872,0.2021276595744681,1.0,0.18085106382978722,0.0,0.63375,1,2014-01-01,1.0,0.0,2019,0.0
Massachusetts,2019-05-01,1597005.0,2019,922634.6666666666,173.09180520711703,972871,164.15382923326936,2019,127.0,160.0,0.79375,34.0,40.0,0.85,0.29374999999999996,1.0,0.35,0.0,0.635,1,2014-01-01,1.0,0.0,2019,0.0
Minnesota,2019-05-01,1047145.0,2019,770842.0,135.8443105072116,814317,128.59181375312073,2019,75.0,134.0,0.5597014925373134,32.0,67.0,0.47761194029850745,0.05970149253731338,1.0,-0.022388059701492546,1.0,0.5018750000000001,1,2014-01-01,1.0,0.0,2019,0.0
Mississippi,2019-05-01,591039.0,2019,819853.6666666666,72.09079181203475,831252,71.10226501710673,2019,46.0,122.0,0.3770491803278688,19.0,52.0,0.36538461538461536,-0.12295081967213117,0.0,-0.13461538461538464,0.0,0.410375,0,,0.0,0.0,2019,0.0
Montana,2019-05-01,275834.0,2019,202029.0,136.5318840364502,210360,131.12473854344933,2019,42.0,100.0,0.42,20.0,50.0,0.4,-0.08000000000000002,0.0,-0.09999999999999998,1.0,0.38425,1,2016-01-01,1.0,0.0,2019,0.0
North Dakota,2019-05-01,92207.0,2019,118434.0,77.85517672290052,122160,75.48051735428946,2019,15.0,94.0,0.1595744680851064,10.0,47.0,0.2127659574468085,-0.3404255319148936,0.0,-0.2872340425531915,0.0,0.29912500000000003,1,2014-01-01,1.0,0.0,2019,0.0
Ohio,2019-05-01,2657633.0,2019,2212503.0,120.11884277671037,2296371,115.73186562624245,2019,38.0,99.0,0.3838383838383838,9.0,33.0,0.2727272727272727,-0.11616161616161619,0.0,-0.2272727272727273,0.0,0.44725000000000004,1,2014-01-01,1.0,0.0,2019,1.0
Oklahoma,2019-05-01,730110.0,2019,871903.0,83.73752584863225,885167,82.4827405450045,2019,24.0,101.0,0.2376237623762376,9.0,48.0,0.1875,-0.2623762376237624,0.0,-0.3125,0.0,0.31275,1,2021-07-01,0.0,0.0,2019,0.0
Oregon,2019-05-01,986415.0,2019,729927.6666666666,135.13873292467792,797451,123.69600138441108,2019,38.0,60.0,0.6333333333333333,18.0,30.0,0.6,0.1333333333333333,1.0,0.09999999999999998,1.0,0.5406249999999999,1,2014-01-01,1.0,0.0,2019,0.0
Pennsylvania,2019-05-01,3014563.0,2019,2174972.6666666665,138.6023395236538,2259652,133.4082858776484,2019,92.0,203.0,0.45320197044334976,21.0,50.0,0.42,-0.046798029556650245,0.0,-0.08000000000000002,1.0,0.491625,1,2015-01-01,1.0,0.0,2019,0.0
Rhode Island,2019-05-01,301912.0,2019,163910.0,184.19376487096577,188712,159.98558650218322,2019,66.0,75.0,0.88,33.0,38.0,0.868421052631579,0.38,1.0,0.368421052631579,1.0,0.57525,1,2014-01-01,1.0,0.0,2019,0.0
South Carolina,2019-05-01,1055008.0,2019,1067770.3333333333,98.80476794167036,1124024,93.859917581831,2019,44.0,124.0,0.3548387096774194,19.0,46.0,0.41304347826086957,-0.14516129032258063,0.0,-0.08695652173913043,0.0,0.4215,0,,0.0,0.0,2019,1.0
South Dakota,2019-05-01,111113.0,2019,156759.0,70.88141669696796,166237,66.84011381341097,2019,11.0,70.0,0.15714285714285714,5.0,35.0,0.14285714285714285,-0.34285714285714286,0.0,-0.35714285714285715,0.0,0.34299999999999997,1,2023-07-01,0.0,0.0,2019,0.0
Tennessee,2019-05-01,1458386.0,2019,1406068.6666666667,103.72082349700322,1514870,96.27136321928614,2019,26.0,99.0,0.26262626262626265,5.0,33.0,0.15151515151515152,-0.23737373737373735,0.0,-0.3484848484848485,0.0,0.3625,0,,0.0,0.0,2019,0.0
Texas,2019-05-01,4180837.0,2019,5967627.333333333,70.05861402650143,6299251,66.37038276455407,2019,67.0,150.0,0.44666666666666666,12.0,31.0,0.3870967741935484,-0.053333333333333344,0.0,-0.11290322580645162,0.0,0.45325000000000004,0,,0.0,0.0,2019,0.0
Utah,2019-05-01,309977.0,2019,449699.3333333333,68.92983311812782,456764,67.86371080032578,2019,16.0,75.0,0.21333333333333335,6.0,29.0,0.20689655172413793,-0.2866666666666666,0.0,-0.2931034482758621,0.0,0.337125,1,2020-01-01,0.0,0.0,2019,1.0
Virginia,2019-05-01,1314268.0,2019,1236446.0,106.29400717863942,1298806,101.19047802366173,2019,49.0,100.0,0.49,19.0,40.0,0.475,-0.010000000000000009,0.0,-0.025000000000000022,1.0,0.525,1,2019-01-01,1.0,0.0,2019,0.0
Wyoming,2019-05-01,56608.0,2019,87791.0,64.48041370983358,93266,60.69521583428045,2019,9.0,60.0,0.15,3.0,30.0,0.1,-0.35,0.0,-0.4,0.0,0.250375,0,,0.0,0.0,2019,0.0
Alabama,2019-06-01,909902.0,2019,1115860.75,81.54261183575102,1174119,77.49657402699386,2019,28.0,105.0,0.26666666666666666,8.0,35.0,0.22857142857142856,-0.23333333333333334,0.0,-0.27142857142857146,0.0,0.3575,0,,0.0,0.0,2019,0.0
Arkansas,2019-06-01,851477.0,2019,725817.75,117.31278271990455,761746,111.77964833422165,2019,24.0,100.0,0.24,9.0,35.0,0.2571428571428571,-0.26,0.0,-0.24285714285714288,0.0,0.34504166666666664,1,2014-01-01,1.0,0.0,2019,1.0
California,2019-06-01,11744007.0,2019,7082251.083333333,165.82308169837668,7534254,155.87484839242214,2019,61.0,80.0,0.7625,28.0,40.0,0.7,0.26249999999999996,1.0,0.19999999999999996,1.0,0.628625,1,2014-01-01,1.0,0.0,2019,0.0
Connecticut,2019-06-01,858543.0,2019,507964.4166666667,169.0163664679268,530145,161.9449395919984,2019,89.0,151.0,0.5894039735099338,22.0,36.0,0.6111111111111112,0.08940397350993379,1.0,0.11111111111111116,1.0,0.5766458333333333,1,2014-01-01,1.0,0.0,2019,0.0
Delaware,2019-06-01,230930.0,2019,153628.41666666666,150.31724274100768,165961,139.14714902898874,2019,26.0,41.0,0.6341463414634146,12.0,21.0,0.5714285714285714,0.13414634146341464,1.0,0.0714285714285714,1.0,0.5665208333333334,1,2014-01-01,1.0,0.0,2019,0.0
Florida,2019-06-01,3650441.0,2019,4197938.166666667,86.95795066697227,4384883,83.25059072271712,2019,46.0,120.0,0.38333333333333336,17.0,40.0,0.425,-0.11666666666666664,0.0,-0.07500000000000001,0.0,0.47929166666666667,0,,0.0,0.0,2019,0.0
Georgia,2019-06-01,1841182.0,2019,2123821.1666666665,86.691950758252,2209726,83.32173310175108,2019,75.0,180.0,0.4166666666666667,21.0,56.0,0.375,-0.08333333333333331,0.0,-0.125,0.0,0.4814791666666667,0,,0.0,0.0,2019,0.0
Hawaii,2019-06-01,329106.0,2019,183385.91666666666,179.46089098990245,185180,177.72221622205421,2019,46.0,51.0,0.9019607843137255,24.0,25.0,0.96,0.4019607843137255,1.0,0.45999999999999996,1.0,0.632625,1,2014-01-01,1.0,0.0,2019,0.0
Idaho,2019-06-01,274946.0,2019,324328.3333333333,84.77396876621943,341618,80.48346398608972,2019,14.0,70.0,0.2,7.0,35.0,0.2,-0.3,0.0,-0.3,0.0,0.310875,1,2020-01-01,0.0,0.0,2019,0.0
Indiana,2019-06-01,1354126.0,2019,1233590.25,109.77113348617986,1293314,104.70202905094975,2019,33.0,100.0,0.33,10.0,50.0,0.2,-0.16999999999999998,0.0,-0.3,0.0,0.3990208333333333,1,2015-02-01,1.0,0.0,2019,1.0
Maryland,2019-06-01,1322426.0,2019,782991.4166666666,168.8940608863635,793697,166.61597561789955,2019,99.0,141.0,0.7021276595744681,32.0,47.0,0.6808510638297872,0.2021276595744681,1.0,0.18085106382978722,0.0,0.634875,1,2014-01-01,1.0,0.0,2019,0.0
Massachusetts,2019-06-01,1598924.0,2019,926037.5833333334,172.66297057237867,972871,164.3510804618495,2019,127.0,160.0,0.79375,34.0,40.0,0.85,0.29374999999999996,1.0,0.35,0.0,0.6361666666666667,1,2014-01-01,1.0,0.0,2019,0.0
Minnesota,2019-06-01,1045238.0,2019,773181.5,135.1866282367077,814317,128.35762976825978,2019,75.0,134.0,0.5597014925373134,32.0,67.0,0.47761194029850745,0.05970149253731338,1.0,-0.022388059701492546,1.0,0.5031041666666667,1,2014-01-01,1.0,0.0,2019,0.0
Mississippi,2019-06-01,590182.0,2019,819578.8333333334,72.01040046381546,831252,70.99916752079996,2019,46.0,122.0,0.3770491803278688,19.0,52.0,0.36538461538461536,-0.12295081967213117,0.0,-0.13461538461538464,0.0,0.41052083333333333,0,,0.0,0.0,2019,0.0
Montana,2019-06-01,273144.0,2019,202638.25,134.79389996705953,210360,129.84597832287508,2019,42.0,100.0,0.42,20.0,50.0,0.4,-0.08000000000000002,0.0,-0.09999999999999998,1.0,0.385125,1,2016-01-01,1.0,0.0,2019,0.0
North Dakota,2019-06-01,90107.0,2019,118293.5,76.1724016957821,122160,73.76146037982974,2019,15.0,94.0,0.1595744680851064,10.0,47.0,0.2127659574468085,-0.3404255319148936,0.0,-0.2872340425531915,0.0,0.3000625,1,2014-01-01,1.0,0.0,2019,0.0
Ohio,2019-06-01,2647530.0,2019,2217716.75,119.38089027825578,2296371,115.29191058413471,2019,38.0,99.0,0.3838383838383838,9.0,33.0,0.2727272727272727,-0.11616161616161619,0.0,-0.2272727272727273,0.0,0.447625,1,2014-01-01,1.0,0.0,2019,1.0
Oklahoma,2019-06-01,729196.0,2019,873180.75,83.51031559044333,885167,82.37948319356686,2019,24.0,101.0,0.2376237623762376,9.0,48.0,0.1875,-0.2623762376237624,0.0,-0.3125,0.0,0.31354166666666666,1,2021-07-01,0.0,0.0,2019,0.0
Oregon,2019-06-01,984652.0,2019,734870.3333333334,133.98989663028985,797451,123.47492197012733,2019,38.0,60.0,0.6333333333333333,18.0,30.0,0.6,0.1333333333333333,1.0,0.09999999999999998,1.0,0.5419791666666667,1,2014-01-01,1.0,0.0,2019,0.0
Pennsylvania,2019-06-01,3004032.0,2019,2175989.3333333335,138.0536179098917,2259652,132.9422406636066,2019,92.0,203.0,0.45320197044334976,21.0,50.0,0.42,-0.046798029556650245,0.0,-0.08000000000000002,1.0,0.49214583333333334,1,2015-01-01,1.0,0.0,2019,0.0
Rhode Island,2019-06-01,300759.0,2019,164871.0,182.42080171770655,188712,159.37460256899402,2019,66.0,75.0,0.88,33.0,38.0,0.868421052631579,0.38,1.0,0.368421052631579,1.0,0.5762916666666666,1,2014-01-01,1.0,0.0,2019,0.0
South Carolina,2019-06-01,1055203.0,2019,1071035.6666666667,98.52174235093945,1124024,93.87726596585127,2019,44.0,124.0,0.3548387096774194,19.0,46.0,0.41304347826086957,-0.14516129032258063,0.0,-0.08695652173913043,0.0,0.42208333333333337,0,,0.0,0.0,2019,1.0
South Dakota,2019-06-01,110442.0,2019,157401.25,70.16589766599694,166237,66.43647322798174,2019,11.0,70.0,0.15714285714285714,5.0,35.0,0.14285714285714285,-0.34285714285714286,0.0,-0.35714285714285715,0.0,0.3438333333333333,1,2023-07-01,0.0,0.0,2019,0.0
Tennessee,2019-06-01,1494208.0,2019,1411150.3333333333,105.88581278016447,1514870,98.63605457894077,2019,26.0,99.0,0.26262626262626265,5.0,33.0,0.15151515151515152,-0.23737373737373735,0.0,-0.3484848484848485,0.0,0.3630833333333333,0,,0.0,0.0,2019,0.0
Texas,2019-06-01,4200139.0,2019,5979839.166666667,70.23832720138654,6299251,66.6768001465571,2019,67.0,150.0,0.44666666666666666,12.0,31.0,0.3870967741935484,-0.053333333333333344,0.0,-0.11290322580645162,0.0,0.45395833333333335,0,,0.0,0.0,2019,0.0
Utah,2019-06-01,309007.0,2019,451018.9166666667,68.51309082194815,456764,67.65134730407826,2019,16.0,75.0,0.21333333333333335,6.0,29.0,0.20689655172413793,-0.2866666666666666,0.0,-0.2931034482758621,0.0,0.3392291666666667,1,2020-01-01,0.0,0.0,2019,1.0
Virginia,2019-06-01,1324237.0,2019,1236512.5,107.09450976031378,1298806,101.95802914369042,2019,49.0,100.0,0.49,19.0,40.0,0.475,-0.010000000000000009,0.0,-0.025000000000000022,1.0,0.526,1,2019-01-01,1.0,0.0,2019,0.0
Wyoming,2019-06-01,56047.0,2019,88209.25,63.53868783602626,93266,60.093710462547975,2019,9.0,60.0,0.15,3.0,30.0,0.1,-0.35,0.0,-0.4,0.0,0.25135416666666666,0,,0.0,0.0,2019,0.0
Alabama,2019-07-01,913555.0,2019,1117587.5,81.74348764638115,1174119,77.80770092298992,2019,28.0,105.0,0.26666666666666666,8.0,35.0,0.22857142857142856,-0.23333333333333334,0.0,-0.27142857142857146,0.0,0.358,0,,0.0,0.0,2019,0.0
Arkansas,2019-07-01,856008.0,2019,724984.5,118.07259327613211,761746,112.37446602935887,2019,24.0,100.0,0.24,9.0,35.0,0.2571428571428571,-0.26,0.0,-0.24285714285714288,0.0,0.3453333333333333,1,2014-01-01,1.0,0.0,2019,1.0
California,2019-07-01,11743500.0,2019,7118218.5,164.97807702868351,7534254,155.86811912632623,2019,61.0,80.0,0.7625,28.0,40.0,0.7,0.26249999999999996,1.0,0.19999999999999996,1.0,0.629,1,2014-01-01,1.0,0.0,2019,0.0
Connecticut,2019-07-01,857415.0,2019,506947.5,169.13289837705088,530145,161.73216761452056,2019,89.0,151.0,0.5894039735099338,22.0,36.0,0.6111111111111112,0.08940397350993379,1.0,0.11111111111111116,1.0,0.5776666666666667,1,2014-01-01,1.0,0.0,2019,0.0
Delaware,2019-07-01,231586.0,2019,153932.5,150.44646192324558,165961,139.54242261736192,2019,26.0,41.0,0.6341463414634146,12.0,21.0,0.5714285714285714,0.13414634146341464,1.0,0.0714285714285714,1.0,0.5676666666666667,1,2014-01-01,1.0,0.0,2019,0.0
Florida,2019-07-01,3657394.0,2019,4211303.0,86.84708746912773,4384883,83.4091582375174,2019,46.0,120.0,0.38333333333333336,17.0,40.0,0.425,-0.11666666666666664,0.0,-0.07500000000000001,0.0,0.47933333333333333,0,,0.0,0.0,2019,0.0
Georgia,2019-07-01,1848553.0,2019,2133630.0,86.63887365663211,2209726,83.65530387025359,2019,75.0,180.0,0.4166666666666667,21.0,56.0,0.375,-0.08333333333333331,0.0,-0.125,0.0,0.48233333333333334,0,,0.0,0.0,2019,0.0
Hawaii,2019-07-01,328393.0,2019,183943.5,178.52927665288527,185180,177.33718544119233,2019,46.0,51.0,0.9019607843137255,24.0,25.0,0.96,0.4019607843137255,1.0,0.45999999999999996,1.0,0.633,1,2014-01-01,1.0,0.0,2019,0.0
Idaho,2019-07-01,265493.0,2019,325020.0,81.68512706910343,341618,77.71633813206564,2019,14.0,70.0,0.2,7.0,35.0,0.2,-0.3,0.0,-0.3,0.0,0.312,1,2020-01-01,0.0,0.0,2019,0.0
Indiana,2019-07-01,1357675.0,2019,1237980.5,109.66852870461207,1293314,104.97644036946944,2019,33.0,100.0,0.33,10.0,50.0,0.2,-0.16999999999999998,0.0,-0.3,0.0,0.39966666666666667,1,2015-02-01,1.0,0.0,2019,1.0
Maryland,2019-07-01,1326315.0,2019,783348.5,169.31353031249822,793697,167.1059610909453,2019,99.0,141.0,0.7021276595744681,32.0,47.0,0.6808510638297872,0.2021276595744681,1.0,0.18085106382978722,0.0,0.636,1,2014-01-01,1.0,0.0,2019,0.0
Massachusetts,2019-07-01,1591370.0,2019,929440.5,171.21806075805821,972871,163.57461575070076,2019,127.0,160.0,0.79375,34.0,40.0,0.85,0.29374999999999996,1.0,0.35,0.0,0.6373333333333333,1,2014-01-01,1.0,0.0,2019,0.0
Minnesota,2019-07-01,1046325.0,2019,775521.0,134.91897704897738,814317,128.49111586765352,2019,75.0,134.0,0.5597014925373134,32.0,67.0,0.47761194029850745,0.05970149253731338,1.0,-0.022388059701492546,1.0,0.5043333333333333,1,2014-01-01,1.0,0.0,2019,0.0
Mississippi,2019-07-01,591085.0,2019,819304.0,72.14477165984788,831252,71.10779883837873,2019,46.0,122.0,0.3770491803278688,19.0,52.0,0.36538461538461536,-0.12295081967213117,0.0,-0.13461538461538464,0.0,0.4106666666666667,0,,0.0,0.0,2019,0.0
Montana,2019-07-01,270280.0,2019,203247.5,132.980725470178,210360,128.48450275717818,2019,42.0,100.0,0.42,20.0,50.0,0.4,-0.08000000000000002,0.0,-0.09999999999999998,1.0,0.386,1,2016-01-01,1.0,0.0,2019,0.0
North Dakota,2019-07-01,89895.0,2019,118153.0,76.08355268169238,122160,73.58791748526524,2019,15.0,94.0,0.1595744680851064,10.0,47.0,0.2127659574468085,-0.3404255319148936,0.0,-0.2872340425531915,0.0,0.301,1,2014-01-01,1.0,0.0,2019,0.0
Ohio,2019-07-01,2642614.0,2019,2222930.5,118.87974005485103,2296371,115.07783367757214,2019,38.0,99.0,0.3838383838383838,9.0,33.0,0.2727272727272727,-0.11616161616161619,0.0,-0.2272727272727273,0.0,0.448,1,2014-01-01,1.0,0.0,2019,1.0
Oklahoma,2019-07-01,735152.0,2019,874458.5,84.06939837625228,885167,83.05235057339463,2019,24.0,101.0,0.2376237623762376,9.0,48.0,0.1875,-0.2623762376237624,0.0,-0.3125,0.0,0.31433333333333335,1,2021-07-01,0.0,0.0,2019,0.0
Oregon,2019-07-01,986744.0,2019,739813.0,133.37748863564173,797451,123.73725783778565,2019,38.0,60.0,0.6333333333333333,18.0,30.0,0.6,0.1333333333333333,1.0,0.09999999999999998,1.0,0.5433333333333333,1,2014-01-01,1.0,0.0,2019,0.0
Pennsylvania,2019-07-01,3007088.0,2019,2177006.0,138.12952284008404,2259652,133.07748272742884,2019,92.0,203.0,0.45320197044334976,21.0,50.0,0.42,-0.046798029556650245,0.0,-0.08000000000000002,1.0,0.49266666666666664,1,2015-01-01,1.0,0.0,2019,0.0
Rhode Island,2019-07-01,301142.0,2019,165832.0,181.59462588643927,188712,159.57755733604645,2019,66.0,75.0,0.88,33.0,38.0,0.868421052631579,0.38,1.0,0.368421052631579,1.0,0.5773333333333334,1,2014-01-01,1.0,0.0,2019,0.0
South Carolina,2019-07-01,1058406.0,2019,1074301.0,98.52043328638807,1124024,94.16222429414319,2019,44.0,124.0,0.3548387096774194,19.0,46.0,0.41304347826086957,-0.14516129032258063,0.0,-0.08695652173913043,0.0,0.4226666666666667,0,,0.0,0.0,2019,1.0
South Dakota,2019-07-01,110329.0,2019,158043.5,69.8092613742419,166237,66.36849798781257,2019,11.0,70.0,0.15714285714285714,5.0,35.0,0.14285714285714285,-0.34285714285714286,0.0,-0.35714285714285715,0.0,0.3446666666666667,1,2023-07-01,0.0,0.0,2019,0.0
Tennessee,2019-07-01,1488836.0,2019,1416232.0,105.1265611848906,1514870,98.28143669093717,2019,26.0,99.0,0.26262626262626265,5.0,33.0,0.15151515151515152,-0.23737373737373735,0.0,-0.3484848484848485,0.0,0.36366666666666664,0,,0.0,0.0,2019,0.0
Texas,2019-07-01,4202466.0,2019,5992051.0,70.13401588204106,6299251,66.71374104635615,2019,67.0,150.0,0.44666666666666666,12.0,31.0,0.3870967741935484,-0.053333333333333344,0.0,-0.11290322580645162,0.0,0.45466666666666666,0,,0.0,0.0,2019,0.0
Utah,2019-07-01,309995.0,2019,452338.5,68.53164167984816,456764,67.86765156623552,2019,16.0,75.0,0.21333333333333335,6.0,29.0,0.20689655172413793,-0.2866666666666666,0.0,-0.2931034482758621,0.0,0.3413333333333333,1,2020-01-01,0.0,0.0,2019,1.0
Virginia,2019-07-01,1336892.0,2019,1236579.0,108.11213840765532,1298806,102.93238559107365,2019,49.0,100.0,0.49,19.0,40.0,0.475,-0.010000000000000009,0.0,-0.025000000000000022,1.0,0.527,1,2019-01-01,1.0,0.0,2019,0.0
Wyoming,2019-07-01,55904.0,2019,88627.5,63.07748723590307,93266,59.94038556387108,2019,9.0,60.0,0.15,3.0,30.0,0.1,-0.35,0.0,-0.4,0.0,0.25233333333333335,0,,0.0,0.0,2019,0.0
Alabama,2019-08-01,916300.0,2019,1119314.25,81.86262258342552,1174119,78.0414932387603,2019,28.0,105.0,0.26666666666666666,8.0,35.0,0.22857142857142856,-0.23333333333333334,0.0,-0.27142857142857146,0.0,0.3585,0,,0.0,0.0,2019,0.0
Arkansas,2019-08-01,857097.0,2019,724151.25,118.3588373285277,761746,112.51742706886547,2019,24.0,100.0,0.24,9.0,35.0,0.2571428571428571,-0.26,0.0,-0.24285714285714288,0.0,0.345625,1,2014-01-01,1.0,0.0,2019,1.0
California,2019-08-01,11752681.0,2019,7154185.916666667,164.27698604561704,7534254,155.98997591533282,2019,61.0,80.0,0.7625,28.0,40.0,0.7,0.26249999999999996,1.0,0.19999999999999996,1.0,0.629375,1,2014-01-01,1.0,0.0,2019,0.0
Connecticut,2019-08-01,855505.0,2019,505930.5833333333,169.09533208360105,530145,161.3718888228692,2019,89.0,151.0,0.5894039735099338,22.0,36.0,0.6111111111111112,0.08940397350993379,1.0,0.11111111111111116,1.0,0.5786875,1,2014-01-01,1.0,0.0,2019,0.0
Delaware,2019-08-01,231674.0,2019,154236.58333333334,150.20690616525803,165961,139.5954471231193,2019,26.0,41.0,0.6341463414634146,12.0,21.0,0.5714285714285714,0.13414634146341464,1.0,0.0714285714285714,1.0,0.5688124999999999,1,2014-01-01,1.0,0.0,2019,0.0
Florida,2019-08-01,3652059.0,2019,4224667.833333333,86.44606260365954,4384883,83.28749022493874,2019,46.0,120.0,0.38333333333333336,17.0,40.0,0.425,-0.11666666666666664,0.0,-0.07500000000000001,0.0,0.479375,0,,0.0,0.0,2019,0.0
Georgia,2019-08-01,1851137.0,2019,2143438.8333333335,86.36294963086186,2209726,83.77224144531947,2019,75.0,180.0,0.4166666666666667,21.0,56.0,0.375,-0.08333333333333331,0.0,-0.125,0.0,0.4831875,0,,0.0,0.0,2019,0.0
Hawaii,2019-08-01,328923.0,2019,184501.08333333334,178.27700198688984,185180,177.62339345501675,2019,46.0,51.0,0.9019607843137255,24.0,25.0,0.96,0.4019607843137255,1.0,0.45999999999999996,1.0,0.633375,1,2014-01-01,1.0,0.0,2019,0.0
Idaho,2019-08-01,259850.0,2019,325711.6666666667,79.77915027094515,341618,76.06449308877167,2019,14.0,70.0,0.2,7.0,35.0,0.2,-0.3,0.0,-0.3,0.0,0.31312500000000004,1,2020-01-01,0.0,0.0,2019,0.0
Indiana,2019-08-01,1359573.0,2019,1242370.75,109.43375799856847,1293314,105.12319514054592,2019,33.0,100.0,0.33,10.0,50.0,0.2,-0.16999999999999998,0.0,-0.3,0.0,0.40031249999999996,1,2015-02-01,1.0,0.0,2019,1.0
Maryland,2019-08-01,1328343.0,2019,783705.5833333334,169.4951558658242,793697,167.3614742149712,2019,99.0,141.0,0.7021276595744681,32.0,47.0,0.6808510638297872,0.2021276595744681,1.0,0.18085106382978722,0.0,0.637125,1,2014-01-01,1.0,0.0,2019,0.0
Massachusetts,2019-08-01,1581338.0,2019,932843.4166666666,169.51805327099825,972871,162.54344101119264,2019,127.0,160.0,0.79375,34.0,40.0,0.85,0.29374999999999996,1.0,0.35,0.0,0.6385000000000001,1,2014-01-01,1.0,0.0,2019,0.0
Minnesota,2019-08-01,1047075.0,2019,777860.5,134.60961187770815,814317,128.5832175921662,2019,75.0,134.0,0.5597014925373134,32.0,67.0,0.47761194029850745,0.05970149253731338,1.0,-0.022388059701492546,1.0,0.5055625,1,2014-01-01,1.0,0.0,2019,0.0
Mississippi,2019-08-01,590464.0,2019,819029.1666666666,72.0931590755315,831252,71.03309225120661,2019,46.0,122.0,0.3770491803278688,19.0,52.0,0.36538461538461536,-0.12295081967213117,0.0,-0.13461538461538464,0.0,0.41081249999999997,0,,0.0,0.0,2019,0.0
Montana,2019-08-01,268150.0,2019,203856.75,131.5384455015593,210360,127.47195284274578,2019,42.0,100.0,0.42,20.0,50.0,0.4,-0.08000000000000002,0.0,-0.09999999999999998,1.0,0.386875,1,2016-01-01,1.0,0.0,2019,0.0
North Dakota,2019-08-01,89842.0,2019,118012.5,76.129223599195,122160,73.5445317616241,2019,15.0,94.0,0.1595744680851064,10.0,47.0,0.2127659574468085,-0.3404255319148936,0.0,-0.2872340425531915,0.0,0.3019375,1,2014-01-01,1.0,0.0,2019,0.0
Ohio,2019-08-01,2635260.0,2019,2228144.25,118.27151675660137,2296371,114.7575892571366,2019,38.0,99.0,0.3838383838383838,9.0,33.0,0.2727272727272727,-0.11616161616161619,0.0,-0.2272727272727273,0.0,0.448375,1,2014-01-01,1.0,0.0,2019,1.0
Oklahoma,2019-08-01,730878.0,2019,875736.25,83.45868975961656,885167,82.56950383373984,2019,24.0,101.0,0.2376237623762376,9.0,48.0,0.1875,-0.2623762376237624,0.0,-0.3125,0.0,0.315125,1,2021-07-01,0.0,0.0,2019,0.0
Oregon,2019-08-01,986569.0,2019,744755.6666666666,132.46881415694722,797451,123.71531291577789,2019,38.0,60.0,0.6333333333333333,18.0,30.0,0.6,0.1333333333333333,1.0,0.09999999999999998,1.0,0.5446875,1,2014-01-01,1.0,0.0,2019,0.0
Pennsylvania,2019-08-01,3008789.0,2019,2178022.6666666665,138.14314451579017,2259652,133.15275980549217,2019,92.0,203.0,0.45320197044334976,21.0,50.0,0.42,-0.046798029556650245,0.0,-0.08000000000000002,1.0,0.4931875,1,2015-01-01,1.0,0.0,2019,0.0
Rhode Island,2019-08-01,301223.0,2019,166793.0,180.59690754408157,188712,159.620479884692,2019,66.0,75.0,0.88,33.0,38.0,0.868421052631579,0.38,1.0,0.368421052631579,1.0,0.578375,1,2014-01-01,1.0,0.0,2019,0.0
South Carolina,2019-08-01,1058179.0,2019,1077566.3333333333,98.2008222850318,1124024,94.14202899582216,2019,44.0,124.0,0.3548387096774194,19.0,46.0,0.41304347826086957,-0.14516129032258063,0.0,-0.08695652173913043,0.0,0.42325,0,,0.0,0.0,2019,1.0
South Dakota,2019-08-01,110043.0,2019,158685.75,69.34649141463552,166237,66.19645445959684,2019,11.0,70.0,0.15714285714285714,5.0,35.0,0.14285714285714285,-0.34285714285714286,0.0,-0.35714285714285715,0.0,0.3455,1,2023-07-01,0.0,0.0,2019,0.0
Tennessee,2019-08-01,1494262.0,2019,1421313.6666666667,105.1324584463059,1514870,98.63961924125503,2019,26.0,99.0,0.26262626262626265,5.0,33.0,0.15151515151515152,-0.23737373737373735,0.0,-0.3484848484848485,0.0,0.36424999999999996,0,,0.0,0.0,2019,0.0
Texas,2019-08-01,4216809.0,2019,6004262.833333333,70.23025335583105,6299251,66.9414347832782,2019,67.0,150.0,0.44666666666666666,12.0,31.0,0.3870967741935484,-0.053333333333333344,0.0,-0.11290322580645162,0.0,0.45537500000000003,0,,0.0,0.0,2019,0.0
Utah,2019-08-01,310235.0,2019,453658.0833333333,68.38520273252783,456764,67.92019511169882,2019,16.0,75.0,0.21333333333333335,6.0,29.0,0.20689655172413793,-0.2866666666666666,0.0,-0.2931034482758621,0.0,0.3434375,1,2020-01-01,0.0,0.0,2019,1.0
Virginia,2019-08-01,1346606.0,2019,1236645.5,108.89183682793492,1298806,103.68030329394844,2019,49.0,100.0,0.49,19.0,40.0,0.475,-0.010000000000000009,0.0,-0.025000000000000022,1.0,0.528,1,2019-01-01,1.0,0.0,2019,0.0
Wyoming,2019-08-01,55368.0,2019,89045.75,62.179273014152834,93266,59.36568524435486,2019,9.0,60.0,0.15,3.0,30.0,0.1,-0.35,0.0,-0.4,0.0,0.2533125,0,,0.0,0.0,2019,0.0
Alabama,2019-09-01,917216.0,2019,1121041.0,81.81823858360221,1174119,78.1195091809263,2019,28.0,105.0,0.26666666666666666,8.0,35.0,0.22857142857142856,-0.23333333333333334,0.0,-0.27142857142857146,0.0,0.359,0,,0.0,0.0,2019,0.0
Arkansas,2019-09-01,860469.0,2019,723318.0,118.96136968802105,761746,112.96009430965177,2019,24.0,100.0,0.24,9.0,35.0,0.2571428571428571,-0.26,0.0,-0.24285714285714288,0.0,0.34591666666666665,1,2014-01-01,1.0,0.0,2019,1.0
California,2019-09-01,11728031.0,2019,7190153.333333333,163.11239074178297,7534254,155.66280351047362,2019,61.0,80.0,0.7625,28.0,40.0,0.7,0.26249999999999996,1.0,0.19999999999999996,1.0,0.62975,1,2014-01-01,1.0,0.0,2019,0.0
Connecticut,2019-09-01,855043.0,2019,504913.6666666667,169.34439617069847,530145,161.28474285337032,2019,89.0,151.0,0.5894039735099338,22.0,36.0,0.6111111111111112,0.08940397350993379,1.0,0.11111111111111116,1.0,0.5797083333333333,1,2014-01-01,1.0,0.0,2019,0.0
Delaware,2019-09-01,231251.0,2019,154540.66666666666,149.63763583263955,165961,139.34056796476278,2019,26.0,41.0,0.6341463414634146,12.0,21.0,0.5714285714285714,0.13414634146341464,1.0,0.0714285714285714,1.0,0.5699583333333333,1,2014-01-01,1.0,0.0,2019,0.0
Florida,2019-09-01,3648067.0,2019,4238032.666666667,86.07925627126673,4384883,83.19645016754153,2019,46.0,120.0,0.38333333333333336,17.0,40.0,0.425,-0.11666666666666664,0.0,-0.07500000000000001,0.0,0.47941666666666666,0,,0.0,0.0,2019,0.0
Georgia,2019-09-01,1851830.0,2019,2153247.6666666665,86.00171864422471,2209726,83.80360279962312,2019,75.0,180.0,0.4166666666666667,21.0,56.0,0.375,-0.08333333333333331,0.0,-0.125,0.0,0.48404166666666665,0,,0.0,0.0,2019,0.0
Hawaii,2019-09-01,327674.0,2019,185058.66666666666,177.06493076069572,185180,176.94891456960795,2019,46.0,51.0,0.9019607843137255,24.0,25.0,0.96,0.4019607843137255,1.0,0.45999999999999996,1.0,0.63375,1,2014-01-01,1.0,0.0,2019,0.0
Idaho,2019-09-01,262616.0,2019,326403.3333333333,80.45751166756875,341618,76.8741693938844,2019,14.0,70.0,0.2,7.0,35.0,0.2,-0.3,0.0,-0.3,0.0,0.31425000000000003,1,2020-01-01,0.0,0.0,2019,0.0
Indiana,2019-09-01,1363106.0,2019,1246761.0,109.33178050965662,1293314,105.39636932717036,2019,33.0,100.0,0.33,10.0,50.0,0.2,-0.16999999999999998,0.0,-0.3,0.0,0.4009583333333333,1,2015-02-01,1.0,0.0,2019,1.0
Maryland,2019-09-01,1327889.0,2019,784062.6666666666,169.3600596550956,793697,167.3042735451942,2019,99.0,141.0,0.7021276595744681,32.0,47.0,0.6808510638297872,0.2021276595744681,1.0,0.18085106382978722,0.0,0.63825,1,2014-01-01,1.0,0.0,2019,0.0
Massachusetts,2019-09-01,1593385.0,2019,936246.3333333334,170.18865049404732,972871,163.78173468013745,2019,127.0,160.0,0.79375,34.0,40.0,0.85,0.29374999999999996,1.0,0.35,0.0,0.6396666666666667,1,2014-01-01,1.0,0.0,2019,0.0
Minnesota,2019-09-01,1044529.0,2019,780200.0,133.87964624455267,814317,128.27056293802045,2019,75.0,134.0,0.5597014925373134,32.0,67.0,0.47761194029850745,0.05970149253731338,1.0,-0.022388059701492546,1.0,0.5067916666666666,1,2014-01-01,1.0,0.0,2019,0.0
Mississippi,2019-09-01,590067.0,2019,818754.3333333334,72.06887047518934,831252,70.98533296761993,2019,46.0,122.0,0.3770491803278688,19.0,52.0,0.36538461538461536,-0.12295081967213117,0.0,-0.13461538461538464,0.0,0.4109583333333333,0,,0.0,0.0,2019,0.0
Montana,2019-09-01,266931.0,2019,204466.0,130.55031154323947,210360,126.89247005134057,2019,42.0,100.0,0.42,20.0,50.0,0.4,-0.08000000000000002,0.0,-0.09999999999999998,1.0,0.38775000000000004,1,2016-01-01,1.0,0.0,2019,0.0
North Dakota,2019-09-01,89537.0,2019,117872.0,75.96121216234559,122160,73.2948592010478,2019,15.0,94.0,0.1595744680851064,10.0,47.0,0.2127659574468085,-0.3404255319148936,0.0,-0.2872340425531915,0.0,0.302875,1,2014-01-01,1.0,0.0,2019,0.0
Ohio,2019-09-01,2633478.0,2019,2233358.0,117.91562302147707,2296371,114.67998855585617,2019,38.0,99.0,0.3838383838383838,9.0,33.0,0.2727272727272727,-0.11616161616161619,0.0,-0.2272727272727273,0.0,0.44875,1,2014-01-01,1.0,0.0,2019,1.0
Oklahoma,2019-09-01,727681.0,2019,877014.0,82.97256372190182,885167,82.20832904977253,2019,24.0,101.0,0.2376237623762376,9.0,48.0,0.1875,-0.2623762376237624,0.0,-0.3125,0.0,0.3159166666666667,1,2021-07-01,0.0,0.0,2019,0.0
Oregon,2019-09-01,989593.0,2019,749698.3333333334,131.99882619453604,797451,124.09452116807176,2019,38.0,60.0,0.6333333333333333,18.0,30.0,0.6,0.1333333333333333,1.0,0.09999999999999998,1.0,0.5460416666666666,1,2014-01-01,1.0,0.0,2019,0.0
Pennsylvania,2019-09-01,2992777.0,2019,2179039.3333333335,137.34387233028374,2259652,132.44415511769068,2019,92.0,203.0,0.45320197044334976,21.0,50.0,0.42,-0.046798029556650245,0.0,-0.08000000000000002,1.0,0.4937083333333333,1,2015-01-01,1.0,0.0,2019,0.0
Rhode Island,2019-09-01,298266.0,2019,167754.0,177.79963518008512,188712,158.05354190512526,2019,66.0,75.0,0.88,33.0,38.0,0.868421052631579,0.38,1.0,0.368421052631579,1.0,0.5794166666666667,1,2014-01-01,1.0,0.0,2019,0.0
South Carolina,2019-09-01,1057940.0,2019,1080831.6666666667,97.88203220051224,1124024,94.12076610463834,2019,44.0,124.0,0.3548387096774194,19.0,46.0,0.41304347826086957,-0.14516129032258063,0.0,-0.08695652173913043,0.0,0.42383333333333334,0,,0.0,0.0,2019,1.0
South Dakota,2019-09-01,109764.0,2019,159328.0,68.89184575215907,166237,66.0286217869668,2019,11.0,70.0,0.15714285714285714,5.0,35.0,0.14285714285714285,-0.34285714285714286,0.0,-0.35714285714285715,0.0,0.3463333333333333,1,2023-07-01,0.0,0.0,2019,0.0
Tennessee,2019-09-01,1452409.0,2019,1426395.3333333333,101.82373470094545,1514870,95.87680791090985,2019,26.0,99.0,0.26262626262626265,5.0,33.0,0.15151515151515152,-0.23737373737373735,0.0,-0.3484848484848485,0.0,0.36483333333333334,0,,0.0,0.0,2019,0.0
Texas,2019-09-01,4220878.0,2019,6016474.666666667,70.15533570489562,6299251,67.00602976449105,2019,67.0,150.0,0.44666666666666666,12.0,31.0,0.3870967741935484,-0.053333333333333344,0.0,-0.11290322580645162,0.0,0.45608333333333334,0,,0.0,0.0,2019,0.0
Utah,2019-09-01,309138.0,2019,454977.6666666667,67.94575264866481,456764,67.68002732264364,2019,16.0,75.0,0.21333333333333335,6.0,29.0,0.20689655172413793,-0.2866666666666666,0.0,-0.2931034482758621,0.0,0.34554166666666664,1,2020-01-01,0.0,0.0,2019,1.0
Virginia,2019-09-01,1356188.0,2019,1236712.0,109.66077793374691,1298806,104.41805781617886,2019,49.0,100.0,0.49,19.0,40.0,0.475,-0.010000000000000009,0.0,-0.025000000000000022,1.0,0.529,1,2019-01-01,1.0,0.0,2019,0.0
Wyoming,2019-09-01,55874.0,2019,89464.0,62.45417151032817,93266,59.90821950121159,2019,9.0,60.0,0.15,3.0,30.0,0.1,-0.35,0.0,-0.4,0.0,0.2542916666666667,0,,0.0,0.0,2019,0.0
Alabama,2019-10-01,918906.0,2019,1122767.75,81.84292788958358,1174119,78.26344689081772,2019,28.0,105.0,0.26666666666666666,8.0,35.0,0.22857142857142856,-0.23333333333333334,0.0,-0.27142857142857146,0.0,0.3595,0,,0.0,0.0,2019,0.0
Arkansas,2019-10-01,863737.0,2019,722484.75,119.5508970950598,761746,113.38910870552652,2019,24.0,100.0,0.24,9.0,35.0,0.2571428571428571,-0.26,0.0,-0.24285714285714288,0.0,0.34620833333333334,1,2014-01-01,1.0,0.0,2019,1.0
California,2019-10-01,11697526.0,2019,7226120.75,161.87836329748572,7534254,155.25791936401401,2019,61.0,80.0,0.7625,28.0,40.0,0.7,0.26249999999999996,1.0,0.19999999999999996,1.0,0.630125,1,2014-01-01,1.0,0.0,2019,0.0
Connecticut,2019-10-01,851428.0,2019,503896.75,168.96874210837836,530145,160.60285393618727,2019,89.0,151.0,0.5894039735099338,22.0,36.0,0.6111111111111112,0.08940397350993379,1.0,0.11111111111111116,1.0,0.5807291666666666,1,2014-01-01,1.0,0.0,2019,0.0
Delaware,2019-10-01,230969.0,2019,154844.75,149.16166030814736,165961,139.17064852585847,2019,26.0,41.0,0.6341463414634146,12.0,21.0,0.5714285714285714,0.13414634146341464,1.0,0.0714285714285714,1.0,0.5711041666666666,1,2014-01-01,1.0,0.0,2019,0.0
Florida,2019-10-01,3640328.0,2019,4251397.5,85.62662042304913,4384883,83.01995743101925,2019,46.0,120.0,0.38333333333333336,17.0,40.0,0.425,-0.11666666666666664,0.0,-0.07500000000000001,0.0,0.4794583333333333,0,,0.0,0.0,2019,0.0
Georgia,2019-10-01,1847785.0,2019,2163056.5,85.4247219154932,2209726,83.62054842998634,2019,75.0,180.0,0.4166666666666667,21.0,56.0,0.375,-0.08333333333333331,0.0,-0.125,0.0,0.48489583333333336,0,,0.0,0.0,2019,0.0
Hawaii,2019-10-01,327236.0,2019,185616.25,176.2970645080913,185180,176.7123879468625,2019,46.0,51.0,0.9019607843137255,24.0,25.0,0.96,0.4019607843137255,1.0,0.45999999999999996,1.0,0.634125,1,2014-01-01,1.0,0.0,2019,0.0
Idaho,2019-10-01,264965.0,2019,327095.0,81.00551827450741,341618,77.56177953152351,2019,14.0,70.0,0.2,7.0,35.0,0.2,-0.3,0.0,-0.3,0.0,0.315375,1,2020-01-01,0.0,0.0,2019,0.0
Indiana,2019-10-01,1367736.0,2019,1251151.25,109.31819793969754,1293314,105.7543643693643,2019,33.0,100.0,0.33,10.0,50.0,0.2,-0.16999999999999998,0.0,-0.3,0.0,0.40160416666666665,1,2015-02-01,1.0,0.0,2019,1.0
Maryland,2019-10-01,1329774.0,2019,784419.75,169.52326863264216,793697,167.54176971816702,2019,99.0,141.0,0.7021276595744681,32.0,47.0,0.6808510638297872,0.2021276595744681,1.0,0.18085106382978722,0.0,0.639375,1,2014-01-01,1.0,0.0,2019,0.0
Massachusetts,2019-10-01,1593664.0,2019,939649.25,169.60200840898878,972871,163.81041268575177,2019,127.0,160.0,0.79375,34.0,40.0,0.85,0.29374999999999996,1.0,0.35,0.0,0.6408333333333334,1,2014-01-01,1.0,0.0,2019,0.0
Minnesota,2019-10-01,1044497.0,2019,782539.5,133.47530699728256,814317,128.26663326444125,2019,75.0,134.0,0.5597014925373134,32.0,67.0,0.47761194029850745,0.05970149253731338,1.0,-0.022388059701492546,1.0,0.5080208333333334,1,2014-01-01,1.0,0.0,2019,0.0
Mississippi,2019-10-01,588362.0,2019,818479.5,71.88475704034126,831252,70.7802206791683,2019,46.0,122.0,0.3770491803278688,19.0,52.0,0.36538461538461536,-0.12295081967213117,0.0,-0.13461538461538464,0.0,0.41110416666666666,0,,0.0,0.0,2019,0.0
Montana,2019-10-01,265908.0,2019,205075.25,129.66362347479767,210360,126.406160867085,2019,42.0,100.0,0.42,20.0,50.0,0.4,-0.08000000000000002,0.0,-0.09999999999999998,1.0,0.388625,1,2016-01-01,1.0,0.0,2019,0.0
North Dakota,2019-10-01,91269.0,2019,117731.5,77.52300786110769,122160,74.71267190569745,2019,15.0,94.0,0.1595744680851064,10.0,47.0,0.2127659574468085,-0.3404255319148936,0.0,-0.2872340425531915,0.0,0.3038125,1,2014-01-01,1.0,0.0,2019,0.0
Ohio,2019-10-01,2643620.0,2019,2238571.75,118.09404813582589,2296371,115.12164192981011,2019,38.0,99.0,0.3838383838383838,9.0,33.0,0.2727272727272727,-0.11616161616161619,0.0,-0.2272727272727273,0.0,0.449125,1,2014-01-01,1.0,0.0,2019,1.0
Oklahoma,2019-10-01,729961.0,2019,878291.75,83.11144901452165,885167,82.46590756320559,2019,24.0,101.0,0.2376237623762376,9.0,48.0,0.1875,-0.2623762376237624,0.0,-0.3125,0.0,0.3167083333333333,1,2021-07-01,0.0,0.0,2019,0.0
Oregon,2019-10-01,991798.0,2019,754641.0,131.42646635950075,797451,124.37102718536939,2019,38.0,60.0,0.6333333333333333,18.0,30.0,0.6,0.1333333333333333,1.0,0.09999999999999998,1.0,0.5473958333333333,1,2014-01-01,1.0,0.0,2019,0.0
Pennsylvania,2019-10-01,2993527.0,2019,2180056.0,137.3142249556892,2259652,132.47734606921773,2019,92.0,203.0,0.45320197044334976,21.0,50.0,0.42,-0.046798029556650245,0.0,-0.08000000000000002,1.0,0.49422916666666666,1,2015-01-01,1.0,0.0,2019,0.0
Rhode Island,2019-10-01,298297.0,2019,168715.0,176.8052633138725,188712,158.06996905337235,2019,66.0,75.0,0.88,33.0,38.0,0.868421052631579,0.38,1.0,0.368421052631579,1.0,0.5804583333333333,1,2014-01-01,1.0,0.0,2019,0.0
South Carolina,2019-10-01,1056098.0,2019,1084097.0,97.4172975296491,1124024,93.95689060020071,2019,44.0,124.0,0.3548387096774194,19.0,46.0,0.41304347826086957,-0.14516129032258063,0.0,-0.08695652173913043,0.0,0.42441666666666666,0,,0.0,0.0,2019,1.0
South Dakota,2019-10-01,109732.0,2019,159970.25,68.5952544301206,166237,66.00937216143217,2019,11.0,70.0,0.15714285714285714,5.0,35.0,0.14285714285714285,-0.34285714285714286,0.0,-0.35714285714285715,0.0,0.3471666666666667,1,2023-07-01,0.0,0.0,2019,0.0
Tennessee,2019-10-01,1449266.0,2019,1431477.0,101.24270246745144,1514870,95.66933136176702,2019,26.0,99.0,0.26262626262626265,5.0,33.0,0.15151515151515152,-0.23737373737373735,0.0,-0.3484848484848485,0.0,0.36541666666666667,0,,0.0,0.0,2019,0.0
Texas,2019-10-01,4212619.0,2019,6028686.5,69.87623257570284,6299251,66.87491893877542,2019,67.0,150.0,0.44666666666666666,12.0,31.0,0.3870967741935484,-0.053333333333333344,0.0,-0.11290322580645162,0.0,0.4567916666666667,0,,0.0,0.0,2019,0.0
Utah,2019-10-01,308966.0,2019,456297.25,67.71156302169254,456764,67.64237111506161,2019,16.0,75.0,0.21333333333333335,6.0,29.0,0.20689655172413793,-0.2866666666666666,0.0,-0.2931034482758621,0.0,0.3476458333333333,1,2020-01-01,0.0,0.0,2019,1.0
Virginia,2019-10-01,1368331.0,2019,1236778.5,110.63670657276141,1298806,105.35299344166873,2019,49.0,100.0,0.49,19.0,40.0,0.475,-0.010000000000000009,0.0,-0.025000000000000022,1.0,0.53,1,2019-01-01,1.0,0.0,2019,0.0
Wyoming,2019-10-01,55881.0,2019,89882.25,62.17134083759586,93266,59.915724915832136,2019,9.0,60.0,0.15,3.0,30.0,0.1,-0.35,0.0,-0.4,0.0,0.25527083333333334,0,,0.0,0.0,2019,0.0
Alabama,2019-11-01,919500.0,2019,1124494.5,81.770075353859,1174119,78.31403801488605,2019,28.0,105.0,0.26666666666666666,8.0,35.0,0.22857142857142856,-0.23333333333333334,0.0,-0.27142857142857146,0.0,0.36,0,,0.0,0.0,2019,0.0
Arkansas,2019-11-01,862669.0,2019,721651.5,119.54094185351241,761746,113.2489044904732,2019,24.0,100.0,0.24,9.0,35.0,0.2571428571428571,-0.26,0.0,-0.24285714285714288,0.0,0.3465,1,2014-01-01,1.0,0.0,2019,1.0
California,2019-11-01,11622664.0,2019,7262088.166666667,160.04575727059586,7534254,154.26429743409236,2019,61.0,80.0,0.7625,28.0,40.0,0.7,0.26249999999999996,1.0,0.19999999999999996,1.0,0.6305000000000001,1,2014-01-01,1.0,0.0,2019,0.0
Connecticut,2019-11-01,847287.0,2019,502879.8333333333,168.4869712081647,530145,159.8217468805704,2019,89.0,151.0,0.5894039735099338,22.0,36.0,0.6111111111111112,0.08940397350993379,1.0,0.11111111111111116,1.0,0.58175,1,2014-01-01,1.0,0.0,2019,0.0
Delaware,2019-11-01,231026.0,2019,155148.83333333334,148.9060504268482,165961,139.2049939443604,2019,26.0,41.0,0.6341463414634146,12.0,21.0,0.5714285714285714,0.13414634146341464,1.0,0.0714285714285714,1.0,0.5722499999999999,1,2014-01-01,1.0,0.0,2019,0.0
Florida,2019-11-01,3621088.0,2019,4264762.333333333,84.907146447473,4384883,82.58117719446562,2019,46.0,120.0,0.38333333333333336,17.0,40.0,0.425,-0.11666666666666664,0.0,-0.07500000000000001,0.0,0.4795,0,,0.0,0.0,2019,0.0
Georgia,2019-11-01,1835963.0,2019,2172865.3333333335,84.49502009328388,2209726,83.08554997316409,2019,75.0,180.0,0.4166666666666667,21.0,56.0,0.375,-0.08333333333333331,0.0,-0.125,0.0,0.48575,0,,0.0,0.0,2019,0.0
Hawaii,2019-11-01,326784.0,2019,186173.83333333334,175.52627786038676,185180,176.46830111243113,2019,46.0,51.0,0.9019607843137255,24.0,25.0,0.96,0.4019607843137255,1.0,0.45999999999999996,1.0,0.6345000000000001,1,2014-01-01,1.0,0.0,2019,0.0
Idaho,2019-11-01,266732.0,2019,327786.6666666667,81.37365766352099,341618,78.0790239390196,2019,14.0,70.0,0.2,7.0,35.0,0.2,-0.3,0.0,-0.3,0.0,0.3165,1,2020-01-01,0.0,0.0,2019,0.0
Indiana,2019-11-01,1368916.0,2019,1255541.5,109.02992852088123,1293314,105.84560284664049,2019,33.0,100.0,0.33,10.0,50.0,0.2,-0.16999999999999998,0.0,-0.3,0.0,0.40225,1,2015-02-01,1.0,0.0,2019,1.0
Maryland,2019-11-01,1328056.0,2019,784776.8333333334,169.22721767398417,793697,167.32531432020028,2019,99.0,141.0,0.7021276595744681,32.0,47.0,0.6808510638297872,0.2021276595744681,1.0,0.18085106382978722,0.0,0.6405000000000001,1,2014-01-01,1.0,0.0,2019,0.0
Massachusetts,2019-11-01,1590859.0,2019,943052.1666666666,168.69257674504752,972871,163.52209080134983,2019,127.0,160.0,0.79375,34.0,40.0,0.85,0.29374999999999996,1.0,0.35,0.0,0.642,1,2014-01-01,1.0,0.0,2019,0.0
Minnesota,2019-11-01,1039954.0,2019,784879.0,132.4986399177453,814317,127.70874241849303,2019,75.0,134.0,0.5597014925373134,32.0,67.0,0.47761194029850745,0.05970149253731338,1.0,-0.022388059701492546,1.0,0.50925,1,2014-01-01,1.0,0.0,2019,0.0
Mississippi,2019-11-01,586260.0,2019,818204.6666666666,71.65199905158205,831252,70.52734910712996,2019,46.0,122.0,0.3770491803278688,19.0,52.0,0.36538461538461536,-0.12295081967213117,0.0,-0.13461538461538464,0.0,0.41125,0,,0.0,0.0,2019,0.0
Montana,2019-11-01,263824.0,2019,205684.5,128.26634967632467,210360,125.41547822779997,2019,42.0,100.0,0.42,20.0,50.0,0.4,-0.08000000000000002,0.0,-0.09999999999999998,1.0,0.3895,1,2016-01-01,1.0,0.0,2019,0.0
North Dakota,2019-11-01,89466.0,2019,117591.0,76.0823532413195,122160,73.23673870333988,2019,15.0,94.0,0.1595744680851064,10.0,47.0,0.2127659574468085,-0.3404255319148936,0.0,-0.2872340425531915,0.0,0.30475,1,2014-01-01,1.0,0.0,2019,0.0
Ohio,2019-11-01,2617148.0,2019,2243785.5,116.63984814947774,2296371,113.96886652897113,2019,38.0,99.0,0.3838383838383838,9.0,33.0,0.2727272727272727,-0.11616161616161619,0.0,-0.2272727272727273,0.0,0.4495,1,2014-01-01,1.0,0.0,2019,1.0
Oklahoma,2019-11-01,716103.0,2019,879569.5,81.41516958011846,885167,80.9003272828743,2019,24.0,101.0,0.2376237623762376,9.0,48.0,0.1875,-0.2623762376237624,0.0,-0.3125,0.0,0.3175,1,2021-07-01,0.0,0.0,2019,0.0
Oregon,2019-11-01,991693.0,2019,759583.6666666666,130.55744133518758,797451,124.35786023216473,2019,38.0,60.0,0.6333333333333333,18.0,30.0,0.6,0.1333333333333333,1.0,0.09999999999999998,1.0,0.54875,1,2014-01-01,1.0,0.0,2019,0.0
Pennsylvania,2019-11-01,2987581.0,2019,2181072.6666666665,136.97760031837547,2259652,132.21420820551128,2019,92.0,203.0,0.45320197044334976,21.0,50.0,0.42,-0.046798029556650245,0.0,-0.08000000000000002,1.0,0.49475,1,2015-01-01,1.0,0.0,2019,0.0
Rhode Island,2019-11-01,291798.0,2019,169676.0,171.97364388599448,188712,154.6260969095765,2019,66.0,75.0,0.88,33.0,38.0,0.868421052631579,0.38,1.0,0.368421052631579,1.0,0.5815,1,2014-01-01,1.0,0.0,2019,0.0
South Carolina,2019-11-01,1050850.0,2019,1087362.3333333333,96.6421189870166,1124024,93.4899966548757,2019,44.0,124.0,0.3548387096774194,19.0,46.0,0.41304347826086957,-0.14516129032258063,0.0,-0.08695652173913043,0.0,0.425,0,,0.0,0.0,2019,1.0
South Dakota,2019-11-01,109187.0,2019,160612.5,67.98163281189198,166237,65.68152697654554,2019,11.0,70.0,0.15714285714285714,5.0,35.0,0.14285714285714285,-0.34285714285714286,0.0,-0.35714285714285715,0.0,0.348,1,2023-07-01,0.0,0.0,2019,0.0
Tennessee,2019-11-01,1447646.0,2019,1436558.6666666667,100.77179815837663,1514870,95.56239149233927,2019,26.0,99.0,0.26262626262626265,5.0,33.0,0.15151515151515152,-0.23737373737373735,0.0,-0.3484848484848485,0.0,0.366,0,,0.0,0.0,2019,0.0
Texas,2019-11-01,4195900.0,2019,6040898.333333333,69.45821247888352,6299251,66.60950643179642,2019,67.0,150.0,0.44666666666666666,12.0,31.0,0.3870967741935484,-0.053333333333333344,0.0,-0.11290322580645162,0.0,0.4575,0,,0.0,0.0,2019,0.0
Utah,2019-11-01,309484.0,2019,457616.8333333333,67.6295051791874,456764,67.75577760068657,2019,16.0,75.0,0.21333333333333335,6.0,29.0,0.20689655172413793,-0.2866666666666666,0.0,-0.2931034482758621,0.0,0.34975,1,2020-01-01,0.0,0.0,2019,1.0
Virginia,2019-11-01,1389673.0,2019,1236845.0,112.35627746403148,1298806,106.99619496676178,2019,49.0,100.0,0.49,19.0,40.0,0.475,-0.010000000000000009,0.0,-0.025000000000000022,1.0,0.531,1,2019-01-01,1.0,0.0,2019,0.0
Wyoming,2019-11-01,55785.0,2019,90300.5,61.77706657216737,93266,59.81279351532177,2019,9.0,60.0,0.15,3.0,30.0,0.1,-0.35,0.0,-0.4,0.0,0.25625000000000003,0,,0.0,0.0,2019,0.0
Alabama,2019-12-01,919245.0,2019,1126221.25,81.62206138447485,1174119,78.29231960303854,2019,28.0,105.0,0.26666666666666666,8.0,35.0,0.22857142857142856,-0.23333333333333334,0.0,-0.27142857142857146,0.0,0.3605,0,,0.0,0.0,2019,0.0
Arkansas,2019-12-01,871819.0,2019,720818.25,120.94851926959396,761746,114.45009228798051,2019,24.0,100.0,0.24,9.0,35.0,0.2571428571428571,-0.26,0.0,-0.24285714285714288,0.0,0.34679166666666666,1,2014-01-01,1.0,0.0,2019,1.0
California,2019-12-01,11588323.0,2019,7298055.583333333,158.78644479584955,7534254,153.8084991559881,2019,61.0,80.0,0.7625,28.0,40.0,0.7,0.26249999999999996,1.0,0.19999999999999996,1.0,0.630875,1,2014-01-01,1.0,0.0,2019,0.0
Connecticut,2019-12-01,850657.0,2019,501862.9166666667,169.49987172792038,530145,160.45742202604947,2019,89.0,151.0,0.5894039735099338,22.0,36.0,0.6111111111111112,0.08940397350993379,1.0,0.11111111111111116,1.0,0.5827708333333333,1,2014-01-01,1.0,0.0,2019,0.0
Delaware,2019-12-01,231285.0,2019,155452.91666666666,148.78138343067434,165961,139.36105470562362,2019,26.0,41.0,0.6341463414634146,12.0,21.0,0.5714285714285714,0.13414634146341464,1.0,0.0714285714285714,1.0,0.5733958333333333,1,2014-01-01,1.0,0.0,2019,0.0
Florida,2019-12-01,3613005.0,2019,4278127.166666667,84.45295941997671,4384883,82.39683932273677,2019,46.0,120.0,0.38333333333333336,17.0,40.0,0.425,-0.11666666666666664,0.0,-0.07500000000000001,0.0,0.47954166666666664,0,,0.0,0.0,2019,0.0
Georgia,2019-12-01,1816358.0,2019,2182674.1666666665,83.21709340491729,2209726,82.19833590227928,2019,75.0,180.0,0.4166666666666667,21.0,56.0,0.375,-0.08333333333333331,0.0,-0.125,0.0,0.48660416666666667,0,,0.0,0.0,2019,0.0
Hawaii,2019-12-01,326337.0,2019,186731.41666666666,174.76277202059822,185180,176.2269143536019,2019,46.0,51.0,0.9019607843137255,24.0,25.0,0.96,0.4019607843137255,1.0,0.45999999999999996,1.0,0.634875,1,2014-01-01,1.0,0.0,2019,0.0
Idaho,2019-12-01,267602.0,2019,328478.3333333333,81.46716932116274,341618,78.33369436036742,2019,14.0,70.0,0.2,7.0,35.0,0.2,-0.3,0.0,-0.3,0.0,0.31762500000000005,1,2020-01-01,0.0,0.0,2019,0.0
Indiana,2019-12-01,1373098.0,2019,1259931.75,108.981934934174,1293314,106.16895819576683,2019,33.0,100.0,0.33,10.0,50.0,0.2,-0.16999999999999998,0.0,-0.3,0.0,0.40289583333333334,1,2015-02-01,1.0,0.0,2019,1.0
Maryland,2019-12-01,1328704.0,2019,785133.9166666666,169.2327858718794,793697,167.40695756693046,2019,99.0,141.0,0.7021276595744681,32.0,47.0,0.6808510638297872,0.2021276595744681,1.0,0.18085106382978722,0.0,0.641625,1,2014-01-01,1.0,0.0,2019,0.0
Massachusetts,2019-12-01,1585919.0,2019,946455.0833333334,167.56410609730466,972871,163.0143153614405,2019,127.0,160.0,0.79375,34.0,40.0,0.85,0.29374999999999996,1.0,0.35,0.0,0.6431666666666667,1,2014-01-01,1.0,0.0,2019,0.0
Minnesota,2019-12-01,1044160.0,2019,787218.5,132.63915926772555,814317,128.22524888956022,2019,75.0,134.0,0.5597014925373134,32.0,67.0,0.47761194029850745,0.05970149253731338,1.0,-0.022388059701492546,1.0,0.5104791666666667,1,2014-01-01,1.0,0.0,2019,0.0
Mississippi,2019-12-01,585617.0,2019,817929.8333333334,71.59746180346765,831252,70.44999590978428,2019,46.0,122.0,0.3770491803278688,19.0,52.0,0.36538461538461536,-0.12295081967213117,0.0,-0.13461538461538464,0.0,0.41139583333333335,0,,0.0,0.0,2019,0.0
Montana,2019-12-01,260710.0,2019,206293.75,126.37804102160149,210360,123.9351587754326,2019,42.0,100.0,0.42,20.0,50.0,0.4,-0.08000000000000002,0.0,-0.09999999999999998,1.0,0.390375,1,2016-01-01,1.0,0.0,2019,0.0
North Dakota,2019-12-01,89370.0,2019,117450.5,76.09163009097449,122160,73.1581532416503,2019,15.0,94.0,0.1595744680851064,10.0,47.0,0.2127659574468085,-0.3404255319148936,0.0,-0.2872340425531915,0.0,0.3056875,1,2014-01-01,1.0,0.0,2019,0.0
Ohio,2019-12-01,2609614.0,2019,2248999.25,116.03445399103624,2296371,113.64078365386081,2019,38.0,99.0,0.3838383838383838,9.0,33.0,0.2727272727272727,-0.11616161616161619,0.0,-0.2272727272727273,0.0,0.449875,1,2014-01-01,1.0,0.0,2019,1.0
Oklahoma,2019-12-01,713247.0,2019,880847.25,80.97283609615629,885167,80.57767630288973,2019,24.0,101.0,0.2376237623762376,9.0,48.0,0.1875,-0.2623762376237624,0.0,-0.3125,0.0,0.3182916666666667,1,2021-07-01,0.0,0.0,2019,0.0
Oregon,2019-12-01,996363.0,2019,764526.3333333334,130.3242225360452,797451,124.94347615088577,2019,38.0,60.0,0.6333333333333333,18.0,30.0,0.6,0.1333333333333333,1.0,0.09999999999999998,1.0,0.5501041666666666,1,2014-01-01,1.0,0.0,2019,0.0
Pennsylvania,2019-12-01,2986439.0,2019,2182089.3333333335,136.86144533037753,2259652,132.1636694499861,2019,92.0,203.0,0.45320197044334976,21.0,50.0,0.42,-0.046798029556650245,0.0,-0.08000000000000002,1.0,0.4952708333333333,1,2015-01-01,1.0,0.0,2019,0.0
Rhode Island,2019-12-01,292050.0,2019,170637.0,171.15279804497266,188712,154.7596337275849,2019,66.0,75.0,0.88,33.0,38.0,0.868421052631579,0.38,1.0,0.368421052631579,1.0,0.5825416666666666,1,2014-01-01,1.0,0.0,2019,0.0
South Carolina,2019-12-01,1044183.0,2019,1090627.6666666667,95.74147364071392,1124024,92.89685985352627,2019,44.0,124.0,0.3548387096774194,19.0,46.0,0.41304347826086957,-0.14516129032258063,0.0,-0.08695652173913043,0.0,0.4255833333333333,0,,0.0,0.0,2019,1.0
South Dakota,2019-12-01,108795.0,2019,161254.75,67.46778001888316,166237,65.44571906374634,2019,11.0,70.0,0.15714285714285714,5.0,35.0,0.14285714285714285,-0.34285714285714286,0.0,-0.35714285714285715,0.0,0.34883333333333333,1,2023-07-01,0.0,0.0,2019,0.0
Tennessee,2019-12-01,1456532.0,2019,1441640.3333333333,101.03296684494354,1514870,96.14897647982995,2019,26.0,99.0,0.26262626262626265,5.0,33.0,0.15151515151515152,-0.23737373737373735,0.0,-0.3484848484848485,0.0,0.3665833333333333,0,,0.0,0.0,2019,0.0
Texas,2019-12-01,4180368.0,2019,6053110.166666667,69.06148880323533,6299251,66.36293743494267,2019,67.0,150.0,0.44666666666666666,12.0,31.0,0.3870967741935484,-0.053333333333333344,0.0,-0.11290322580645162,0.0,0.45820833333333333,0,,0.0,0.0,2019,0.0
Utah,2019-12-01,309812.0,2019,458936.4166666667,67.5065191492576,456764,67.82758711281976,2019,16.0,75.0,0.21333333333333335,6.0,29.0,0.20689655172413793,-0.2866666666666666,0.0,-0.2931034482758621,0.0,0.3518541666666667,1,2020-01-01,0.0,0.0,2019,1.0
Virginia,2019-12-01,1414239.0,2019,1236911.5,114.33631266262785,1298806,108.88762447971445,2019,49.0,100.0,0.49,19.0,40.0,0.475,-0.010000000000000009,0.0,-0.025000000000000022,1.0,0.532,1,2019-01-01,1.0,0.0,2019,0.0
Wyoming,2019-12-01,55974.0,2019,90718.75,61.70058560110231,93266,60.015439710076556,2019,9.0,60.0,0.15,3.0,30.0,0.1,-0.35,0.0,-0.4,0.0,0.2572291666666667,0,,0.0,0.0,2019,0.0
Alabama,2020-01-01,920713.0,2020,1127948.0,81.62725586640519,1174119,78.41734951908622,2019,28.0,105.0,0.26666666666666666,8.0,35.0,0.22857142857142856,-0.23333333333333334,0.0,-0.27142857142857146,0.0,0.361,0,,0.0,0.0,2020,0.0
Arkansas,2020-01-01,869987.0,2020,719985.0,120.83404515371848,761746,114.20959217376921,2019,24.0,100.0,0.24,9.0,35.0,0.2571428571428571,-0.26,0.0,-0.24285714285714288,0.0,0.3470833333333333,1,2014-01-01,1.0,0.0,2020,1.0
California,2020-01-01,11614902.0,2020,7334023.0,158.37013328155638,7534254,154.16127462652574,2019,61.0,80.0,0.7625,28.0,40.0,0.7,0.26249999999999996,1.0,0.19999999999999996,1.0,0.63125,1,2014-01-01,1.0,0.0,2020,0.0
Connecticut,2020-01-01,847119.0,2020,500846.0,169.13761914840092,530145,159.79005743711625,2019,89.0,151.0,0.5894039735099338,22.0,36.0,0.6111111111111112,0.08940397350993379,1.0,0.11111111111111116,1.0,0.5837916666666667,1,2014-01-01,1.0,0.0,2020,0.0
Delaware,2020-01-01,231455.0,2020,155757.0,148.60006291852054,165961,139.46348840992763,2019,26.0,41.0,0.6341463414634146,12.0,21.0,0.5714285714285714,0.13414634146341464,1.0,0.0714285714285714,1.0,0.5745416666666666,1,2014-01-01,1.0,0.0,2020,0.0
Florida,2020-01-01,3601113.0,2020,4291492.0,83.91284429750772,4384883,82.12563482309562,2019,46.0,120.0,0.38333333333333336,17.0,40.0,0.425,-0.11666666666666664,0.0,-0.07500000000000001,0.0,0.4795833333333333,0,,0.0,0.0,2020,0.0
Georgia,2020-01-01,1830095.0,2020,2192483.0,83.47134276525748,2209726,82.8199966873721,2019,75.0,180.0,0.4166666666666667,21.0,56.0,0.375,-0.08333333333333331,0.0,-0.125,0.0,0.4874583333333333,0,,0.0,0.0,2020,0.0
Hawaii,2020-01-01,325833.0,2020,187289.0,173.97337804142262,185180,175.95474673290852,2019,46.0,51.0,0.9019607843137255,24.0,25.0,0.96,0.4019607843137255,1.0,0.45999999999999996,1.0,0.63525,1,2014-01-01,1.0,0.0,2020,0.0
Idaho,2020-01-01,313122.0,2020,329170.0,95.12470759789774,341618,91.65851916468102,2019,14.0,70.0,0.2,7.0,35.0,0.2,-0.3,0.0,-0.3,0.0,0.31875000000000003,1,2020-01-01,1.0,0.0,2020,0.0
Indiana,2020-01-01,1377566.0,2020,1264322.0,108.95689547441236,1293314,106.51442727752116,2019,33.0,100.0,0.33,10.0,50.0,0.2,-0.16999999999999998,0.0,-0.3,0.0,0.40354166666666663,1,2015-02-01,1.0,0.0,2020,1.0
Maryland,2020-01-01,1329134.0,2020,785491.0,169.210595665641,793697,167.4611344127545,2019,99.0,141.0,0.7021276595744681,32.0,47.0,0.6808510638297872,0.2021276595744681,1.0,0.18085106382978722,0.0,0.64275,1,2014-01-01,1.0,0.0,2020,0.0
Massachusetts,2020-01-01,1570832.0,2020,949858.0,165.37545612080964,972871,161.46354449870537,2019,127.0,160.0,0.79375,34.0,40.0,0.85,0.29374999999999996,1.0,0.35,0.0,0.6443333333333333,1,2014-01-01,1.0,0.0,2020,0.0
Minnesota,2020-01-01,1040843.0,2020,789558.0,131.82603431286873,814317,127.81791366261541,2019,75.0,134.0,0.5597014925373134,32.0,67.0,0.47761194029850745,0.05970149253731338,1.0,-0.022388059701492546,1.0,0.5117083333333333,1,2014-01-01,1.0,0.0,2020,0.0
Mississippi,2020-01-01,585798.0,2020,817655.0,71.64366389247299,831252,70.47177029348501,2019,46.0,122.0,0.3770491803278688,19.0,52.0,0.36538461538461536,-0.12295081967213117,0.0,-0.13461538461538464,0.0,0.41154166666666664,0,,0.0,0.0,2020,0.0
Montana,2020-01-01,258898.0,2020,206903.0,125.13013344417432,210360,123.07377828484502,2019,42.0,100.0,0.42,20.0,50.0,0.4,-0.08000000000000002,0.0,-0.09999999999999998,1.0,0.39125,1,2016-01-01,1.0,0.0,2020,0.0
North Dakota,2020-01-01,89890.0,2020,117310.0,76.62603358622452,122160,73.58382449246889,2019,15.0,94.0,0.1595744680851064,10.0,47.0,0.2127659574468085,-0.3404255319148936,0.0,-0.2872340425531915,0.0,0.306625,1,2014-01-01,1.0,0.0,2020,0.0
Ohio,2020-01-01,2612947.0,2020,2254213.0,115.91393537345407,2296371,113.78592570625565,2019,38.0,99.0,0.3838383838383838,9.0,33.0,0.2727272727272727,-0.11616161616161619,0.0,-0.2272727272727273,0.0,0.45025000000000004,1,2014-01-01,1.0,0.0,2020,1.0
Oklahoma,2020-01-01,721273.0,2020,882125.0,81.765396060649,885167,81.48439785938699,2019,24.0,101.0,0.2376237623762376,9.0,48.0,0.1875,-0.2623762376237624,0.0,-0.3125,0.0,0.31908333333333333,1,2021-07-01,0.0,0.0,2020,0.0
Oregon,2020-01-01,1000654.0,2020,769469.0,130.04474514242938,797451,125.48156563851572,2019,38.0,60.0,0.6333333333333333,18.0,30.0,0.6,0.1333333333333333,1.0,0.09999999999999998,1.0,0.5514583333333333,1,2014-01-01,1.0,0.0,2020,0.0
Pennsylvania,2020-01-01,2995303.0,2020,2183106.0,137.20373632796574,2259652,132.5559422424338,2019,92.0,203.0,0.45320197044334976,21.0,50.0,0.42,-0.046798029556650245,0.0,-0.08000000000000002,1.0,0.4957916666666667,1,2015-01-01,1.0,0.0,2020,0.0
Rhode Island,2020-01-01,293293.0,2020,171598.0,170.91865872562616,188712,155.41830938149138,2019,66.0,75.0,0.88,33.0,38.0,0.868421052631579,0.38,1.0,0.368421052631579,1.0,0.5835833333333333,1,2014-01-01,1.0,0.0,2020,0.0
South Carolina,2020-01-01,1039640.0,2020,1093893.0,95.04037414993971,1124024,92.49268698888991,2019,44.0,124.0,0.3548387096774194,19.0,46.0,0.41304347826086957,-0.14516129032258063,0.0,-0.08695652173913043,0.0,0.4261666666666667,0,,0.0,0.0,2020,1.0
South Dakota,2020-01-01,109264.0,2020,161897.0,67.48982377684577,166237,65.72784638798824,2019,11.0,70.0,0.15714285714285714,5.0,35.0,0.14285714285714285,-0.34285714285714286,0.0,-0.35714285714285715,0.0,0.3496666666666667,1,2023-07-01,0.0,0.0,2020,0.0
Tennessee,2020-01-01,1459394.0,2020,1446722.0,100.87591119786663,1514870,96.33790358248562,2019,26.0,99.0,0.26262626262626265,5.0,33.0,0.15151515151515152,-0.23737373737373735,0.0,-0.3484848484848485,0.0,0.36716666666666664,0,,0.0,0.0,2020,0.0
Texas,2020-01-01,4194734.0,2020,6065322.0,69.15929607694365,6299251,66.59099629463884,2019,67.0,150.0,0.44666666666666666,12.0,31.0,0.3870967741935484,-0.053333333333333344,0.0,-0.11290322580645162,0.0,0.4589166666666667,0,,0.0,0.0,2020,0.0
Utah,2020-01-01,312988.0,2020,460256.0,68.00302440381006,456764,68.52291336445079,2019,16.0,75.0,0.21333333333333335,6.0,29.0,0.20689655172413793,-0.2866666666666666,0.0,-0.2931034482758621,0.0,0.3539583333333333,1,2020-01-01,1.0,0.0,2020,1.0
Virginia,2020-01-01,1422802.0,2020,1236978.0,115.02241753693274,1298806,109.546922327122,2019,49.0,100.0,0.49,19.0,40.0,0.475,-0.010000000000000009,0.0,-0.025000000000000022,1.0,0.533,1,2019-01-01,1.0,0.0,2020,0.0
Wyoming,2020-01-01,56199.0,2020,91137.0,61.66430758089469,93266,60.25668518002273,2019,9.0,60.0,0.15,3.0,30.0,0.1,-0.35,0.0,-0.4,0.0,0.2582083333333334,0,,0.0,0.0,2020,0.0
Alabama,2020-02-01,921462.0,2020,1131335.5,81.4490484918046,1174119,78.48114203074816,2019,28.0,105.0,0.26666666666666666,8.0,35.0,0.22857142857142856,-0.23333333333333334,0.0,-0.27142857142857146,0.0,0.3615,0,,0.0,0.0,2020,0.0
Arkansas,2020-02-01,864334.0,2020,720140.0,120.02305107340239,761746,113.46748128641306,2019,24.0,100.0,0.24,9.0,35.0,0.2571428571428571,-0.26,0.0,-0.24285714285714288,0.0,0.347375,1,2014-01-01,1.0,0.0,2020,1.0
California,2020-02-01,11590601.0,2020,7306283.666666667,158.63880364896863,7534254,153.83873439891994,2019,61.0,80.0,0.7625,28.0,40.0,0.7,0.26249999999999996,1.0,0.19999999999999996,1.0,0.631625,1,2014-01-01,1.0,0.0,2020,0.0
Connecticut,2020-02-01,844967.0,2020,501120.4166666667,168.61556063121887,530145,159.38413075667978,2019,89.0,151.0,0.5894039735099338,22.0,36.0,0.6111111111111112,0.08940397350993379,1.0,0.11111111111111116,1.0,0.5848125,1,2014-01-01,1.0,0.0,2020,0.0
Delaware,2020-02-01,231742.0,2020,156522.66666666666,148.05651151696878,165961,139.6364206048409,2019,26.0,41.0,0.6341463414634146,12.0,21.0,0.5714285714285714,0.13414634146341464,1.0,0.0714285714285714,1.0,0.5756875,1,2014-01-01,1.0,0.0,2020,0.0
Florida,2020-02-01,3600457.0,2020,4287558.666666667,83.97452443021965,4384883,82.11067433270169,2019,46.0,120.0,0.38333333333333336,17.0,40.0,0.425,-0.11666666666666664,0.0,-0.07500000000000001,0.0,0.47962499999999997,0,,0.0,0.0,2020,0.0
Georgia,2020-02-01,1833759.0,2020,2188317.4166666665,83.79766966317234,2209726,82.98580910031379,2019,75.0,180.0,0.4166666666666667,21.0,56.0,0.375,-0.08333333333333331,0.0,-0.125,0.0,0.4883125,0,,0.0,0.0,2020,0.0
Hawaii,2020-02-01,325667.0,2020,189707.66666666666,171.66781170326976,185180,175.86510422291823,2019,46.0,51.0,0.9019607843137255,24.0,25.0,0.96,0.4019607843137255,1.0,0.45999999999999996,1.0,0.635625,1,2014-01-01,1.0,0.0,2020,0.0
Idaho,2020-02-01,319534.0,2020,329051.75,97.10752184116936,341618,93.53546944247668,2019,14.0,70.0,0.2,7.0,35.0,0.2,-0.3,0.0,-0.3,0.0,0.319875,1,2020-01-01,1.0,0.0,2020,0.0
Indiana,2020-02-01,1387931.0,2020,1260776.6666666667,110.08539709649871,1293314,107.31585678342614,2019,33.0,100.0,0.33,10.0,50.0,0.2,-0.16999999999999998,0.0,-0.3,0.0,0.4041875,1,2015-02-01,1.0,0.0,2020,1.0
Maryland,2020-02-01,1330660.0,2020,793112.0833333334,167.77704286226881,793697,167.65339921909745,2019,99.0,141.0,0.7021276595744681,32.0,47.0,0.6808510638297872,0.2021276595744681,1.0,0.18085106382978722,0.0,0.643875,1,2014-01-01,1.0,0.0,2020,0.0
Massachusetts,2020-02-01,1571761.0,2020,952854.5833333334,164.9528718749057,972871,161.5590350622025,2019,127.0,160.0,0.79375,34.0,40.0,0.85,0.29374999999999996,1.0,0.35,0.0,0.6455,1,2014-01-01,1.0,0.0,2020,0.0
Minnesota,2020-02-01,1044409.0,2020,788615.1666666666,132.4358247400348,814317,128.25582666209843,2019,75.0,134.0,0.5597014925373134,32.0,67.0,0.47761194029850745,0.05970149253731338,1.0,-0.022388059701492546,1.0,0.5129375,1,2014-01-01,1.0,0.0,2020,0.0
Mississippi,2020-02-01,584765.0,2020,815784.6666666666,71.68129334783607,831252,70.34749991578968,2019,46.0,122.0,0.3770491803278688,19.0,52.0,0.36538461538461536,-0.12295081967213117,0.0,-0.13461538461538464,0.0,0.4116875,0,,0.0,0.0,2020,0.0
Montana,2020-02-01,252740.0,2020,205958.25,122.71419086149741,210360,120.14641566837803,2019,42.0,100.0,0.42,20.0,50.0,0.4,-0.08000000000000002,0.0,-0.09999999999999998,1.0,0.392125,1,2016-01-01,1.0,0.0,2020,0.0
North Dakota,2020-02-01,89991.0,2020,117911.83333333333,76.32058416528734,122160,73.66650294695482,2019,15.0,94.0,0.1595744680851064,10.0,47.0,0.2127659574468085,-0.3404255319148936,0.0,-0.2872340425531915,0.0,0.3075625,1,2014-01-01,1.0,0.0,2020,0.0
Ohio,2020-02-01,2596917.0,2020,2251177.6666666665,115.3581540210139,2296371,113.08786777049527,2019,38.0,99.0,0.3838383838383838,9.0,33.0,0.2727272727272727,-0.11616161616161619,0.0,-0.2272727272727273,0.0,0.450625,1,2014-01-01,1.0,0.0,2020,1.0
Oklahoma,2020-02-01,716566.0,2020,883446.9166666666,81.11024969147836,885167,80.95263379678637,2019,24.0,101.0,0.2376237623762376,9.0,48.0,0.1875,-0.2623762376237624,0.0,-0.3125,0.0,0.319875,1,2021-07-01,0.0,0.0,2020,0.0
Oregon,2020-02-01,1002190.0,2020,768593.25,130.39276626486117,797451,125.6741793539666,2019,38.0,60.0,0.6333333333333333,18.0,30.0,0.6,0.1333333333333333,1.0,0.09999999999999998,1.0,0.5528124999999999,1,2014-01-01,1.0,0.0,2020,0.0
Pennsylvania,2020-02-01,2989204.0,2020,2183608.0833333335,136.8928803119699,2259652,132.28603342461582,2019,92.0,203.0,0.45320197044334976,21.0,50.0,0.42,-0.046798029556650245,0.0,-0.08000000000000002,1.0,0.4963125,1,2015-01-01,1.0,0.0,2020,0.0
Rhode Island,2020-02-01,289944.0,2020,172010.83333333334,168.56147626360743,188712,153.64364746280046,2019,66.0,75.0,0.88,33.0,38.0,0.868421052631579,0.38,1.0,0.368421052631579,1.0,0.584625,1,2014-01-01,1.0,0.0,2020,0.0
South Carolina,2020-02-01,1036982.0,2020,1092209.6666666667,94.94349222936133,1124024,92.25621516978285,2019,44.0,124.0,0.3548387096774194,19.0,46.0,0.41304347826086957,-0.14516129032258063,0.0,-0.08695652173913043,0.0,0.42675,0,,0.0,0.0,2020,1.0
South Dakota,2020-02-01,109585.0,2020,161364.25,67.91157273063891,166237,65.92094419413247,2019,11.0,70.0,0.15714285714285714,5.0,35.0,0.14285714285714285,-0.34285714285714286,0.0,-0.35714285714285715,0.0,0.3505,1,2023-07-01,0.0,0.0,2020,0.0
Tennessee,2020-02-01,1447919.0,2020,1444291.9166666667,100.25113228783447,1514870,95.5804128407058,2019,26.0,99.0,0.26262626262626265,5.0,33.0,0.15151515151515152,-0.23737373737373735,0.0,-0.3484848484848485,0.0,0.36775,0,,0.0,0.0,2020,0.0
Texas,2020-02-01,4198897.0,2020,6069361.0,69.18186280236091,6299251,66.65708351675461,2019,67.0,150.0,0.44666666666666666,12.0,31.0,0.3870967741935484,-0.053333333333333344,0.0,-0.11290322580645162,0.0,0.459625,0,,0.0,0.0,2020,0.0
Utah,2020-02-01,313899.0,2020,459761.8333333333,68.2742622901495,456764,68.72235990577191,2019,16.0,75.0,0.21333333333333335,6.0,29.0,0.20689655172413793,-0.2866666666666666,0.0,-0.2931034482758621,0.0,0.3560625,1,2020-01-01,1.0,0.0,2020,1.0
Virginia,2020-02-01,1426912.0,2020,1238651.3333333333,115.1988426121529,1298806,109.86336681536734,2019,49.0,100.0,0.49,19.0,40.0,0.475,-0.010000000000000009,0.0,-0.025000000000000022,1.0,0.534,1,2019-01-01,1.0,0.0,2020,0.0
Wyoming,2020-02-01,56082.0,2020,91616.33333333333,61.2139756739155,93266,60.13123753565072,2019,9.0,60.0,0.15,3.0,30.0,0.1,-0.35,0.0,-0.4,0.0,0.2591875,0,,0.0,0.0,2020,0.0
Alabama,2020-03-01,921190.0,2020,1134723.0,81.18192721924206,1174119,78.45797572477747,2019,28.0,105.0,0.26666666666666666,8.0,35.0,0.22857142857142856,-0.23333333333333334,0.0,-0.27142857142857146,0.0,0.362,0,,0.0,1.0,2020,0.0
Arkansas,2020-03-01,861426.0,2020,720295.0,119.5934998854636,761746,113.0857267383091,2019,24.0,100.0,0.24,9.0,35.0,0.2571428571428571,-0.26,0.0,-0.24285714285714288,0.0,0.3476666666666667,1,2014-01-01,1.0,1.0,2020,1.0
California,2020-03-01,11576877.0,2020,7278544.333333333,159.05483939943485,7534254,153.6565796693342,2019,61.0,80.0,0.7625,28.0,40.0,0.7,0.26249999999999996,1.0,0.19999999999999996,1.0,0.632,1,2014-01-01,1.0,1.0,2020,0.0
Connecticut,2020-03-01,845434.0,2020,501394.8333333333,168.61641640370578,530145,159.4722198643767,2019,89.0,151.0,0.5894039735099338,22.0,36.0,0.6111111111111112,0.08940397350993379,1.0,0.11111111111111116,1.0,0.5858333333333333,1,2014-01-01,1.0,1.0,2020,0.0
Delaware,2020-03-01,231862.0,2020,157288.33333333334,147.41207760694266,165961,139.7087267490555,2019,26.0,41.0,0.6341463414634146,12.0,21.0,0.5714285714285714,0.13414634146341464,1.0,0.0714285714285714,1.0,0.5768333333333333,1,2014-01-01,1.0,1.0,2020,0.0
Florida,2020-03-01,3605857.0,2020,4283625.333333333,84.17769341171763,4384883,82.23382471094439,2019,46.0,120.0,0.38333333333333336,17.0,40.0,0.425,-0.11666666666666664,0.0,-0.07500000000000001,0.0,0.47966666666666663,0,,0.0,1.0,2020,0.0
Georgia,2020-03-01,1853679.0,2020,2184151.8333333335,84.86951189519715,2209726,83.88727833224571,2019,75.0,180.0,0.4166666666666667,21.0,56.0,0.375,-0.08333333333333331,0.0,-0.125,0.0,0.48916666666666664,0,,0.0,1.0,2020,0.0
Hawaii,2020-03-01,329194.0,2020,192126.33333333334,171.34246736956064,185180,177.76973755265146,2019,46.0,51.0,0.9019607843137255,24.0,25.0,0.96,0.4019607843137255,1.0,0.45999999999999996,1.0,0.636,1,2014-01-01,1.0,1.0,2020,0.0
Idaho,2020-03-01,325353.0,2020,328933.5,98.91148210808568,341618,95.2388340192847,2019,14.0,70.0,0.2,7.0,35.0,0.2,-0.3,0.0,-0.3,0.0,0.321,1,2020-01-01,1.0,1.0,2020,0.0
Indiana,2020-03-01,1417332.0,2020,1257231.3333333333,112.7343840725149,1293314,109.58916396172933,2019,33.0,100.0,0.33,10.0,50.0,0.2,-0.16999999999999998,0.0,-0.3,0.0,0.4048333333333333,1,2015-02-01,1.0,1.0,2020,1.0
Maryland,2020-03-01,1335833.0,2020,800733.1666666666,166.82623570606856,793697,168.30515927362708,2019,99.0,141.0,0.7021276595744681,32.0,47.0,0.6808510638297872,0.2021276595744681,1.0,0.18085106382978722,0.0,0.645,1,2014-01-01,1.0,1.0,2020,0.0
Massachusetts,2020-03-01,1584590.0,2020,955851.1666666666,165.77790091797763,972871,162.87770937770784,2019,127.0,160.0,0.79375,34.0,40.0,0.85,0.29374999999999996,1.0,0.35,0.0,0.6466666666666667,1,2014-01-01,1.0,1.0,2020,0.0
Minnesota,2020-03-01,1047688.0,2020,787672.3333333334,133.01063851847024,814317,128.6584954016679,2019,75.0,134.0,0.5597014925373134,32.0,67.0,0.47761194029850745,0.05970149253731338,1.0,-0.022388059701492546,1.0,0.5141666666666667,1,2014-01-01,1.0,1.0,2020,0.0
Mississippi,2020-03-01,582208.0,2020,813914.3333333334,71.5318524513022,831252,70.03989163334344,2019,46.0,122.0,0.3770491803278688,19.0,52.0,0.36538461538461536,-0.12295081967213117,0.0,-0.13461538461538464,0.0,0.41183333333333333,0,,0.0,1.0,2020,0.0
Montana,2020-03-01,250033.0,2020,205013.5,121.95928560802093,210360,118.85957406351018,2019,42.0,100.0,0.42,20.0,50.0,0.4,-0.08000000000000002,0.0,-0.09999999999999998,1.0,0.393,1,2016-01-01,1.0,1.0,2020,0.0
North Dakota,2020-03-01,91884.0,2020,118513.66666666667,77.53029889661107,122160,75.21611001964637,2019,15.0,94.0,0.1595744680851064,10.0,47.0,0.2127659574468085,-0.3404255319148936,0.0,-0.2872340425531915,0.0,0.3085,1,2014-01-01,1.0,1.0,2020,0.0
Ohio,2020-03-01,2611799.0,2020,2248142.3333333335,116.17587379921228,2296371,113.73593378421867,2019,38.0,99.0,0.3838383838383838,9.0,33.0,0.2727272727272727,-0.11616161616161619,0.0,-0.2272727272727273,0.0,0.451,1,2014-01-01,1.0,1.0,2020,1.0
Oklahoma,2020-03-01,734583.0,2020,884768.8333333334,83.02541548988408,885167,82.98806891806856,2019,24.0,101.0,0.2376237623762376,9.0,48.0,0.1875,-0.2623762376237624,0.0,-0.3125,0.0,0.32066666666666666,1,2021-07-01,0.0,1.0,2020,0.0
Oregon,2020-03-01,1009118.0,2020,767717.5,131.44392305763512,797451,126.5429474663647,2019,38.0,60.0,0.6333333333333333,18.0,30.0,0.6,0.1333333333333333,1.0,0.09999999999999998,1.0,0.5541666666666666,1,2014-01-01,1.0,1.0,2020,0.0
Pennsylvania,2020-03-01,3011408.0,2020,2184110.1666666665,137.8780267570447,2259652,133.26866260822464,2019,92.0,203.0,0.45320197044334976,21.0,50.0,0.42,-0.046798029556650245,0.0,-0.08000000000000002,1.0,0.49683333333333335,1,2015-01-01,1.0,1.0,2020,0.0
Rhode Island,2020-03-01,292639.0,2020,172423.66666666666,169.72090064975615,188712,155.0717495442791,2019,66.0,75.0,0.88,33.0,38.0,0.868421052631579,0.38,1.0,0.368421052631579,1.0,0.5856666666666667,1,2014-01-01,1.0,1.0,2020,0.0
South Carolina,2020-03-01,1032851.0,2020,1090526.3333333333,94.71123882382177,1124024,91.88869632676882,2019,44.0,124.0,0.3548387096774194,19.0,46.0,0.41304347826086957,-0.14516129032258063,0.0,-0.08695652173913043,0.0,0.42733333333333334,0,,0.0,1.0,2020,1.0
South Dakota,2020-03-01,109178.0,2020,160831.5,67.88346810170893,166237,65.67611301936392,2019,11.0,70.0,0.15714285714285714,5.0,35.0,0.14285714285714285,-0.34285714285714286,0.0,-0.35714285714285715,0.0,0.35133333333333333,1,2023-07-01,0.0,1.0,2020,0.0
Tennessee,2020-03-01,1442600.0,2020,1441861.8333333333,100.05119538152695,1514870,95.22929360275138,2019,26.0,99.0,0.26262626262626265,5.0,33.0,0.15151515151515152,-0.23737373737373735,0.0,-0.3484848484848485,0.0,0.36833333333333335,0,,0.0,1.0,2020,0.0
Texas,2020-03-01,4206104.0,2020,6073400.0,69.25451970889452,6299251,66.77149394428005,2019,67.0,150.0,0.44666666666666666,12.0,31.0,0.3870967741935484,-0.053333333333333344,0.0,-0.11290322580645162,0.0,0.46033333333333337,0,,0.0,1.0,2020,0.0
Utah,2020-03-01,316364.0,2020,459267.6666666667,68.8844486475933,456764,69.26202590396791,2019,16.0,75.0,0.21333333333333335,6.0,29.0,0.20689655172413793,-0.2866666666666666,0.0,-0.2931034482758621,0.0,0.35816666666666663,1,2020-01-01,1.0,1.0,2020,1.0
Virginia,2020-03-01,1435647.0,2020,1240324.6666666667,115.74767789293878,1298806,110.53590759512969,2019,49.0,100.0,0.49,19.0,40.0,0.475,-0.010000000000000009,0.0,-0.025000000000000022,1.0,0.535,1,2019-01-01,1.0,1.0,2020,0.0
Wyoming,2020-03-01,56111.0,2020,92095.66666666667,60.9268622845085,93266,60.16233139622156,2019,9.0,60.0,0.15,3.0,30.0,0.1,-0.35,0.0,-0.4,0.0,0.26016666666666666,0,,0.0,1.0,2020,0.0
Alabama,2020-04-01,931863.0,2020,1138110.5,81.87807774376917,1174119,79.36699772339941,2019,28.0,105.0,0.26666666666666666,8.0,35.0,0.22857142857142856,-0.23333333333333334,0.0,-0.27142857142857146,0.0,0.3625,0,,0.0,1.0,2020,0.0
Arkansas,2020-04-01,873260.0,2020,720450.0,121.21035463946144,761746,114.63926295641855,2019,24.0,100.0,0.24,9.0,35.0,0.2571428571428571,-0.26,0.0,-0.24285714285714288,0.0,0.3479583333333333,1,2014-01-01,1.0,1.0,2020,1.0
California,2020-04-01,11622708.0,2020,7250805.0,160.29541547455764,7534254,154.26488143351685,2019,61.0,80.0,0.7625,28.0,40.0,0.7,0.26249999999999996,1.0,0.19999999999999996,1.0,0.632375,1,2014-01-01,1.0,1.0,2020,0.0
Connecticut,2020-04-01,860826.0,2020,501669.25,171.59233897632754,530145,162.37557649322355,2019,89.0,151.0,0.5894039735099338,22.0,36.0,0.6111111111111112,0.08940397350993379,1.0,0.11111111111111116,1.0,0.5868541666666667,1,2014-01-01,1.0,1.0,2020,0.0
Delaware,2020-04-01,235286.0,2020,158054.0,148.8643121970972,165961,141.7718620639789,2019,26.0,41.0,0.6341463414634146,12.0,21.0,0.5714285714285714,0.13414634146341464,1.0,0.0714285714285714,1.0,0.5779791666666666,1,2014-01-01,1.0,1.0,2020,0.0
Florida,2020-04-01,3694863.0,2020,4279692.0,86.33478764359678,4384883,84.26366222314256,2019,46.0,120.0,0.38333333333333336,17.0,40.0,0.425,-0.11666666666666664,0.0,-0.07500000000000001,0.0,0.4797083333333333,0,,0.0,1.0,2020,0.0
Georgia,2020-04-01,1895954.0,2020,2179986.25,86.97091552756353,2209726,85.80041145372775,2019,75.0,180.0,0.4166666666666667,21.0,56.0,0.375,-0.08333333333333331,0.0,-0.125,0.0,0.49002083333333335,0,,0.0,1.0,2020,0.0
Hawaii,2020-04-01,344318.0,2020,194545.0,176.986301369863,185180,185.93692623393454,2019,46.0,51.0,0.9019607843137255,24.0,25.0,0.96,0.4019607843137255,1.0,0.45999999999999996,1.0,0.636375,1,2014-01-01,1.0,1.0,2020,0.0
Idaho,2020-04-01,332920.0,2020,328815.25,101.24834538544062,341618,97.45388123576626,2019,14.0,70.0,0.2,7.0,35.0,0.2,-0.3,0.0,-0.3,0.0,0.322125,1,2020-01-01,1.0,1.0,2020,0.0
Indiana,2020-04-01,1451788.0,2020,1253686.0,115.8015643470534,1293314,112.25332749819457,2019,33.0,100.0,0.33,10.0,50.0,0.2,-0.16999999999999998,0.0,-0.3,0.0,0.40547916666666667,1,2015-02-01,1.0,1.0,2020,1.0
Maryland,2020-04-01,1350607.0,2020,808354.25,167.08107862363562,793697,170.16657490200922,2019,99.0,141.0,0.7021276595744681,32.0,47.0,0.6808510638297872,0.2021276595744681,1.0,0.18085106382978722,0.0,0.6461250000000001,1,2014-01-01,1.0,1.0,2020,0.0
Massachusetts,2020-04-01,1602898.0,2020,958847.75,167.16918822618086,972871,164.7595621618899,2019,127.0,160.0,0.79375,34.0,40.0,0.85,0.29374999999999996,1.0,0.35,0.0,0.6478333333333334,1,2014-01-01,1.0,1.0,2020,0.0
Minnesota,2020-04-01,1067455.0,2020,786729.5,135.6825948435898,814317,131.08592845292435,2019,75.0,134.0,0.5597014925373134,32.0,67.0,0.47761194029850745,0.05970149253731338,1.0,-0.022388059701492546,1.0,0.5153958333333334,1,2014-01-01,1.0,1.0,2020,0.0
Mississippi,2020-04-01,592152.0,2020,812044.0,72.92117175916576,831252,71.23615943179685,2019,46.0,122.0,0.3770491803278688,19.0,52.0,0.36538461538461536,-0.12295081967213117,0.0,-0.13461538461538464,0.0,0.4119791666666667,0,,0.0,1.0,2020,0.0
Montana,2020-04-01,252152.0,2020,204068.75,123.56227986891672,210360,119.86689484692907,2019,42.0,100.0,0.42,20.0,50.0,0.4,-0.08000000000000002,0.0,-0.09999999999999998,1.0,0.39387500000000003,1,2016-01-01,1.0,1.0,2020,0.0
North Dakota,2020-04-01,92690.0,2020,119115.5,77.81522975599313,122160,75.87590045841519,2019,15.0,94.0,0.1595744680851064,10.0,47.0,0.2127659574468085,-0.3404255319148936,0.0,-0.2872340425531915,0.0,0.30943750000000003,1,2014-01-01,1.0,1.0,2020,0.0
Ohio,2020-04-01,2701204.0,2020,2245107.0,120.31515647138423,2296371,117.62925067421597,2019,38.0,99.0,0.3838383838383838,9.0,33.0,0.2727272727272727,-0.11616161616161619,0.0,-0.2272727272727273,0.0,0.451375,1,2014-01-01,1.0,1.0,2020,1.0
Oklahoma,2020-04-01,762993.0,2020,886090.75,86.10777169268498,885167,86.19763276308312,2019,24.0,101.0,0.2376237623762376,9.0,48.0,0.1875,-0.2623762376237624,0.0,-0.3125,0.0,0.32145833333333335,1,2021-07-01,0.0,1.0,2020,0.0
Oregon,2020-04-01,1029603.0,2020,766841.75,134.2653813514979,797451,129.1117573368144,2019,38.0,60.0,0.6333333333333333,18.0,30.0,0.6,0.1333333333333333,1.0,0.09999999999999998,1.0,0.5555208333333332,1,2014-01-01,1.0,1.0,2020,0.0
Pennsylvania,2020-04-01,3060956.0,2020,2184612.25,140.11438414299838,2259652,135.46138962990761,2019,92.0,203.0,0.45320197044334976,21.0,50.0,0.42,-0.046798029556650245,0.0,-0.08000000000000002,1.0,0.49735416666666665,1,2015-01-01,1.0,1.0,2020,0.0
Rhode Island,2020-04-01,299750.0,2020,172836.5,173.4298021540589,188712,158.83992538895248,2019,66.0,75.0,0.88,33.0,38.0,0.868421052631579,0.38,1.0,0.368421052631579,1.0,0.5867083333333333,1,2014-01-01,1.0,1.0,2020,0.0
South Carolina,2020-04-01,1044058.0,2020,1088843.0,95.88691849972861,1124024,92.8857390945389,2019,44.0,124.0,0.3548387096774194,19.0,46.0,0.41304347826086957,-0.14516129032258063,0.0,-0.08695652173913043,0.0,0.42791666666666667,0,,0.0,1.0,2020,1.0
South Dakota,2020-04-01,110561.0,2020,160298.75,68.97184163943886,166237,66.50805777293863,2019,11.0,70.0,0.15714285714285714,5.0,35.0,0.14285714285714285,-0.34285714285714286,0.0,-0.35714285714285715,0.0,0.35216666666666663,1,2023-07-01,0.0,1.0,2020,0.0
Tennessee,2020-04-01,1464168.0,2020,1439431.75,101.71847327947296,1514870,96.65304613597206,2019,26.0,99.0,0.26262626262626265,5.0,33.0,0.15151515151515152,-0.23737373737373735,0.0,-0.3484848484848485,0.0,0.36891666666666667,0,,0.0,1.0,2020,0.0
Texas,2020-04-01,4309314.0,2020,6077439.0,70.90674213266476,6299251,68.40994270588678,2019,67.0,150.0,0.44666666666666666,12.0,31.0,0.3870967741935484,-0.053333333333333344,0.0,-0.11290322580645162,0.0,0.4610416666666667,0,,0.0,1.0,2020,0.0
Utah,2020-04-01,327216.0,2020,458773.5,71.32408476078065,456764,71.63786988466691,2019,16.0,75.0,0.21333333333333335,6.0,29.0,0.20689655172413793,-0.2866666666666666,0.0,-0.2931034482758621,0.0,0.3602708333333333,1,2020-01-01,1.0,1.0,2020,1.0
Virginia,2020-04-01,1462199.0,2020,1241998.0,117.72957766437627,1298806,112.58024678050455,2019,49.0,100.0,0.49,19.0,40.0,0.475,-0.010000000000000009,0.0,-0.025000000000000022,1.0,0.536,1,2019-01-01,1.0,1.0,2020,0.0
Wyoming,2020-04-01,57817.0,2020,92575.0,62.454226302997576,93266,61.9915081594579,2019,9.0,60.0,0.15,3.0,30.0,0.1,-0.35,0.0,-0.4,0.0,0.26114583333333335,0,,0.0,1.0,2020,0.0
Alabama,2020-05-01,941395.0,2020,1141498.0,82.47014011413073,1174119,80.17884047528402,2019,28.0,105.0,0.26666666666666666,8.0,35.0,0.22857142857142856,-0.23333333333333334,0.0,-0.27142857142857146,0.0,0.363,0,,0.0,1.0,2020,0.0
Arkansas,2020-05-01,879441.0,2020,720605.0,122.04203412410406,761746,115.45068828717184,2019,24.0,100.0,0.24,9.0,35.0,0.2571428571428571,-0.26,0.0,-0.24285714285714288,0.0,0.34825,1,2014-01-01,1.0,1.0,2020,1.0
California,2020-05-01,11740127.0,2020,7223065.666666667,162.53662283840052,7534254,155.823350261353,2019,61.0,80.0,0.7625,28.0,40.0,0.7,0.26249999999999996,1.0,0.19999999999999996,1.0,0.63275,1,2014-01-01,1.0,1.0,2020,0.0
Connecticut,2020-05-01,868067.0,2020,501943.6666666667,172.94112021866994,530145,163.74142923162532,2019,89.0,151.0,0.5894039735099338,22.0,36.0,0.6111111111111112,0.08940397350993379,1.0,0.11111111111111116,1.0,0.5878749999999999,1,2014-01-01,1.0,1.0,2020,0.0
Delaware,2020-05-01,238113.0,2020,158819.66666666666,149.92664636411527,165961,143.47527431143462,2019,26.0,41.0,0.6341463414634146,12.0,21.0,0.5714285714285714,0.13414634146341464,1.0,0.0714285714285714,1.0,0.579125,1,2014-01-01,1.0,1.0,2020,0.0
Florida,2020-05-01,3823393.0,2020,4275758.666666667,89.4202245277953,4384883,87.19486928157491,2019,46.0,120.0,0.38333333333333336,17.0,40.0,0.425,-0.11666666666666664,0.0,-0.07500000000000001,0.0,0.47975,0,,0.0,1.0,2020,0.0
Georgia,2020-05-01,1929582.0,2020,2175820.6666666665,88.68295211829653,2209726,87.32222909084656,2019,75.0,180.0,0.4166666666666667,21.0,56.0,0.375,-0.08333333333333331,0.0,-0.125,0.0,0.490875,0,,0.0,1.0,2020,0.0
Hawaii,2020-05-01,352120.0,2020,196963.66666666666,178.77408862209782,185180,190.1501242034777,2019,46.0,51.0,0.9019607843137255,24.0,25.0,0.96,0.4019607843137255,1.0,0.45999999999999996,1.0,0.63675,1,2014-01-01,1.0,1.0,2020,0.0
Idaho,2020-05-01,337725.0,2020,328697.0,102.74660249409031,341618,98.86042304562406,2019,14.0,70.0,0.2,7.0,35.0,0.2,-0.3,0.0,-0.3,0.0,0.32325000000000004,1,2020-01-01,1.0,1.0,2020,0.0
Indiana,2020-05-01,1482327.0,2020,1250140.6666666667,118.57281660570462,1293314,114.61462568254885,2019,33.0,100.0,0.33,10.0,50.0,0.2,-0.16999999999999998,0.0,-0.3,0.0,0.40612499999999996,1,2015-02-01,1.0,1.0,2020,1.0
Maryland,2020-05-01,1362890.0,2020,815975.3333333334,167.02588231833803,793697,171.71414280260603,2019,99.0,141.0,0.7021276595744681,32.0,47.0,0.6808510638297872,0.2021276595744681,1.0,0.18085106382978722,0.0,0.64725,1,2014-01-01,1.0,1.0,2020,0.0
Massachusetts,2020-05-01,1617451.0,2020,961844.3333333334,168.16141073416938,972871,166.25544393861057,2019,127.0,160.0,0.79375,34.0,40.0,0.85,0.29374999999999996,1.0,0.35,0.0,0.649,1,2014-01-01,1.0,1.0,2020,0.0
Minnesota,2020-05-01,1081190.0,2020,785786.6666666666,137.59332473614552,814317,132.77261803450006,2019,75.0,134.0,0.5597014925373134,32.0,67.0,0.47761194029850745,0.05970149253731338,1.0,-0.022388059701492546,1.0,0.516625,1,2014-01-01,1.0,1.0,2020,0.0
Mississippi,2020-05-01,600867.0,2020,810173.6666666666,74.16520984595483,831252,72.28457796191769,2019,46.0,122.0,0.3770491803278688,19.0,52.0,0.36538461538461536,-0.12295081967213117,0.0,-0.13461538461538464,0.0,0.41212499999999996,0,,0.0,1.0,2020,0.0
Montana,2020-05-01,254458.0,2020,203124.0,125.27224749414152,210360,120.96311085757749,2019,42.0,100.0,0.42,20.0,50.0,0.4,-0.08000000000000002,0.0,-0.09999999999999998,1.0,0.39475000000000005,1,2016-01-01,1.0,1.0,2020,0.0
North Dakota,2020-05-01,95867.0,2020,119717.33333333333,80.07779436004812,122160,78.47658808120498,2019,15.0,94.0,0.1595744680851064,10.0,47.0,0.2127659574468085,-0.3404255319148936,0.0,-0.2872340425531915,0.0,0.310375,1,2014-01-01,1.0,1.0,2020,0.0
Ohio,2020-05-01,2749126.0,2020,2242071.6666666665,122.61543825167647,2296371,119.71610859046731,2019,38.0,99.0,0.3838383838383838,9.0,33.0,0.2727272727272727,-0.11616161616161619,0.0,-0.2272727272727273,0.0,0.45175,1,2014-01-01,1.0,1.0,2020,1.0
Oklahoma,2020-05-01,773600.0,2020,887412.6666666666,87.17477550842561,885167,87.39593771570789,2019,24.0,101.0,0.2376237623762376,9.0,48.0,0.1875,-0.2623762376237624,0.0,-0.3125,0.0,0.32225000000000004,1,2021-07-01,0.0,1.0,2020,0.0
Oregon,2020-05-01,1042719.0,2020,765966.0,136.1312382011734,797451,130.7564978914065,2019,38.0,60.0,0.6333333333333333,18.0,30.0,0.6,0.1333333333333333,1.0,0.09999999999999998,1.0,0.556875,1,2014-01-01,1.0,1.0,2020,0.0
Pennsylvania,2020-05-01,3094732.0,2020,2185114.3333333335,141.62792091885962,2259652,136.95613306827775,2019,92.0,203.0,0.45320197044334976,21.0,50.0,0.42,-0.046798029556650245,0.0,-0.08000000000000002,1.0,0.497875,1,2015-01-01,1.0,1.0,2020,0.0
Rhode Island,2020-05-01,302288.0,2020,173249.33333333334,174.48147948621252,188712,160.18483191317986,2019,66.0,75.0,0.88,33.0,38.0,0.868421052631579,0.38,1.0,0.368421052631579,1.0,0.58775,1,2014-01-01,1.0,1.0,2020,0.0
South Carolina,2020-05-01,1054828.0,2020,1087159.6666666667,97.02604247950086,1124024,93.84390368888921,2019,44.0,124.0,0.3548387096774194,19.0,46.0,0.41304347826086957,-0.14516129032258063,0.0,-0.08695652173913043,0.0,0.4285,0,,0.0,1.0,2020,1.0
South Dakota,2020-05-01,112232.0,2020,159766.0,70.2477373158244,166237,67.513249156325,2019,11.0,70.0,0.15714285714285714,5.0,35.0,0.14285714285714285,-0.34285714285714286,0.0,-0.35714285714285715,0.0,0.353,1,2023-07-01,0.0,1.0,2020,0.0
Tennessee,2020-05-01,1479431.0,2020,1437001.6666666667,102.95262937528487,1514870,97.66059133787057,2019,26.0,99.0,0.26262626262626265,5.0,33.0,0.15151515151515152,-0.23737373737373735,0.0,-0.3484848484848485,0.0,0.3695,0,,0.0,1.0,2020,0.0
Texas,2020-05-01,4400011.0,2020,6081478.0,72.35101401336978,6299251,69.84974880346886,2019,67.0,150.0,0.44666666666666666,12.0,31.0,0.3870967741935484,-0.053333333333333344,0.0,-0.11290322580645162,0.0,0.46175,0,,0.0,1.0,2020,0.0
Utah,2020-05-01,334295.0,2020,458279.3333333333,72.94568523709702,456764,73.18768554439492,2019,16.0,75.0,0.21333333333333335,6.0,29.0,0.20689655172413793,-0.2866666666666666,0.0,-0.2931034482758621,0.0,0.362375,1,2020-01-01,1.0,1.0,2020,1.0
Virginia,2020-05-01,1485789.0,2020,1243671.3333333333,119.46797841015875,1298806,114.39653035172303,2019,49.0,100.0,0.49,19.0,40.0,0.475,-0.010000000000000009,0.0,-0.025000000000000022,1.0,0.537,1,2019-01-01,1.0,1.0,2020,0.0
Wyoming,2020-05-01,58764.0,2020,93054.33333333333,63.1502025698248,93266,63.00688353740913,2019,9.0,60.0,0.15,3.0,30.0,0.1,-0.35,0.0,-0.4,0.0,0.262125,0,,0.0,1.0,2020,0.0
Alabama,2020-06-01,949662.0,2020,1144885.5,82.94820748450391,1174119,80.88294287035642,2019,28.0,105.0,0.26666666666666666,8.0,35.0,0.22857142857142856,-0.23333333333333334,0.0,-0.27142857142857146,0.0,0.3635,0,,0.0,1.0,2020,0.0
Arkansas,2020-06-01,894831.0,2020,720760.0,124.15103501859149,761746,117.47104677937266,2019,24.0,100.0,0.24,9.0,35.0,0.2571428571428571,-0.26,0.0,-0.24285714285714288,0.0,0.34854166666666664,1,2014-01-01,1.0,1.0,2020,1.0
California,2020-06-01,11847711.0,2020,7195326.333333333,164.6584248043603,7534254,157.25128194510035,2019,61.0,80.0,0.7625,28.0,40.0,0.7,0.26249999999999996,1.0,0.19999999999999996,1.0,0.633125,1,2014-01-01,1.0,1.0,2020,0.0
Connecticut,2020-06-01,874974.0,2020,502218.0833333333,174.22192251473754,530145,165.04428033839798,2019,89.0,151.0,0.5894039735099338,22.0,36.0,0.6111111111111112,0.08940397350993379,1.0,0.11111111111111116,1.0,0.5888958333333333,1,2014-01-01,1.0,1.0,2020,0.0
Delaware,2020-06-01,240476.0,2020,159585.33333333334,150.6880331525871,165961,144.89910280126054,2019,26.0,41.0,0.6341463414634146,12.0,21.0,0.5714285714285714,0.13414634146341464,1.0,0.0714285714285714,1.0,0.5802708333333333,1,2014-01-01,1.0,1.0,2020,0.0
Florida,2020-06-01,3892552.0,2020,4271825.333333333,91.12151589219161,4384883,88.77208354247993,2019,46.0,120.0,0.38333333333333336,17.0,40.0,0.425,-0.11666666666666664,0.0,-0.07500000000000001,0.0,0.47979166666666667,0,,0.0,1.0,2020,0.0
Georgia,2020-06-01,1945955.0,2020,2171655.0833333335,89.60700135737486,2209726,88.06318068394,2019,75.0,180.0,0.4166666666666667,21.0,56.0,0.375,-0.08333333333333331,0.0,-0.125,0.0,0.49172916666666666,0,,0.0,1.0,2020,0.0
Hawaii,2020-06-01,356887.0,2020,199382.33333333334,178.99630024057632,185180,192.7243762825359,2019,46.0,51.0,0.9019607843137255,24.0,25.0,0.96,0.4019607843137255,1.0,0.45999999999999996,1.0,0.637125,1,2014-01-01,1.0,1.0,2020,0.0
Idaho,2020-06-01,342341.0,2020,328578.75,104.1884175406961,341618,100.21163990187871,2019,14.0,70.0,0.2,7.0,35.0,0.2,-0.3,0.0,-0.3,0.0,0.324375,1,2020-01-01,1.0,1.0,2020,0.0
Indiana,2020-06-01,1513958.0,2020,1246595.3333333333,121.44743041446758,1293314,117.06035811875539,2019,33.0,100.0,0.33,10.0,50.0,0.2,-0.16999999999999998,0.0,-0.3,0.0,0.4067708333333333,1,2015-02-01,1.0,1.0,2020,1.0
Maryland,2020-06-01,1377552.0,2020,823596.4166666666,167.26056259148774,793697,173.56144725254097,2019,99.0,141.0,0.7021276595744681,32.0,47.0,0.6808510638297872,0.2021276595744681,1.0,0.18085106382978722,0.0,0.648375,1,2014-01-01,1.0,1.0,2020,0.0
Massachusetts,2020-06-01,1632191.0,2020,964840.9166666666,169.16685142654347,972871,167.77054717429135,2019,127.0,160.0,0.79375,34.0,40.0,0.85,0.29374999999999996,1.0,0.35,0.0,0.6501666666666667,1,2014-01-01,1.0,1.0,2020,0.0
Minnesota,2020-06-01,1094130.0,2020,784843.8333333334,139.40735131383886,814317,134.36167978809235,2019,75.0,134.0,0.5597014925373134,32.0,67.0,0.47761194029850745,0.05970149253731338,1.0,-0.022388059701492546,1.0,0.5178541666666667,1,2014-01-01,1.0,1.0,2020,0.0
Mississippi,2020-06-01,608793.0,2020,808303.3333333334,75.31739322284126,831252,73.23807942717731,2019,46.0,122.0,0.3770491803278688,19.0,52.0,0.36538461538461536,-0.12295081967213117,0.0,-0.13461538461538464,0.0,0.4122708333333333,0,,0.0,1.0,2020,0.0
Montana,2020-06-01,257006.0,2020,202179.25,127.1178916728596,210360,122.1743677505229,2019,42.0,100.0,0.42,20.0,50.0,0.4,-0.08000000000000002,0.0,-0.09999999999999998,1.0,0.395625,1,2016-01-01,1.0,1.0,2020,0.0
North Dakota,2020-06-01,96757.0,2020,120319.16666666667,80.41694659343551,122160,79.20514079895219,2019,15.0,94.0,0.1595744680851064,10.0,47.0,0.2127659574468085,-0.3404255319148936,0.0,-0.2872340425531915,0.0,0.3113125,1,2014-01-01,1.0,1.0,2020,0.0
Ohio,2020-06-01,2788134.0,2020,2239036.3333333335,124.52383905040098,2296371,121.41478881243492,2019,38.0,99.0,0.3838383838383838,9.0,33.0,0.2727272727272727,-0.11616161616161619,0.0,-0.2272727272727273,0.0,0.452125,1,2014-01-01,1.0,1.0,2020,1.0
Oklahoma,2020-06-01,797220.0,2020,888734.5833333334,89.70282184923039,885167,90.0643607364486,2019,24.0,101.0,0.2376237623762376,9.0,48.0,0.1875,-0.2623762376237624,0.0,-0.3125,0.0,0.32304166666666667,1,2021-07-01,0.0,1.0,2020,0.0
Oregon,2020-06-01,1055751.0,2020,765090.25,137.99038740854428,797451,132.39070488343486,2019,38.0,60.0,0.6333333333333333,18.0,30.0,0.6,0.1333333333333333,1.0,0.09999999999999998,1.0,0.5582291666666667,1,2014-01-01,1.0,1.0,2020,0.0
Pennsylvania,2020-06-01,3119757.0,2020,2185616.4166666665,142.74037183331615,2259652,138.06360448423032,2019,92.0,203.0,0.45320197044334976,21.0,50.0,0.42,-0.046798029556650245,0.0,-0.08000000000000002,1.0,0.4983958333333333,1,2015-01-01,1.0,1.0,2020,0.0
Rhode Island,2020-06-01,305900.0,2020,173662.16666666666,176.1465988082225,188712,162.09885963796685,2019,66.0,75.0,0.88,33.0,38.0,0.868421052631579,0.38,1.0,0.368421052631579,1.0,0.5887916666666666,1,2014-01-01,1.0,1.0,2020,0.0
South Carolina,2020-06-01,1065947.0,2020,1085476.3333333333,98.20085130061182,1124024,94.8331174423322,2019,44.0,124.0,0.3548387096774194,19.0,46.0,0.41304347826086957,-0.14516129032258063,0.0,-0.08695652173913043,0.0,0.4290833333333333,0,,0.0,1.0,2020,1.0
South Dakota,2020-06-01,114059.0,2020,159233.25,71.63014006182755,166237,68.61228246419269,2019,11.0,70.0,0.15714285714285714,5.0,35.0,0.14285714285714285,-0.34285714285714286,0.0,-0.35714285714285715,0.0,0.35383333333333333,1,2023-07-01,0.0,1.0,2020,0.0
Tennessee,2020-06-01,1496239.0,2020,1434571.5833333333,104.29866431087238,1514870,98.77012548931592,2019,26.0,99.0,0.26262626262626265,5.0,33.0,0.15151515151515152,-0.23737373737373735,0.0,-0.3484848484848485,0.0,0.3700833333333333,0,,0.0,1.0,2020,0.0
Texas,2020-06-01,4472519.0,2020,6085517.0,73.49447877641292,6299251,71.00080628633467,2019,67.0,150.0,0.44666666666666666,12.0,31.0,0.3870967741935484,-0.053333333333333344,0.0,-0.11290322580645162,0.0,0.46245833333333336,0,,0.0,1.0,2020,0.0
Utah,2020-06-01,341920.0,2020,457785.1666666667,74.69005658039742,456764,74.85703777005193,2019,16.0,75.0,0.21333333333333335,6.0,29.0,0.20689655172413793,-0.2866666666666666,0.0,-0.2931034482758621,0.0,0.3644791666666667,1,2020-01-01,1.0,1.0,2020,1.0
Virginia,2020-06-01,1508352.0,2020,1245344.6666666667,121.11924034952573,1298806,116.13374129777658,2019,49.0,100.0,0.49,19.0,40.0,0.475,-0.010000000000000009,0.0,-0.025000000000000022,1.0,0.538,1,2019-01-01,1.0,1.0,2020,0.0
Wyoming,2020-06-01,60261.0,2020,93533.66666666667,64.42706904109393,93266,64.61197006411768,2019,9.0,60.0,0.15,3.0,30.0,0.1,-0.35,0.0,-0.4,0.0,0.2631041666666667,0,,0.0,1.0,2020,0.0
Alabama,2020-07-01,957129.0,2020,1148273.0,83.35378433525825,1174119,81.51890907139736,2019,28.0,105.0,0.26666666666666666,8.0,35.0,0.22857142857142856,-0.23333333333333334,0.0,-0.27142857142857146,0.0,0.364,0,,0.0,1.0,2020,0.0
Arkansas,2020-07-01,902134.0,2020,720915.0,125.13736016035178,761746,118.42976530234488,2019,24.0,100.0,0.24,9.0,35.0,0.2571428571428571,-0.26,0.0,-0.24285714285714288,0.0,0.34883333333333333,1,2014-01-01,1.0,1.0,2020,1.0
California,2020-07-01,12016056.0,2020,7167587.0,167.64436901847162,7534254,159.48567701593282,2019,61.0,80.0,0.7625,28.0,40.0,0.7,0.26249999999999996,1.0,0.19999999999999996,1.0,0.6335,1,2014-01-01,1.0,1.0,2020,0.0
Connecticut,2020-07-01,885365.0,2020,502492.5,176.19466957218265,530145,167.00431014156504,2019,89.0,151.0,0.5894039735099338,22.0,36.0,0.6111111111111112,0.08940397350993379,1.0,0.11111111111111116,1.0,0.5899166666666666,1,2014-01-01,1.0,1.0,2020,0.0
Delaware,2020-07-01,243349.0,2020,160351.0,151.76020105892698,165961,146.63023240399852,2019,26.0,41.0,0.6341463414634146,12.0,21.0,0.5714285714285714,0.13414634146341464,1.0,0.0714285714285714,1.0,0.5814166666666667,1,2014-01-01,1.0,1.0,2020,0.0
Florida,2020-07-01,3930734.0,2020,4267892.0,92.10012811945569,4384883,89.64284793915824,2019,46.0,120.0,0.38333333333333336,17.0,40.0,0.425,-0.11666666666666664,0.0,-0.07500000000000001,0.0,0.47983333333333333,0,,0.0,1.0,2020,0.0
Georgia,2020-07-01,1970507.0,2020,2167489.5,90.91195136124074,2209726,89.1742686649838,2019,75.0,180.0,0.4166666666666667,21.0,56.0,0.375,-0.08333333333333331,0.0,-0.125,0.0,0.4925833333333333,0,,0.0,1.0,2020,0.0
Hawaii,2020-07-01,363958.0,2020,201801.0,180.35490408868142,185180,196.54282319904956,2019,46.0,51.0,0.9019607843137255,24.0,25.0,0.96,0.4019607843137255,1.0,0.45999999999999996,1.0,0.6375,1,2014-01-01,1.0,1.0,2020,0.0
Idaho,2020-07-01,347777.0,2020,328460.5,105.8809202324176,341618,101.80289094836922,2019,14.0,70.0,0.2,7.0,35.0,0.2,-0.3,0.0,-0.3,0.0,0.3255,1,2020-01-01,1.0,1.0,2020,0.0
Indiana,2020-07-01,1543368.0,2020,1243050.0,124.15976831181368,1293314,119.33436118374965,2019,33.0,100.0,0.33,10.0,50.0,0.2,-0.16999999999999998,0.0,-0.3,0.0,0.40741666666666665,1,2015-02-01,1.0,1.0,2020,1.0
Maryland,2020-07-01,1392038.0,2020,831217.5,167.46976573520166,793697,175.38657699348744,2019,99.0,141.0,0.7021276595744681,32.0,47.0,0.6808510638297872,0.2021276595744681,1.0,0.18085106382978722,0.0,0.6495,1,2014-01-01,1.0,1.0,2020,0.0
Massachusetts,2020-07-01,1647914.0,2020,967837.5,170.26763273793378,972871,169.38669155520105,2019,127.0,160.0,0.79375,34.0,40.0,0.85,0.29374999999999996,1.0,0.35,0.0,0.6513333333333333,1,2014-01-01,1.0,1.0,2020,0.0
Minnesota,2020-07-01,1108531.0,2020,783901.0,141.4121170913164,814317,136.13015570103533,2019,75.0,134.0,0.5597014925373134,32.0,67.0,0.47761194029850745,0.05970149253731338,1.0,-0.022388059701492546,1.0,0.5190833333333333,1,2014-01-01,1.0,1.0,2020,0.0
Mississippi,2020-07-01,617043.0,2020,806433.0,76.5150979684611,831252,74.23055824226589,2019,46.0,122.0,0.3770491803278688,19.0,52.0,0.36538461538461536,-0.12295081967213117,0.0,-0.13461538461538464,0.0,0.41241666666666665,0,,0.0,1.0,2020,0.0
Montana,2020-07-01,259433.0,2020,201234.5,128.92073675239584,210360,123.32810420231984,2019,42.0,100.0,0.42,20.0,50.0,0.4,-0.08000000000000002,0.0,-0.09999999999999998,1.0,0.3965,1,2016-01-01,1.0,1.0,2020,0.0
North Dakota,2020-07-01,98657.0,2020,120921.0,81.58797892839125,122160,80.76047806155862,2019,15.0,94.0,0.1595744680851064,10.0,47.0,0.2127659574468085,-0.3404255319148936,0.0,-0.2872340425531915,0.0,0.31225,1,2014-01-01,1.0,1.0,2020,0.0
Ohio,2020-07-01,2819633.0,2020,2236001.0,126.10159834454457,2296371,122.78647483355259,2019,38.0,99.0,0.3838383838383838,9.0,33.0,0.2727272727272727,-0.11616161616161619,0.0,-0.2272727272727273,0.0,0.4525,1,2014-01-01,1.0,1.0,2020,1.0
Oklahoma,2020-07-01,809286.0,2020,890056.5,90.9252390157254,885167,91.42749334306409,2019,24.0,101.0,0.2376237623762376,9.0,48.0,0.1875,-0.2623762376237624,0.0,-0.3125,0.0,0.32383333333333336,1,2021-07-01,0.0,1.0,2020,0.0
Oregon,2020-07-01,1069272.0,2020,764214.5,139.91778486275777,797451,134.08623225753055,2019,38.0,60.0,0.6333333333333333,18.0,30.0,0.6,0.1333333333333333,1.0,0.09999999999999998,1.0,0.5595833333333333,1,2014-01-01,1.0,1.0,2020,0.0
Pennsylvania,2020-07-01,3149552.0,2020,2186118.5,144.07050669943098,2259652,139.3821703518949,2019,92.0,203.0,0.45320197044334976,21.0,50.0,0.42,-0.046798029556650245,0.0,-0.08000000000000002,1.0,0.4989166666666667,1,2015-01-01,1.0,1.0,2020,0.0
Rhode Island,2020-07-01,309281.0,2020,174075.0,177.67111877064482,188712,163.8904786129128,2019,66.0,75.0,0.88,33.0,38.0,0.868421052631579,0.38,1.0,0.368421052631579,1.0,0.5898333333333333,1,2014-01-01,1.0,1.0,2020,0.0
South Carolina,2020-07-01,1077781.0,2020,1083793.0,99.44528152516209,1124024,95.88594193718284,2019,44.0,124.0,0.3548387096774194,19.0,46.0,0.41304347826086957,-0.14516129032258063,0.0,-0.08695652173913043,0.0,0.42966666666666664,0,,0.0,1.0,2020,1.0
South Dakota,2020-07-01,115715.0,2020,158700.5,72.91407399472591,166237,69.6084505856097,2019,11.0,70.0,0.15714285714285714,5.0,35.0,0.14285714285714285,-0.34285714285714286,0.0,-0.35714285714285715,0.0,0.3546666666666667,1,2023-07-01,0.0,1.0,2020,0.0
Tennessee,2020-07-01,1512194.0,2020,1432141.5,105.58970604510797,1514870,99.82335117864899,2019,26.0,99.0,0.26262626262626265,5.0,33.0,0.15151515151515152,-0.23737373737373735,0.0,-0.3484848484848485,0.0,0.37066666666666664,0,,0.0,1.0,2020,0.0
Texas,2020-07-01,4531429.0,2020,6089556.0,74.41312634287294,6299251,71.9359968351793,2019,67.0,150.0,0.44666666666666666,12.0,31.0,0.3870967741935484,-0.053333333333333344,0.0,-0.11290322580645162,0.0,0.46316666666666667,0,,0.0,1.0,2020,0.0
Utah,2020-07-01,349201.0,2020,457291.0,76.36297237426497,456764,76.45107758054488,2019,16.0,75.0,0.21333333333333335,6.0,29.0,0.20689655172413793,-0.2866666666666666,0.0,-0.2931034482758621,0.0,0.3665833333333333,1,2020-01-01,1.0,1.0,2020,1.0
Virginia,2020-07-01,1529228.0,2020,1247018.0,122.63078800787157,1298806,117.74106371544326,2019,49.0,100.0,0.49,19.0,40.0,0.475,-0.010000000000000009,0.0,-0.025000000000000022,1.0,0.539,1,2019-01-01,1.0,1.0,2020,0.0
Wyoming,2020-07-01,61603.0,2020,94013.0,65.52604427047322,93266,66.05086526708554,2019,9.0,60.0,0.15,3.0,30.0,0.1,-0.35,0.0,-0.4,0.0,0.26408333333333334,0,,0.0,1.0,2020,0.0
Alabama,2020-08-01,964613.0,2020,1151660.5,83.75845138389309,1174119,82.15632316656148,2019,28.0,105.0,0.26666666666666666,8.0,35.0,0.22857142857142856,-0.23333333333333334,0.0,-0.27142857142857146,0.0,0.3645,0,,0.0,1.0,2020,0.0
Arkansas,2020-08-01,911413.0,2020,721070.0,126.3972984592342,761746,119.64788787863671,2019,24.0,100.0,0.24,9.0,35.0,0.2571428571428571,-0.26,0.0,-0.24285714285714288,0.0,0.34912499999999996,1,2014-01-01,1.0,1.0,2020,1.0
California,2020-08-01,12116855.0,2020,7139847.666666667,169.70747228360568,7534254,160.82355333388017,2019,61.0,80.0,0.7625,28.0,40.0,0.7,0.26249999999999996,1.0,0.19999999999999996,1.0,0.633875,1,2014-01-01,1.0,1.0,2020,0.0
Connecticut,2020-08-01,893114.0,2020,502766.9166666667,177.63977111328757,530145,168.4659857208877,2019,89.0,151.0,0.5894039735099338,22.0,36.0,0.6111111111111112,0.08940397350993379,1.0,0.11111111111111116,1.0,0.5909375,1,2014-01-01,1.0,1.0,2020,0.0
Delaware,2020-08-01,246249.0,2020,161116.66666666666,152.83893658839352,165961,148.37763088918481,2019,26.0,41.0,0.6341463414634146,12.0,21.0,0.5714285714285714,0.13414634146341464,1.0,0.0714285714285714,1.0,0.5825625,1,2014-01-01,1.0,1.0,2020,0.0
Florida,2020-08-01,3977970.0,2020,4263958.666666667,93.29288370212468,4384883,90.72009447002348,2019,46.0,120.0,0.38333333333333336,17.0,40.0,0.425,-0.11666666666666664,0.0,-0.07500000000000001,0.0,0.479875,0,,0.0,1.0,2020,0.0
Georgia,2020-08-01,1998686.0,2020,2163323.9166666665,92.38958551707101,2209726,90.44949464322725,2019,75.0,180.0,0.4166666666666667,21.0,56.0,0.375,-0.08333333333333331,0.0,-0.125,0.0,0.4934375,0,,0.0,1.0,2020,0.0
Hawaii,2020-08-01,369661.0,2020,204219.66666666666,181.011459882251,185180,199.62252943082404,2019,46.0,51.0,0.9019607843137255,24.0,25.0,0.96,0.4019607843137255,1.0,0.45999999999999996,1.0,0.637875,1,2014-01-01,1.0,1.0,2020,0.0
Idaho,2020-08-01,354061.0,2020,328342.25,107.83290910627554,341618,103.64237247451833,2019,14.0,70.0,0.2,7.0,35.0,0.2,-0.3,0.0,-0.3,0.0,0.326625,1,2020-01-01,1.0,1.0,2020,0.0
Indiana,2020-08-01,1570951.0,2020,1239504.6666666667,126.74022472417745,1293314,121.46709925045272,2019,33.0,100.0,0.33,10.0,50.0,0.2,-0.16999999999999998,0.0,-0.3,0.0,0.4080625,1,2015-02-01,1.0,1.0,2020,1.0
Maryland,2020-08-01,1405507.0,2020,838838.5833333334,167.55392848226757,793697,177.08357219442684,2019,99.0,141.0,0.7021276595744681,32.0,47.0,0.6808510638297872,0.2021276595744681,1.0,0.18085106382978722,0.0,0.650625,1,2014-01-01,1.0,1.0,2020,0.0
Massachusetts,2020-08-01,1665288.0,2020,970834.0833333334,171.5316786450551,972871,171.17253983313307,2019,127.0,160.0,0.79375,34.0,40.0,0.85,0.29374999999999996,1.0,0.35,0.0,0.6525000000000001,1,2014-01-01,1.0,1.0,2020,0.0
Minnesota,2020-08-01,1122557.0,2020,782958.1666666666,143.37381584243857,814317,137.852580751722,2019,75.0,134.0,0.5597014925373134,32.0,67.0,0.47761194029850745,0.05970149253731338,1.0,-0.022388059701492546,1.0,0.5203125000000001,1,2014-01-01,1.0,1.0,2020,0.0
Mississippi,2020-08-01,626269.0,2020,804562.6666666666,77.83967936203851,831252,75.34045030869099,2019,46.0,122.0,0.3770491803278688,19.0,52.0,0.36538461538461536,-0.12295081967213117,0.0,-0.13461538461538464,0.0,0.4125625,0,,0.0,1.0,2020,0.0
Montana,2020-08-01,262233.0,2020,200289.75,130.92681976985844,210360,124.65915573302911,2019,42.0,100.0,0.42,20.0,50.0,0.4,-0.08000000000000002,0.0,-0.09999999999999998,1.0,0.39737500000000003,1,2016-01-01,1.0,1.0,2020,0.0
North Dakota,2020-08-01,103212.0,2020,121522.83333333333,84.93218695526356,122160,84.48919449901769,2019,15.0,94.0,0.1595744680851064,10.0,47.0,0.2127659574468085,-0.3404255319148936,0.0,-0.2872340425531915,0.0,0.3131875,1,2014-01-01,1.0,1.0,2020,0.0
Ohio,2020-08-01,2851221.0,2020,2232965.6666666665,127.687632755064,2296371,124.16203653503723,2019,38.0,99.0,0.3838383838383838,9.0,33.0,0.2727272727272727,-0.11616161616161619,0.0,-0.2272727272727273,0.0,0.452875,1,2014-01-01,1.0,1.0,2020,1.0
Oklahoma,2020-08-01,823588.0,2020,891378.4166666666,92.39487793296918,885167,93.04323364969548,2019,24.0,101.0,0.2376237623762376,9.0,48.0,0.1875,-0.2623762376237624,0.0,-0.3125,0.0,0.324625,1,2021-07-01,0.0,1.0,2020,0.0
Oregon,2020-08-01,1082875.0,2020,763338.75,141.86034706085601,797451,135.79204239508132,2019,38.0,60.0,0.6333333333333333,18.0,30.0,0.6,0.1333333333333333,1.0,0.09999999999999998,1.0,0.5609375,1,2014-01-01,1.0,1.0,2020,0.0
Pennsylvania,2020-08-01,3184383.0,2020,2186620.5833333335,145.63034045648905,2259652,140.9236023954131,2019,92.0,203.0,0.45320197044334976,21.0,50.0,0.42,-0.046798029556650245,0.0,-0.08000000000000002,1.0,0.4994375,1,2015-01-01,1.0,1.0,2020,0.0
Rhode Island,2020-08-01,312577.0,2020,174487.83333333334,179.13971079167888,188712,165.63705540718132,2019,66.0,75.0,0.88,33.0,38.0,0.868421052631579,0.38,1.0,0.368421052631579,1.0,0.5908749999999999,1,2014-01-01,1.0,1.0,2020,0.0
South Carolina,2020-08-01,1089141.0,2020,1082109.6666666667,100.64978010546682,1124024,96.89659651395344,2019,44.0,124.0,0.3548387096774194,19.0,46.0,0.41304347826086957,-0.14516129032258063,0.0,-0.08695652173913043,0.0,0.43025,0,,0.0,1.0,2020,1.0
South Dakota,2020-08-01,117303.0,2020,158167.75,74.16366484318073,166237,70.56371325276562,2019,11.0,70.0,0.15714285714285714,5.0,35.0,0.14285714285714285,-0.34285714285714286,0.0,-0.35714285714285715,0.0,0.3555,1,2023-07-01,0.0,1.0,2020,0.0
Tennessee,2020-08-01,1527568.0,2020,1429711.4166666667,106.84449898018462,1514870,100.83822374197126,2019,26.0,99.0,0.26262626262626265,5.0,33.0,0.15151515151515152,-0.23737373737373735,0.0,-0.3484848484848485,0.0,0.37124999999999997,0,,0.0,1.0,2020,0.0
Texas,2020-08-01,4590128.0,2020,6093595.0,75.32709344812054,6299251,72.86783777944393,2019,67.0,150.0,0.44666666666666666,12.0,31.0,0.3870967741935484,-0.053333333333333344,0.0,-0.11290322580645162,0.0,0.46387500000000004,0,,0.0,1.0,2020,0.0
Utah,2020-08-01,362753.0,2020,456796.8333333333,79.4123280918833,456764,79.41803644770604,2019,16.0,75.0,0.21333333333333335,6.0,29.0,0.20689655172413793,-0.2866666666666666,0.0,-0.2931034482758621,0.0,0.3686875,1,2020-01-01,1.0,1.0,2020,1.0
Virginia,2020-08-01,1549215.0,2020,1248691.3333333333,124.06708997206141,1298806,119.27993865134592,2019,49.0,100.0,0.49,19.0,40.0,0.475,-0.010000000000000009,0.0,-0.025000000000000022,1.0,0.54,1,2019-01-01,1.0,1.0,2020,0.0
Wyoming,2020-08-01,62437.0,2020,94492.33333333333,66.07626015514487,93266,66.94508180901937,2019,9.0,60.0,0.15,3.0,30.0,0.1,-0.35,0.0,-0.4,0.0,0.26506250000000003,0,,0.0,1.0,2020,0.0
Alabama,2020-09-01,973431.0,2020,1155048.0,84.27623787063395,1174119,82.90735436527302,2019,28.0,105.0,0.26666666666666666,8.0,35.0,0.22857142857142856,-0.23333333333333334,0.0,-0.27142857142857146,0.0,0.365,0,,0.0,1.0,2020,0.0
Arkansas,2020-09-01,922498.0,2020,721225.0,127.90710249922009,761746,121.10309735791196,2019,24.0,100.0,0.24,9.0,35.0,0.2571428571428571,-0.26,0.0,-0.24285714285714288,0.0,0.34941666666666665,1,2014-01-01,1.0,1.0,2020,1.0
California,2020-09-01,12212599.0,2020,7112108.333333333,171.7155930086367,7534254,162.09433608158153,2019,61.0,80.0,0.7625,28.0,40.0,0.7,0.26249999999999996,1.0,0.19999999999999996,1.0,0.63425,1,2014-01-01,1.0,1.0,2020,0.0
Connecticut,2020-09-01,900777.0,2020,503041.3333333333,179.0661999941688,530145,169.91143932320404,2019,89.0,151.0,0.5894039735099338,22.0,36.0,0.6111111111111112,0.08940397350993379,1.0,0.11111111111111116,1.0,0.5919583333333334,1,2014-01-01,1.0,1.0,2020,0.0
Delaware,2020-09-01,248868.0,2020,161882.33333333334,153.7338848999376,165961,149.95571248666855,2019,26.0,41.0,0.6341463414634146,12.0,21.0,0.5714285714285714,0.13414634146341464,1.0,0.0714285714285714,1.0,0.5837083333333333,1,2014-01-01,1.0,1.0,2020,0.0
Florida,2020-09-01,4006720.0,2020,4260025.333333333,94.05390077492498,4384883,91.37575620603788,2019,46.0,120.0,0.38333333333333336,17.0,40.0,0.425,-0.11666666666666664,0.0,-0.07500000000000001,0.0,0.47991666666666666,0,,0.0,1.0,2020,0.0
Georgia,2020-09-01,2022154.0,2020,2159158.3333333335,93.65473429075372,2209726,91.51152676847718,2019,75.0,180.0,0.4166666666666667,21.0,56.0,0.375,-0.08333333333333331,0.0,-0.125,0.0,0.4942916666666667,0,,0.0,1.0,2020,0.0
Hawaii,2020-09-01,375513.0,2020,206638.33333333334,181.72475258704821,185180,202.78269791554163,2019,46.0,51.0,0.9019607843137255,24.0,25.0,0.96,0.4019607843137255,1.0,0.45999999999999996,1.0,0.63825,1,2014-01-01,1.0,1.0,2020,0.0
Idaho,2020-09-01,359001.0,2020,328224.0,109.37682801988886,341618,105.08843210837837,2019,14.0,70.0,0.2,7.0,35.0,0.2,-0.3,0.0,-0.3,0.0,0.32775000000000004,1,2020-01-01,1.0,1.0,2020,0.0
Indiana,2020-09-01,1593388.0,2020,1235959.3333333333,128.91912840713746,1293314,123.20194477133937,2019,33.0,100.0,0.33,10.0,50.0,0.2,-0.16999999999999998,0.0,-0.3,0.0,0.40870833333333334,1,2015-02-01,1.0,1.0,2020,1.0
Maryland,2020-09-01,1418225.0,2020,846459.6666666666,167.54785323498385,793697,178.68594690417123,2019,99.0,141.0,0.7021276595744681,32.0,47.0,0.6808510638297872,0.2021276595744681,1.0,0.18085106382978722,0.0,0.65175,1,2014-01-01,1.0,1.0,2020,0.0
Massachusetts,2020-09-01,1684294.0,2020,973830.6666666666,172.95553094103974,972871,173.1261390256262,2019,127.0,160.0,0.79375,34.0,40.0,0.85,0.29374999999999996,1.0,0.35,0.0,0.6536666666666667,1,2014-01-01,1.0,1.0,2020,0.0
Minnesota,2020-09-01,1134193.0,2020,782015.3333333334,145.03462421452946,814317,139.28150830696154,2019,75.0,134.0,0.5597014925373134,32.0,67.0,0.47761194029850745,0.05970149253731338,1.0,-0.022388059701492546,1.0,0.5215416666666667,1,2014-01-01,1.0,1.0,2020,0.0
Mississippi,2020-09-01,634525.0,2020,802692.3333333334,79.04959019167576,831252,76.33365092655417,2019,46.0,122.0,0.3770491803278688,19.0,52.0,0.36538461538461536,-0.12295081967213117,0.0,-0.13461538461538464,0.0,0.4127083333333333,0,,0.0,1.0,2020,0.0
Montana,2020-09-01,265098.0,2020,199345.0,132.98452431713864,210360,126.02110667427266,2019,42.0,100.0,0.42,20.0,50.0,0.4,-0.08000000000000002,0.0,-0.09999999999999998,1.0,0.39825,1,2016-01-01,1.0,1.0,2020,0.0
North Dakota,2020-09-01,102459.0,2020,122124.66666666667,83.8970560138001,122160,83.87278978388998,2019,15.0,94.0,0.1595744680851064,10.0,47.0,0.2127659574468085,-0.3404255319148936,0.0,-0.2872340425531915,0.0,0.314125,1,2014-01-01,1.0,1.0,2020,0.0
Ohio,2020-09-01,2881716.0,2020,2229930.3333333335,129.22896993344037,2296371,125.49000139785775,2019,38.0,99.0,0.3838383838383838,9.0,33.0,0.2727272727272727,-0.11616161616161619,0.0,-0.2272727272727273,0.0,0.45325000000000004,1,2014-01-01,1.0,1.0,2020,1.0
Oklahoma,2020-09-01,833734.0,2020,892700.3333333334,93.39461058414152,885167,94.1894580344726,2019,24.0,101.0,0.2376237623762376,9.0,48.0,0.1875,-0.2623762376237624,0.0,-0.3125,0.0,0.3254166666666667,1,2021-07-01,0.0,1.0,2020,0.0
Oregon,2020-09-01,1096491.0,2020,762463.0,143.8090766371614,797451,137.49948272683838,2019,38.0,60.0,0.6333333333333333,18.0,30.0,0.6,0.1333333333333333,1.0,0.09999999999999998,1.0,0.5622916666666666,1,2014-01-01,1.0,1.0,2020,0.0
Pennsylvania,2020-09-01,3212864.0,2020,2187122.6666666665,146.89912225621245,2259652,142.18401771600227,2019,92.0,203.0,0.45320197044334976,21.0,50.0,0.42,-0.046798029556650245,0.0,-0.08000000000000002,1.0,0.49995833333333334,1,2015-01-01,1.0,1.0,2020,0.0
Rhode Island,2020-09-01,315723.0,2020,174900.66666666666,180.51560695404248,188712,167.30414600025435,2019,66.0,75.0,0.88,33.0,38.0,0.868421052631579,0.38,1.0,0.368421052631579,1.0,0.5919166666666666,1,2014-01-01,1.0,1.0,2020,0.0
South Carolina,2020-09-01,1098884.0,2020,1080426.3333333333,101.70836882600973,1124024,97.76339295246365,2019,44.0,124.0,0.3548387096774194,19.0,46.0,0.41304347826086957,-0.14516129032258063,0.0,-0.08695652173913043,0.0,0.43083333333333335,0,,0.0,1.0,2020,1.0
South Dakota,2020-09-01,118950.0,2020,157635.0,75.45913026929298,166237,71.55446741700104,2019,11.0,70.0,0.15714285714285714,5.0,35.0,0.14285714285714285,-0.34285714285714286,0.0,-0.35714285714285715,0.0,0.35633333333333334,1,2023-07-01,0.0,1.0,2020,0.0
Tennessee,2020-09-01,1540767.0,2020,1427281.3333333333,107.95117710967519,1514870,101.70951962874702,2019,26.0,99.0,0.26262626262626265,5.0,33.0,0.15151515151515152,-0.23737373737373735,0.0,-0.3484848484848485,0.0,0.37183333333333335,0,,0.0,1.0,2020,0.0
Texas,2020-09-01,4646049.0,2020,6097634.0,76.19429109716982,6299251,73.75557824255614,2019,67.0,150.0,0.44666666666666666,12.0,31.0,0.3870967741935484,-0.053333333333333344,0.0,-0.11290322580645162,0.0,0.46458333333333335,0,,0.0,1.0,2020,0.0
Utah,2020-09-01,371265.0,2020,456302.6666666667,81.36375855791623,456764,81.28158086013784,2019,16.0,75.0,0.21333333333333335,6.0,29.0,0.20689655172413793,-0.2866666666666666,0.0,-0.2931034482758621,0.0,0.37079166666666663,1,2020-01-01,1.0,1.0,2020,1.0
Virginia,2020-09-01,1568142.0,2020,1250364.6666666667,125.4147723304188,1298806,120.73720016692255,2019,49.0,100.0,0.49,19.0,40.0,0.475,-0.010000000000000009,0.0,-0.025000000000000022,1.0,0.541,1,2019-01-01,1.0,1.0,2020,0.0
Wyoming,2020-09-01,63245.0,2020,94971.66666666667,66.59354544337785,93266,67.81142109664829,2019,9.0,60.0,0.15,3.0,30.0,0.1,-0.35,0.0,-0.4,0.0,0.2660416666666667,0,,0.0,1.0,2020,0.0
Alabama,2020-10-01,982013.0,2020,1158435.5,84.77062382843067,1174119,83.6382853867453,2019,28.0,105.0,0.26666666666666666,8.0,35.0,0.22857142857142856,-0.23333333333333334,0.0,-0.27142857142857146,0.0,0.3655,0,,0.0,1.0,2020,0.0
Arkansas,2020-10-01,930571.0,2020,721380.0,128.99872466661122,761746,122.16289944417167,2019,24.0,100.0,0.24,9.0,35.0,0.2571428571428571,-0.26,0.0,-0.24285714285714288,0.0,0.3497083333333333,1,2014-01-01,1.0,1.0,2020,1.0
California,2020-10-01,12298138.0,2020,7084369.0,173.595390076378,7534254,163.22967078094263,2019,61.0,80.0,0.7625,28.0,40.0,0.7,0.26249999999999996,1.0,0.19999999999999996,1.0,0.634625,1,2014-01-01,1.0,1.0,2020,0.0
Connecticut,2020-10-01,909492.0,2020,503315.75,180.70008737060186,530145,171.55532920238804,2019,89.0,151.0,0.5894039735099338,22.0,36.0,0.6111111111111112,0.08940397350993379,1.0,0.11111111111111116,1.0,0.5929791666666666,1,2014-01-01,1.0,1.0,2020,0.0
Delaware,2020-10-01,251502.0,2020,162648.0,154.62962962962962,165961,151.54283235217915,2019,26.0,41.0,0.6341463414634146,12.0,21.0,0.5714285714285714,0.13414634146341464,1.0,0.0714285714285714,1.0,0.5848541666666667,1,2014-01-01,1.0,1.0,2020,0.0
Florida,2020-10-01,4037892.0,2020,4256092.0,94.8732311237633,4384883,92.08665316725669,2019,46.0,120.0,0.38333333333333336,17.0,40.0,0.425,-0.11666666666666664,0.0,-0.07500000000000001,0.0,0.4799583333333333,0,,0.0,1.0,2020,0.0
Georgia,2020-10-01,2042331.0,2020,2154992.75,94.77205897792463,2209726,92.42462640164437,2019,75.0,180.0,0.4166666666666667,21.0,56.0,0.375,-0.08333333333333331,0.0,-0.125,0.0,0.49514583333333334,0,,0.0,1.0,2020,0.0
Hawaii,2020-10-01,381225.0,2020,209057.0,182.35457315468986,185180,205.86726428339995,2019,46.0,51.0,0.9019607843137255,24.0,25.0,0.96,0.4019607843137255,1.0,0.45999999999999996,1.0,0.638625,1,2014-01-01,1.0,1.0,2020,0.0
Idaho,2020-10-01,363581.0,2020,328105.75,110.81213907406378,341618,106.42911087823241,2019,14.0,70.0,0.2,7.0,35.0,0.2,-0.3,0.0,-0.3,0.0,0.32887500000000003,1,2020-01-01,1.0,1.0,2020,0.0
Indiana,2020-10-01,1616483.0,2020,1232414.0,131.163959513605,1293314,124.98766734141901,2019,33.0,100.0,0.33,10.0,50.0,0.2,-0.16999999999999998,0.0,-0.3,0.0,0.40935416666666663,1,2015-02-01,1.0,1.0,2020,1.0
Maryland,2020-10-01,1430094.0,2020,854080.75,167.44248128763,793697,180.18135384157935,2019,99.0,141.0,0.7021276595744681,32.0,47.0,0.6808510638297872,0.2021276595744681,1.0,0.18085106382978722,0.0,0.652875,1,2014-01-01,1.0,1.0,2020,0.0
Massachusetts,2020-10-01,1702326.0,2020,976827.25,174.2709368519357,972871,174.97962216984575,2019,127.0,160.0,0.79375,34.0,40.0,0.85,0.29374999999999996,1.0,0.35,0.0,0.6548333333333334,1,2014-01-01,1.0,1.0,2020,0.0
Minnesota,2020-10-01,1146104.0,2020,781072.5,146.73465011250556,814317,140.7442064945224,2019,75.0,134.0,0.5597014925373134,32.0,67.0,0.47761194029850745,0.05970149253731338,1.0,-0.022388059701492546,1.0,0.5227708333333334,1,2014-01-01,1.0,1.0,2020,0.0
Mississippi,2020-10-01,641795.0,2020,800822.0,80.14202906513557,831252,77.20823528845645,2019,46.0,122.0,0.3770491803278688,19.0,52.0,0.36538461538461536,-0.12295081967213117,0.0,-0.13461538461538464,0.0,0.41285416666666663,0,,0.0,1.0,2020,0.0
Montana,2020-10-01,267747.0,2020,198400.25,134.95295494839345,210360,127.28037649743298,2019,42.0,100.0,0.42,20.0,50.0,0.4,-0.08000000000000002,0.0,-0.09999999999999998,1.0,0.399125,1,2016-01-01,1.0,1.0,2020,0.0
North Dakota,2020-10-01,106177.0,2020,122726.5,86.51513731753126,122160,86.91633922724296,2019,15.0,94.0,0.1595744680851064,10.0,47.0,0.2127659574468085,-0.3404255319148936,0.0,-0.2872340425531915,0.0,0.3150625,1,2014-01-01,1.0,1.0,2020,0.0
Ohio,2020-10-01,2910145.0,2020,2226895.0,130.68173398386543,2296371,126.72799821979986,2019,38.0,99.0,0.3838383838383838,9.0,33.0,0.2727272727272727,-0.11616161616161619,0.0,-0.2272727272727273,0.0,0.453625,1,2014-01-01,1.0,1.0,2020,1.0
Oklahoma,2020-10-01,844213.0,2020,894022.25,94.42863418667712,885167,95.37330243897479,2019,24.0,101.0,0.2376237623762376,9.0,48.0,0.1875,-0.2623762376237624,0.0,-0.3125,0.0,0.3262083333333333,1,2021-07-01,0.0,1.0,2020,0.0
Oregon,2020-10-01,1109661.0,2020,761587.25,145.7037260011903,797451,139.15099485736428,2019,38.0,60.0,0.6333333333333333,18.0,30.0,0.6,0.1333333333333333,1.0,0.09999999999999998,1.0,0.5636458333333333,1,2014-01-01,1.0,1.0,2020,0.0
Pennsylvania,2020-10-01,3242930.0,2020,2187624.75,148.23977466885032,2259652,143.51457658081864,2019,92.0,203.0,0.45320197044334976,21.0,50.0,0.42,-0.046798029556650245,0.0,-0.08000000000000002,1.0,0.5004791666666667,1,2015-01-01,1.0,1.0,2020,0.0
Rhode Island,2020-10-01,318399.0,2020,175313.5,181.61693195332933,188712,168.72217982958156,2019,66.0,75.0,0.88,33.0,38.0,0.868421052631579,0.38,1.0,0.368421052631579,1.0,0.5929583333333333,1,2014-01-01,1.0,1.0,2020,0.0
South Carolina,2020-10-01,1108363.0,2020,1078743.0,102.74578838518535,1124024,98.60670234799257,2019,44.0,124.0,0.3548387096774194,19.0,46.0,0.41304347826086957,-0.14516129032258063,0.0,-0.08695652173913043,0.0,0.43141666666666667,0,,0.0,1.0,2020,1.0
South Dakota,2020-10-01,120430.0,2020,157102.25,76.65708161404436,166237,72.44476259797759,2019,11.0,70.0,0.15714285714285714,5.0,35.0,0.14285714285714285,-0.34285714285714286,0.0,-0.35714285714285715,0.0,0.35716666666666663,1,2023-07-01,0.0,1.0,2020,0.0
Tennessee,2020-10-01,1552736.0,2020,1424851.25,108.97530531695851,1514870,102.4996204294758,2019,26.0,99.0,0.26262626262626265,5.0,33.0,0.15151515151515152,-0.23737373737373735,0.0,-0.3484848484848485,0.0,0.3724166666666667,0,,0.0,1.0,2020,0.0
Texas,2020-10-01,4700884.0,2020,6101673.0,77.04254226668652,6299251,74.62607856076858,2019,67.0,150.0,0.44666666666666666,12.0,31.0,0.3870967741935484,-0.053333333333333344,0.0,-0.11290322580645162,0.0,0.46529166666666666,0,,0.0,1.0,2020,0.0
Utah,2020-10-01,376569.0,2020,455808.5,82.61561598785455,456764,82.44279321487683,2019,16.0,75.0,0.21333333333333335,6.0,29.0,0.20689655172413793,-0.2866666666666666,0.0,-0.2931034482758621,0.0,0.3728958333333333,1,2020-01-01,1.0,1.0,2020,1.0
Virginia,2020-10-01,1586513.0,2020,1252038.0,126.71444476924822,1298806,122.15165313372435,2019,49.0,100.0,0.49,19.0,40.0,0.475,-0.010000000000000009,0.0,-0.025000000000000022,1.0,0.542,1,2019-01-01,1.0,1.0,2020,0.0
Wyoming,2020-10-01,63624.0,2020,95451.0,66.65619008706038,93266,68.21778568824652,2019,9.0,60.0,0.15,3.0,30.0,0.1,-0.35,0.0,-0.4,0.0,0.2670208333333334,0,,0.0,1.0,2020,0.0
Alabama,2020-11-01,990301.0,2020,1161823.0,85.23682178782826,1174119,84.34417635691102,2021,27.0,105.0,0.2571428571428571,8.0,35.0,0.22857142857142856,-0.24285714285714288,0.0,-0.27142857142857146,0.0,0.366,0,,0.0,1.0,2020,0.0
Arizona,2020-11-01,1942802.0,2020,1375881.6666666667,141.20414909712437,1492698,130.15372165032713,2021,28.0,60.0,0.4666666666666667,14.0,30.0,0.4666666666666667,-0.033333333333333326,0.0,-0.033333333333333326,0.0,0.496,1,2014-01-01,1.0,1.0,2020,1.0
Arkansas,2020-11-01,940571.0,2020,721535.0,130.3569473414318,761746,123.47567299335999,2021,22.0,100.0,0.22,7.0,35.0,0.2,-0.28,0.0,-0.3,0.0,0.35,1,2014-01-01,1.0,1.0,2020,1.0
California,2020-11-01,12359049.0,2020,7056629.666666667,175.14096082412146,7534254,164.03812507515673,2021,60.0,80.0,0.75,30.0,40.0,0.75,0.25,1.0,0.25,1.0,0.635,1,2014-01-01,1.0,1.0,2020,0.0
Connecticut,2020-11-01,917572.0,2020,503590.1666666667,182.2060994704358,530145,173.07944053042092,2021,97.0,151.0,0.6423841059602649,23.0,36.0,0.6388888888888888,0.14238410596026485,1.0,0.13888888888888884,1.0,0.594,1,2014-01-01,1.0,1.0,2020,0.0
Delaware,2020-11-01,254552.0,2020,163413.66666666666,155.7715490952409,165961,153.38061351763366,2021,26.0,41.0,0.6341463414634146,14.0,21.0,0.6666666666666666,0.13414634146341464,1.0,0.16666666666666663,1.0,0.586,1,2014-01-01,1.0,1.0,2020,0.0
Florida,2020-11-01,4076951.0,2020,4252158.666666667,95.87955952725501,4384883,92.97741809758664,2021,42.0,120.0,0.35,16.0,40.0,0.4,-0.15000000000000002,0.0,-0.09999999999999998,0.0,0.48,0,,0.0,1.0,2020,0.0
Georgia,2020-11-01,2067533.0,2020,2150827.1666666665,96.12734263554262,2209726,93.5651297943727,2021,76.0,180.0,0.4222222222222222,22.0,56.0,0.39285714285714285,-0.07777777777777778,0.0,-0.10714285714285715,0.0,0.496,0,,0.0,1.0,2020,0.0
Hawaii,2020-11-01,388484.0,2020,211475.66666666666,183.70151333407944,185180,209.7872340425532,2021,47.0,51.0,0.9215686274509803,24.0,25.0,0.96,0.42156862745098034,1.0,0.45999999999999996,1.0,0.639,1,2014-01-01,1.0,1.0,2020,0.0
Idaho,2020-11-01,373786.0,2020,327987.5,113.96348946225086,341618,109.41636564818013,2021,12.0,70.0,0.17142857142857143,7.0,35.0,0.2,-0.32857142857142857,0.0,-0.3,0.0,0.33,1,2020-01-01,1.0,1.0,2020,0.0
Indiana,2020-11-01,1640693.0,2020,1228868.6666666667,133.5124773300971,1293314,126.85960254045034,2021,29.0,100.0,0.29,11.0,50.0,0.22,-0.21000000000000002,0.0,-0.28,0.0,0.41,1,2015-02-01,1.0,1.0,2020,1.0
Maryland,2020-11-01,1443941.0,2020,861701.8333333334,167.56851896373283,793697,181.925974269778,2021,99.0,141.0,0.7021276595744681,32.0,47.0,0.6808510638297872,0.2021276595744681,1.0,0.18085106382978722,0.0,0.654,1,2014-01-01,1.0,1.0,2020,0.0
Massachusetts,2020-11-01,1717653.0,2020,979823.8333333334,175.30222694793943,972871,176.55506228472223,2021,128.0,160.0,0.8,37.0,40.0,0.925,0.30000000000000004,1.0,0.42500000000000004,0.0,0.656,1,2014-01-01,1.0,1.0,2020,0.0
Minnesota,2020-11-01,1158186.0,2020,780129.6666666666,148.46070460936195,814317,142.22790387527215,2021,70.0,134.0,0.5223880597014925,31.0,67.0,0.4626865671641791,0.02238805970149249,1.0,-0.03731343283582089,1.0,0.524,1,2014-01-01,1.0,1.0,2020,0.0
Mississippi,2020-11-01,648383.0,2020,798951.6666666666,81.15422084356376,831252,78.00077473497808,2021,46.0,122.0,0.3770491803278688,16.0,52.0,0.3076923076923077,-0.12295081967213117,0.0,-0.1923076923076923,0.0,0.413,0,,0.0,1.0,2020,0.0
North Dakota,2020-11-01,106012.0,2020,123328.33333333333,85.95916050650703,122160,86.78127046496398,2021,14.0,94.0,0.14893617021276595,7.0,47.0,0.14893617021276595,-0.35106382978723405,0.0,-0.35106382978723405,0.0,0.316,1,2014-01-01,1.0,1.0,2020,0.0
Ohio,2020-11-01,2931222.0,2020,2223859.6666666665,131.80786737292627,2296371,127.64583771524723,2021,35.0,99.0,0.35353535353535354,8.0,33.0,0.24242424242424243,-0.14646464646464646,0.0,-0.25757575757575757,0.0,0.454,1,2014-01-01,1.0,1.0,2020,1.0
Oklahoma,2020-11-01,854774.0,2020,895344.1666666666,95.46876294311406,885167,96.56641063211801,2021,19.0,101.0,0.18811881188118812,9.0,48.0,0.1875,-0.3118811881188119,0.0,-0.3125,0.0,0.327,1,2021-07-01,0.0,1.0,2020,0.0
Oregon,2020-11-01,1128356.0,2020,760711.5,148.32903143964563,797451,141.49533952556334,2021,37.0,60.0,0.6166666666666667,18.0,30.0,0.6,0.1166666666666667,1.0,0.09999999999999998,1.0,0.565,1,2014-01-01,1.0,1.0,2020,0.0
Pennsylvania,2020-11-01,3270683.0,2020,2188126.8333333335,149.47410498218377,2259652,144.74277455112556,2021,90.0,203.0,0.4433497536945813,21.0,50.0,0.42,-0.056650246305418706,0.0,-0.08000000000000002,1.0,0.501,1,2015-01-01,1.0,1.0,2020,0.0
Rhode Island,2020-11-01,321551.0,2020,175726.33333333334,182.98395801046703,188712,170.39244987070245,2021,65.0,75.0,0.8666666666666667,33.0,38.0,0.868421052631579,0.3666666666666667,1.0,0.368421052631579,1.0,0.594,1,2014-01-01,1.0,1.0,2020,0.0
South Carolina,2020-11-01,1117794.0,2020,1077059.6666666667,103.78199412660207,1124024,99.44574137207034,2021,43.0,124.0,0.3467741935483871,16.0,46.0,0.34782608695652173,-0.15322580645161288,0.0,-0.15217391304347827,0.0,0.432,0,,0.0,1.0,2020,1.0
South Dakota,2020-11-01,121622.0,2020,156569.5,77.67924148700736,166237,73.16181114914248,2021,8.0,70.0,0.11428571428571428,3.0,35.0,0.08571428571428572,-0.38571428571428573,0.0,-0.41428571428571426,0.0,0.358,1,2023-07-01,0.0,1.0,2020,0.0
Tennessee,2020-11-01,1564811.0,2020,1422421.1666666667,110.0103848754594,1514870,103.29671853030294,2021,26.0,99.0,0.26262626262626265,6.0,33.0,0.18181818181818182,-0.23737373737373735,0.0,-0.3181818181818182,0.0,0.373,0,,0.0,1.0,2020,0.0
Texas,2020-11-01,4759763.0,2020,6105712.0,77.9559042417985,6299251,75.56077698761328,2021,67.0,150.0,0.44666666666666666,12.0,31.0,0.3870967741935484,-0.053333333333333344,0.0,-0.11290322580645162,0.0,0.466,0,,0.0,1.0,2020,0.0
Utah,2020-11-01,383743.0,2020,455314.3333333333,84.28089605495984,456764,84.01340736135072,2021,17.0,75.0,0.22666666666666666,6.0,29.0,0.20689655172413793,-0.2733333333333333,0.0,-0.2931034482758621,0.0,0.375,1,2020-01-01,1.0,1.0,2020,1.0
Wyoming,2020-11-01,63836.0,2020,95930.33333333333,66.54412403445556,93266,68.44509253104025,2021,7.0,60.0,0.11666666666666667,2.0,30.0,0.06666666666666667,-0.3833333333333333,0.0,-0.43333333333333335,0.0,0.268,0,,0.0,1.0,2020,0.0
Alabama,2020-12-01,997966.0,2020,1165210.5,85.64684235166092,1174119,84.99700626597473,2021,27.0,105.0,0.2571428571428571,8.0,35.0,0.22857142857142856,-0.24285714285714288,0.0,-0.27142857142857146,0.0,0.36545833333333333,0,,0.0,1.0,2020,0.0
Arizona,2020-12-01,1963007.0,2020,1365591.8333333333,143.74771085210796,1492698,131.50731092290604,2021,28.0,60.0,0.4666666666666667,14.0,30.0,0.4666666666666667,-0.033333333333333326,0.0,-0.033333333333333326,0.0,0.4956041666666667,1,2014-01-01,1.0,1.0,2020,1.0
Arkansas,2020-12-01,950751.0,2020,721690.0,131.73952805221077,761746,124.81207646643368,2021,22.0,100.0,0.22,7.0,35.0,0.2,-0.28,0.0,-0.3,0.0,0.3496875,1,2014-01-01,1.0,1.0,2020,1.0
California,2020-12-01,12491149.0,2020,7028890.333333333,177.71153635393657,7534254,165.7914506200614,2021,60.0,80.0,0.75,30.0,40.0,0.75,0.25,1.0,0.25,1.0,0.6342916666666667,1,2014-01-01,1.0,1.0,2020,0.0
Connecticut,2020-12-01,927770.0,2020,503864.5833333333,184.1308221868475,530145,175.00306519914363,2021,97.0,151.0,0.6423841059602649,23.0,36.0,0.6388888888888888,0.14238410596026485,1.0,0.13888888888888884,1.0,0.5934375,1,2014-01-01,1.0,1.0,2020,0.0
Delaware,2020-12-01,258025.0,2020,164179.33333333334,157.16046274602164,165961,155.47327384144467,2021,26.0,41.0,0.6341463414634146,14.0,21.0,0.6666666666666666,0.13414634146341464,1.0,0.16666666666666663,1.0,0.5855833333333333,1,2014-01-01,1.0,1.0,2020,0.0
Florida,2020-12-01,4104699.0,2020,4248225.333333333,96.62149904791617,4384883,93.61022859674934,2021,42.0,120.0,0.35,16.0,40.0,0.4,-0.15000000000000002,0.0,-0.09999999999999998,0.0,0.479,0,,0.0,1.0,2020,0.0
Georgia,2020-12-01,2093853.0,2020,2146661.5833333335,97.53996700069824,2209726,94.75622769519842,2021,76.0,180.0,0.4222222222222222,22.0,56.0,0.39285714285714285,-0.07777777777777778,0.0,-0.10714285714285715,0.0,0.4956875,0,,0.0,1.0,2020,0.0
Hawaii,2020-12-01,395172.0,2020,213894.33333333334,184.75103750605828,185180,213.3988551679447,2021,47.0,51.0,0.9215686274509803,24.0,25.0,0.96,0.42156862745098034,1.0,0.45999999999999996,1.0,0.6382708333333333,1,2014-01-01,1.0,1.0,2020,0.0
Idaho,2020-12-01,376688.0,2020,327869.25,114.8897006962379,341618,110.26585250191734,2021,12.0,70.0,0.17142857142857143,7.0,35.0,0.2,-0.32857142857142857,0.0,-0.3,0.0,0.3292916666666667,1,2020-01-01,1.0,1.0,2020,0.0
Indiana,2020-12-01,1664654.0,2020,1225323.3333333333,135.85426431662938,1293314,128.71228487436153,2021,29.0,100.0,0.29,11.0,50.0,0.22,-0.21000000000000002,0.0,-0.28,0.0,0.4096458333333333,1,2015-02-01,1.0,1.0,2020,1.0
Maryland,2020-12-01,1461878.0,2020,869322.9166666666,168.16282787130788,793697,184.18590469662857,2021,99.0,141.0,0.7021276595744681,32.0,47.0,0.6808510638297872,0.2021276595744681,1.0,0.18085106382978722,0.0,0.6535208333333333,1,2014-01-01,1.0,1.0,2020,0.0
Massachusetts,2020-12-01,1730716.0,2020,982820.4166666666,176.09687086781284,972871,177.8977891210654,2021,128.0,160.0,0.8,37.0,40.0,0.925,0.30000000000000004,1.0,0.42500000000000004,0.0,0.6554166666666666,1,2014-01-01,1.0,1.0,2020,0.0
Minnesota,2020-12-01,1173856.0,2020,779186.8333333334,150.65141629489375,814317,144.15221590609062,2021,70.0,134.0,0.5223880597014925,31.0,67.0,0.4626865671641791,0.02238805970149249,1.0,-0.03731343283582089,1.0,0.5237083333333333,1,2014-01-01,1.0,1.0,2020,0.0
Mississippi,2020-12-01,655264.0,2020,797081.3333333334,82.20792190173817,831252,78.82856221699316,2021,46.0,122.0,0.3770491803278688,16.0,52.0,0.3076923076923077,-0.12295081967213117,0.0,-0.1923076923076923,0.0,0.4125625,0,,0.0,1.0,2020,0.0
North Dakota,2020-12-01,107199.0,2020,123930.16666666667,86.499520563328,122160,87.75294695481335,2021,14.0,94.0,0.14893617021276595,7.0,47.0,0.14893617021276595,-0.35106382978723405,0.0,-0.35106382978723405,0.0,0.3159166666666667,1,2014-01-01,1.0,1.0,2020,0.0
Ohio,2020-12-01,2955796.0,2020,2220824.3333333335,133.09454312235113,2296371,128.71596096623762,2021,35.0,99.0,0.35353535353535354,8.0,33.0,0.24242424242424243,-0.14646464646464646,0.0,-0.25757575757575757,0.0,0.4537083333333333,1,2014-01-01,1.0,1.0,2020,1.0
Oklahoma,2020-12-01,863285.0,2020,896666.0833333334,96.27720018033469,885167,97.52792410923588,2021,19.0,101.0,0.18811881188118812,9.0,48.0,0.1875,-0.3118811881188119,0.0,-0.3125,0.0,0.32666666666666666,1,2021-07-01,0.0,1.0,2020,0.0
Oregon,2020-12-01,1150385.0,2020,759835.75,151.3991675174536,797451,144.25776630789855,2021,37.0,60.0,0.6166666666666667,18.0,30.0,0.6,0.1166666666666667,1.0,0.09999999999999998,1.0,0.5648124999999999,1,2014-01-01,1.0,1.0,2020,0.0
Pennsylvania,2020-12-01,3303119.0,2020,2188628.9166666665,150.92183854678885,2259652,146.17821682276738,2021,90.0,203.0,0.4433497536945813,21.0,50.0,0.42,-0.056650246305418706,0.0,-0.08000000000000002,1.0,0.5007291666666667,1,2015-01-01,1.0,1.0,2020,0.0
Rhode Island,2020-12-01,325713.0,2020,176139.16666666666,184.9179862514016,188712,172.5979269998728,2021,65.0,75.0,0.8666666666666667,33.0,38.0,0.868421052631579,0.3666666666666667,1.0,0.368421052631579,1.0,0.5936874999999999,1,2014-01-01,1.0,1.0,2020,0.0
South Carolina,2020-12-01,1129165.0,2020,1075376.3333333333,105.00184586543193,1124024,100.45737457563185,2021,43.0,124.0,0.3467741935483871,16.0,46.0,0.34782608695652173,-0.15322580645161288,0.0,-0.15217391304347827,0.0,0.431625,0,,0.0,1.0,2020,1.0
South Dakota,2020-12-01,122896.0,2020,156036.75,78.76093292125093,166237,73.92818686573987,2021,8.0,70.0,0.11428571428571428,3.0,35.0,0.08571428571428572,-0.38571428571428573,0.0,-0.41428571428571426,0.0,0.35764583333333333,1,2023-07-01,0.0,1.0,2020,0.0
Tennessee,2020-12-01,1575887.0,2020,1419991.0833333333,110.97865461948618,1514870,104.0278703783163,2021,26.0,99.0,0.26262626262626265,6.0,33.0,0.18181818181818182,-0.23737373737373735,0.0,-0.3181818181818182,0.0,0.372625,0,,0.0,1.0,2020,0.0
Texas,2020-12-01,4810748.0,2020,6109751.0,78.73885531505293,6299251,76.37015892841863,2021,67.0,150.0,0.44666666666666666,12.0,31.0,0.3870967741935484,-0.053333333333333344,0.0,-0.11290322580645162,0.0,0.4655416666666667,0,,0.0,1.0,2020,0.0
Utah,2020-12-01,390385.0,2020,454820.1666666667,85.83282550136116,456764,85.46754998204761,2021,17.0,75.0,0.22666666666666666,6.0,29.0,0.20689655172413793,-0.2733333333333333,0.0,-0.2931034482758621,0.0,0.3753125,1,2020-01-01,1.0,1.0,2020,1.0
Wyoming,2020-12-01,64559.0,2020,96409.66666666667,66.96320216852389,93266,69.22029464113396,2021,7.0,60.0,0.11666666666666667,2.0,30.0,0.06666666666666667,-0.3833333333333333,0.0,-0.43333333333333335,0.0,0.2677916666666667,0,,0.0,1.0,2020,0.0
Alabama,2021-01-01,1005375.0,2021,1168598.0,86.03257921030158,1174119,85.62803259294841,2021,27.0,105.0,0.2571428571428571,8.0,35.0,0.22857142857142856,-0.24285714285714288,0.0,-0.27142857142857146,0.0,0.36491666666666667,0,,0.0,1.0,2021,0.0
Arizona,2021-01-01,1981809.0,2021,1355302.0,146.22637611395837,1492698,132.7669093145432,2021,28.0,60.0,0.4666666666666667,14.0,30.0,0.4666666666666667,-0.033333333333333326,0.0,-0.033333333333333326,0.0,0.4952083333333333,1,2014-01-01,1.0,1.0,2021,0.0
Arkansas,2021-01-01,956452.0,2021,721845.0,132.5010216874814,761746,125.56048866682595,2021,22.0,100.0,0.22,7.0,35.0,0.2,-0.28,0.0,-0.3,0.0,0.349375,1,2014-01-01,1.0,1.0,2021,0.0
California,2021-01-01,12586999.0,2021,7001151.0,179.78470968559313,7534254,167.06364027546724,2021,60.0,80.0,0.75,30.0,40.0,0.75,0.25,1.0,0.25,1.0,0.6335833333333334,1,2014-01-01,1.0,1.0,2021,0.0
Connecticut,2021-01-01,937667.0,2021,504139.0,185.99374378891537,530145,176.8699129483443,2021,97.0,151.0,0.6423841059602649,23.0,36.0,0.6388888888888888,0.14238410596026485,1.0,0.13888888888888884,1.0,0.5928749999999999,1,2014-01-01,1.0,1.0,2021,0.0
Delaware,2021-01-01,260236.0,2021,164945.0,157.77137833823394,165961,156.80551454859878,2021,26.0,41.0,0.6341463414634146,14.0,21.0,0.6666666666666666,0.13414634146341464,1.0,0.16666666666666663,1.0,0.5851666666666666,1,2014-01-01,1.0,1.0,2021,0.0
Florida,2021-01-01,4144712.0,2021,4244292.0,97.6537900785337,4384883,94.52275009390216,2021,42.0,120.0,0.35,16.0,40.0,0.4,-0.15000000000000002,0.0,-0.09999999999999998,0.0,0.478,0,,0.0,1.0,2021,0.0
Georgia,2021-01-01,2109497.0,2021,2142496.0,98.45978708945081,2209726,95.46418877272566,2021,76.0,180.0,0.4222222222222222,22.0,56.0,0.39285714285714285,-0.07777777777777778,0.0,-0.10714285714285715,0.0,0.495375,0,,0.0,1.0,2021,0.0
Hawaii,2021-01-01,400775.0,2021,216313.0,185.27550355272223,185180,216.42455988767685,2021,47.0,51.0,0.9215686274509803,24.0,25.0,0.96,0.42156862745098034,1.0,0.45999999999999996,1.0,0.6375416666666667,1,2014-01-01,1.0,1.0,2021,0.0
Idaho,2021-01-01,383589.0,2021,327751.0,117.03671384679224,341618,112.28594511998782,2021,12.0,70.0,0.17142857142857143,7.0,35.0,0.2,-0.32857142857142857,0.0,-0.3,0.0,0.32858333333333334,1,2020-01-01,1.0,1.0,2021,0.0
Indiana,2021-01-01,1682692.0,2021,1221778.0,137.72485672519886,1293314,130.10699644479223,2021,29.0,100.0,0.29,11.0,50.0,0.22,-0.21000000000000002,0.0,-0.28,0.0,0.40929166666666666,1,2015-02-01,1.0,1.0,2021,1.0
Maryland,2021-01-01,1473436.0,2021,876944.0,168.01939462497035,793697,185.64212791531276,2021,99.0,141.0,0.7021276595744681,32.0,47.0,0.6808510638297872,0.2021276595744681,1.0,0.18085106382978722,0.0,0.6530416666666667,1,2014-01-01,1.0,1.0,2021,0.0
Massachusetts,2021-01-01,1741493.0,2021,985817.0,176.65479495687333,972871,179.00554133076224,2021,128.0,160.0,0.8,37.0,40.0,0.925,0.30000000000000004,1.0,0.42500000000000004,0.0,0.6548333333333334,1,2014-01-01,1.0,1.0,2021,0.0
Minnesota,2021-01-01,1185566.0,2021,778244.0,152.33859817743536,814317,145.59023083148207,2021,70.0,134.0,0.5223880597014925,31.0,67.0,0.4626865671641791,0.02238805970149249,1.0,-0.03731343283582089,1.0,0.5234166666666666,1,2014-01-01,1.0,1.0,2021,0.0
Mississippi,2021-01-01,661711.0,2021,795211.0,83.21200285207323,831252,79.60413929831147,2021,46.0,122.0,0.3770491803278688,16.0,52.0,0.3076923076923077,-0.12295081967213117,0.0,-0.1923076923076923,0.0,0.41212499999999996,0,,0.0,1.0,2021,0.0
North Dakota,2021-01-01,107490.0,2021,124532.0,86.31516397391835,122160,87.99115913555993,2021,14.0,94.0,0.14893617021276595,7.0,47.0,0.14893617021276595,-0.35106382978723405,0.0,-0.35106382978723405,0.0,0.31583333333333335,1,2014-01-01,1.0,1.0,2021,0.0
Ohio,2021-01-01,2976549.0,2021,2217789.0,134.21245213137948,2296371,129.61969124327035,2021,35.0,99.0,0.35353535353535354,8.0,33.0,0.24242424242424243,-0.14646464646464646,0.0,-0.25757575757575757,0.0,0.4534166666666667,1,2014-01-01,1.0,1.0,2021,0.0
Oklahoma,2021-01-01,866416.0,2021,897988.0,96.4841400998677,885167,97.88164267307751,2021,19.0,101.0,0.18811881188118812,9.0,48.0,0.1875,-0.3118811881188119,0.0,-0.3125,0.0,0.32633333333333336,1,2021-07-01,0.0,1.0,2021,0.0
Oregon,2021-01-01,1160651.0,2021,758960.0,152.92650469062926,797451,145.54511813265017,2021,37.0,60.0,0.6166666666666667,18.0,30.0,0.6,0.1166666666666667,1.0,0.09999999999999998,1.0,0.5646249999999999,1,2014-01-01,1.0,1.0,2021,0.0
Pennsylvania,2021-01-01,3329984.0,2021,2189131.0,152.11442348584896,2259652,147.3671167064663,2021,90.0,203.0,0.4433497536945813,21.0,50.0,0.42,-0.056650246305418706,0.0,-0.08000000000000002,1.0,0.5004583333333333,1,2015-01-01,1.0,1.0,2021,0.0
Rhode Island,2021-01-01,328028.0,2021,176552.0,185.7968190674702,188712,173.82466403832296,2021,65.0,75.0,0.8666666666666667,33.0,38.0,0.868421052631579,0.3666666666666667,1.0,0.368421052631579,1.0,0.593375,1,2014-01-01,1.0,1.0,2021,0.0
South Carolina,2021-01-01,1138380.0,2021,1073693.0,106.02472028782901,1124024,101.27719692817946,2021,43.0,124.0,0.3467741935483871,16.0,46.0,0.34782608695652173,-0.15322580645161288,0.0,-0.15217391304347827,0.0,0.43125,0,,0.0,1.0,2021,0.0
South Dakota,2021-01-01,123964.0,2021,155504.0,79.71756353534315,166237,74.57064311795808,2021,8.0,70.0,0.11428571428571428,3.0,35.0,0.08571428571428572,-0.38571428571428573,0.0,-0.41428571428571426,0.0,0.3572916666666667,1,2023-07-01,0.0,1.0,2021,0.0
Tennessee,2021-01-01,1522557.0,2021,1417561.0,107.40680647958007,1514870,100.50743628166113,2021,26.0,99.0,0.26262626262626265,6.0,33.0,0.18181818181818182,-0.23737373737373735,0.0,-0.3181818181818182,0.0,0.37224999999999997,0,,0.0,1.0,2021,0.0
Texas,2021-01-01,4841366.0,2021,6113790.0,79.18763974555881,6299251,76.85621671528885,2021,67.0,150.0,0.44666666666666666,12.0,31.0,0.3870967741935484,-0.053333333333333344,0.0,-0.11290322580645162,0.0,0.46508333333333335,0,,0.0,1.0,2021,0.0
Utah,2021-01-01,396447.0,2021,454326.0,87.2604693546044,456764,86.79471236787487,2021,17.0,75.0,0.22666666666666666,6.0,29.0,0.20689655172413793,-0.2733333333333333,0.0,-0.2931034482758621,0.0,0.375625,1,2020-01-01,1.0,1.0,2021,0.0
Wyoming,2021-01-01,65364.0,2021,96889.0,67.46276667113914,93266,70.08341732249694,2021,7.0,60.0,0.11666666666666667,2.0,30.0,0.06666666666666667,-0.3833333333333333,0.0,-0.43333333333333335,0.0,0.26758333333333334,0,,0.0,1.0,2021,0.0
Alabama,2021-02-01,1011982.0,2021,1166402.75,86.76094084997656,1174119,86.19075238540557,2021,27.0,105.0,0.2571428571428571,8.0,35.0,0.22857142857142856,-0.24285714285714288,0.0,-0.27142857142857146,0.0,0.364375,0,,0.0,1.0,2021,0.0
Arizona,2021-02-01,1998341.0,2021,1354784.0833333333,147.5025448397097,1492698,133.87443407842713,2021,28.0,60.0,0.4666666666666667,14.0,30.0,0.4666666666666667,-0.033333333333333326,0.0,-0.033333333333333326,0.0,0.4948125,1,2014-01-01,1.0,1.0,2021,0.0
Arkansas,2021-02-01,959831.0,2021,723542.8333333334,132.65710829835692,761746,126.00407484909668,2021,22.0,100.0,0.22,7.0,35.0,0.2,-0.28,0.0,-0.3,0.0,0.3490625,1,2014-01-01,1.0,1.0,2021,0.0
California,2021-02-01,12643124.0,2021,6994687.0,180.75324885874093,7534254,167.80857135955333,2021,60.0,80.0,0.75,30.0,40.0,0.75,0.25,1.0,0.25,1.0,0.632875,1,2014-01-01,1.0,1.0,2021,0.0
Connecticut,2021-02-01,941576.0,2021,504519.0,186.62845205036876,530145,177.60725839157212,2021,97.0,151.0,0.6423841059602649,23.0,36.0,0.6388888888888888,0.14238410596026485,1.0,0.13888888888888884,1.0,0.5923125,1,2014-01-01,1.0,1.0,2021,0.0
Delaware,2021-02-01,262185.0,2021,163043.33333333334,160.8069429395048,165961,157.97988684088432,2021,26.0,41.0,0.6341463414634146,14.0,21.0,0.6666666666666666,0.13414634146341464,1.0,0.16666666666666663,1.0,0.58475,1,2014-01-01,1.0,1.0,2021,0.0
Florida,2021-02-01,4169637.0,2021,4238794.416666667,98.36846494855365,4384883,95.09118031199463,2021,42.0,120.0,0.35,16.0,40.0,0.4,-0.15000000000000002,0.0,-0.09999999999999998,0.0,0.477,0,,0.0,1.0,2021,0.0
Georgia,2021-02-01,2129693.0,2021,2133400.25,99.82622810698555,2209726,96.37814824100363,2021,76.0,180.0,0.4222222222222222,22.0,56.0,0.39285714285714285,-0.07777777777777778,0.0,-0.10714285714285715,0.0,0.4950625,0,,0.0,1.0,2021,0.0
Hawaii,2021-02-01,405238.0,2021,215932.16666666666,187.6691213984639,185180,218.83464737012636,2021,47.0,51.0,0.9215686274509803,24.0,25.0,0.96,0.42156862745098034,1.0,0.45999999999999996,1.0,0.6368125,1,2014-01-01,1.0,1.0,2021,0.0
Idaho,2021-02-01,386821.0,2021,327885.9166666667,117.97426493106977,341618,113.23203109906386,2021,12.0,70.0,0.17142857142857143,7.0,35.0,0.2,-0.32857142857142857,0.0,-0.3,0.0,0.327875,1,2020-01-01,1.0,1.0,2021,0.0
Indiana,2021-02-01,1699074.0,2021,1222908.5833333333,138.93712278711484,1293314,131.37366486406242,2021,29.0,100.0,0.29,11.0,50.0,0.22,-0.21000000000000002,0.0,-0.28,0.0,0.40893749999999995,1,2015-02-01,1.0,1.0,2021,1.0
Maryland,2021-02-01,1483465.0,2021,874821.4166666666,169.57346627983216,793697,186.9057083496599,2021,99.0,141.0,0.7021276595744681,32.0,47.0,0.6808510638297872,0.2021276595744681,1.0,0.18085106382978722,0.0,0.6525625,1,2014-01-01,1.0,1.0,2021,0.0
Massachusetts,2021-02-01,1749848.0,2021,986254.4166666666,177.42359075198058,972871,179.86433967093274,2021,128.0,160.0,0.8,37.0,40.0,0.925,0.30000000000000004,1.0,0.42500000000000004,0.0,0.65425,1,2014-01-01,1.0,1.0,2021,0.0
Minnesota,2021-02-01,1194775.0,2021,779603.25,153.25423540756148,814317,146.72111720619856,2021,70.0,134.0,0.5223880597014925,31.0,67.0,0.4626865671641791,0.02238805970149249,1.0,-0.03731343283582089,1.0,0.5231250000000001,1,2014-01-01,1.0,1.0,2021,0.0
Mississippi,2021-02-01,667880.0,2021,794155.4166666666,84.09940749422998,831252,80.34627285107284,2021,46.0,122.0,0.3770491803278688,16.0,52.0,0.3076923076923077,-0.12295081967213117,0.0,-0.1923076923076923,0.0,0.4116875,0,,0.0,1.0,2021,0.0
North Dakota,2021-02-01,108342.0,2021,124285.91666666667,87.17158219186808,122160,88.68860510805501,2021,14.0,94.0,0.14893617021276595,7.0,47.0,0.14893617021276595,-0.35106382978723405,0.0,-0.35106382978723405,0.0,0.31575,1,2014-01-01,1.0,1.0,2021,0.0
Ohio,2021-02-01,2994724.0,2021,2216221.0,135.1274985662531,2296371,130.41115743057196,2021,35.0,99.0,0.35353535353535354,8.0,33.0,0.24242424242424243,-0.14646464646464646,0.0,-0.25757575757575757,0.0,0.453125,1,2014-01-01,1.0,1.0,2021,0.0
Oklahoma,2021-02-01,868589.0,2021,898876.8333333334,96.63048014920842,885167,98.12713307206437,2021,19.0,101.0,0.18811881188118812,9.0,48.0,0.1875,-0.3118811881188119,0.0,-0.3125,0.0,0.326,1,2021-07-01,0.0,1.0,2021,0.0
Oregon,2021-02-01,1172052.0,2021,758308.5833333334,154.56135216720807,797451,146.9747984515663,2021,37.0,60.0,0.6166666666666667,18.0,30.0,0.6,0.1166666666666667,1.0,0.09999999999999998,1.0,0.5644374999999999,1,2014-01-01,1.0,1.0,2021,0.0
Pennsylvania,2021-02-01,3345840.0,2021,2188402.0833333335,152.88963694019512,2259652,148.06881767635016,2021,90.0,203.0,0.4433497536945813,21.0,50.0,0.42,-0.056650246305418706,0.0,-0.08000000000000002,1.0,0.5001875,1,2015-01-01,1.0,1.0,2021,0.0
Rhode Island,2021-02-01,329764.0,2021,175463.58333333334,187.93871282882535,188712,174.74458434015853,2021,65.0,75.0,0.8666666666666667,33.0,38.0,0.868421052631579,0.3666666666666667,1.0,0.368421052631579,1.0,0.5930624999999999,1,2014-01-01,1.0,1.0,2021,0.0
South Carolina,2021-02-01,1145600.0,2021,1071281.6666666667,106.93732896265999,1124024,101.91953196728896,2021,43.0,124.0,0.3467741935483871,16.0,46.0,0.34782608695652173,-0.15322580645161288,0.0,-0.15217391304347827,0.0,0.430875,0,,0.0,1.0,2021,0.0
South Dakota,2021-02-01,124741.0,2021,155718.58333333334,80.10668818696975,166237,75.0380480879708,2021,8.0,70.0,0.11428571428571428,3.0,35.0,0.08571428571428572,-0.38571428571428573,0.0,-0.41428571428571426,0.0,0.35693749999999996,1,2023-07-01,0.0,1.0,2021,0.0
Tennessee,2021-02-01,1541352.0,2021,1414208.3333333333,108.99044813057954,1514870,101.74813680381816,2021,26.0,99.0,0.26262626262626265,6.0,33.0,0.18181818181818182,-0.23737373737373735,0.0,-0.3181818181818182,0.0,0.371875,0,,0.0,1.0,2021,0.0
Texas,2021-02-01,4877125.0,2021,6111679.916666667,79.80007242689507,6299251,77.42388737962656,2021,67.0,150.0,0.44666666666666666,12.0,31.0,0.3870967741935484,-0.053333333333333344,0.0,-0.11290322580645162,0.0,0.464625,0,,0.0,1.0,2021,0.0
Utah,2021-02-01,401925.0,2021,451867.9166666667,88.94745238053524,456764,87.99401879307476,2021,17.0,75.0,0.22666666666666666,6.0,29.0,0.20689655172413793,-0.2733333333333333,0.0,-0.2931034482758621,0.0,0.3759375,1,2020-01-01,1.0,1.0,2021,0.0
Wyoming,2021-02-01,66510.0,2021,97060.58333333333,68.52421211150768,93266,71.31216091608947,2021,7.0,60.0,0.11666666666666667,2.0,30.0,0.06666666666666667,-0.3833333333333333,0.0,-0.43333333333333335,0.0,0.26737500000000003,0,,0.0,1.0,2021,0.0
Alabama,2021-03-01,1019279.0,2021,1164207.5,87.55131709768233,1174119,86.81223964521485,2021,27.0,105.0,0.2571428571428571,8.0,35.0,0.22857142857142856,-0.24285714285714288,0.0,-0.27142857142857146,0.0,0.36383333333333334,0,,0.0,1.0,2021,0.0
Arizona,2021-03-01,2011270.0,2021,1354266.1666666667,148.51364152073992,1492698,134.74058382874497,2021,28.0,60.0,0.4666666666666667,14.0,30.0,0.4666666666666667,-0.033333333333333326,0.0,-0.033333333333333326,0.0,0.49441666666666667,1,2014-01-01,1.0,1.0,2021,0.0
Arkansas,2021-03-01,965133.0,2021,725240.6666666666,133.07761745296506,761746,126.70010738487632,2021,22.0,100.0,0.22,7.0,35.0,0.2,-0.28,0.0,-0.3,0.0,0.34875,1,2014-01-01,1.0,1.0,2021,0.0
California,2021-03-01,12724578.0,2021,6988223.0,182.0860324577507,7534254,168.8896870214357,2021,60.0,80.0,0.75,30.0,40.0,0.75,0.25,1.0,0.25,1.0,0.6321666666666667,1,2014-01-01,1.0,1.0,2021,0.0
Connecticut,2021-03-01,948002.0,2021,504899.0,187.76072046092386,530145,178.8193796036933,2021,97.0,151.0,0.6423841059602649,23.0,36.0,0.6388888888888888,0.14238410596026485,1.0,0.13888888888888884,1.0,0.59175,1,2014-01-01,1.0,1.0,2021,0.0
Delaware,2021-03-01,264446.0,2021,161141.66666666666,164.10777266380515,165961,159.3422551081278,2021,26.0,41.0,0.6341463414634146,14.0,21.0,0.6666666666666666,0.13414634146341464,1.0,0.16666666666666663,1.0,0.5843333333333333,1,2014-01-01,1.0,1.0,2021,0.0
Florida,2021-03-01,4213933.0,2021,4233296.833333333,99.54258267029941,4384883,96.10137830359442,2021,42.0,120.0,0.35,16.0,40.0,0.4,-0.15000000000000002,0.0,-0.09999999999999998,0.0,0.476,0,,0.0,1.0,2021,0.0
Georgia,2021-03-01,2146602.0,2021,2124304.5,101.04963765787814,2209726,97.14335623511693,2021,76.0,180.0,0.4222222222222222,22.0,56.0,0.39285714285714285,-0.07777777777777778,0.0,-0.10714285714285715,0.0,0.49475,0,,0.0,1.0,2021,0.0
Hawaii,2021-03-01,411719.0,2021,215551.33333333334,191.0074011758993,185180,222.33448536559024,2021,47.0,51.0,0.9215686274509803,24.0,25.0,0.96,0.42156862745098034,1.0,0.45999999999999996,1.0,0.6360833333333333,1,2014-01-01,1.0,1.0,2021,0.0
Idaho,2021-03-01,391548.0,2021,328020.8333333333,119.3668085106383,341618,114.61574038838702,2021,12.0,70.0,0.17142857142857143,7.0,35.0,0.2,-0.32857142857142857,0.0,-0.3,0.0,0.32716666666666666,1,2020-01-01,1.0,1.0,2021,0.0
Indiana,2021-03-01,1717578.0,2021,1224039.1666666667,140.32050989653789,1293314,132.80440790094286,2021,29.0,100.0,0.29,11.0,50.0,0.22,-0.21000000000000002,0.0,-0.28,0.0,0.4085833333333333,1,2015-02-01,1.0,1.0,2021,1.0
Maryland,2021-03-01,1495285.0,2021,872698.8333333334,171.34032301712332,793697,188.39494164649736,2021,99.0,141.0,0.7021276595744681,32.0,47.0,0.6808510638297872,0.2021276595744681,1.0,0.18085106382978722,0.0,0.6520833333333333,1,2014-01-01,1.0,1.0,2021,0.0
Massachusetts,2021-03-01,1760025.0,2021,986691.8333333334,178.37636235967628,972871,180.91041875027625,2021,128.0,160.0,0.8,37.0,40.0,0.925,0.30000000000000004,1.0,0.42500000000000004,0.0,0.6536666666666667,1,2014-01-01,1.0,1.0,2021,0.0
Minnesota,2021-03-01,1204033.0,2021,780962.5,154.1729596491509,814317,147.85802089358322,2021,70.0,134.0,0.5223880597014925,31.0,67.0,0.4626865671641791,0.02238805970149249,1.0,-0.03731343283582089,1.0,0.5228333333333334,1,2014-01-01,1.0,1.0,2021,0.0
Mississippi,2021-03-01,674139.0,2021,793099.8333333334,85.00052221252515,831252,81.09923344545336,2021,46.0,122.0,0.3770491803278688,16.0,52.0,0.3076923076923077,-0.12295081967213117,0.0,-0.1923076923076923,0.0,0.41125,0,,0.0,1.0,2021,0.0
North Dakota,2021-03-01,110449.0,2021,124039.83333333333,89.04317027191534,122160,90.4133922724296,2021,14.0,94.0,0.14893617021276595,7.0,47.0,0.14893617021276595,-0.35106382978723405,0.0,-0.35106382978723405,0.0,0.31566666666666665,1,2014-01-01,1.0,1.0,2021,0.0
Ohio,2021-03-01,3018588.0,2021,2214653.0,136.30072069981168,2296371,131.45036233256735,2021,35.0,99.0,0.35353535353535354,8.0,33.0,0.24242424242424243,-0.14646464646464646,0.0,-0.25757575757575757,0.0,0.45283333333333337,1,2014-01-01,1.0,1.0,2021,0.0
Oklahoma,2021-03-01,875775.0,2021,899765.6666666666,97.33367613863906,885167,98.93895728150733,2021,19.0,101.0,0.18811881188118812,9.0,48.0,0.1875,-0.3118811881188119,0.0,-0.3125,0.0,0.32566666666666666,1,2021-07-01,0.0,1.0,2021,0.0
Oregon,2021-03-01,1182896.0,2021,757657.1666666666,156.12549475433372,797451,148.33463121872066,2021,37.0,60.0,0.6166666666666667,18.0,30.0,0.6,0.1166666666666667,1.0,0.09999999999999998,1.0,0.5642499999999999,1,2014-01-01,1.0,1.0,2021,0.0
Pennsylvania,2021-03-01,3365904.0,2021,2187673.1666666665,153.8577174728797,2259652,148.9567420116018,2021,90.0,203.0,0.4433497536945813,21.0,50.0,0.42,-0.056650246305418706,0.0,-0.08000000000000002,1.0,0.4999166666666667,1,2015-01-01,1.0,1.0,2021,0.0
Rhode Island,2021-03-01,331508.0,2021,174375.16666666666,190.1119329873998,188712,175.6687439060579,2021,65.0,75.0,0.8666666666666667,33.0,38.0,0.868421052631579,0.3666666666666667,1.0,0.368421052631579,1.0,0.59275,1,2014-01-01,1.0,1.0,2021,0.0
South Carolina,2021-03-01,1153769.0,2021,1068870.3333333333,107.94284058777322,1124024,102.64629580863043,2021,43.0,124.0,0.3467741935483871,16.0,46.0,0.34782608695652173,-0.15322580645161288,0.0,-0.15217391304347827,0.0,0.4305,0,,0.0,1.0,2021,0.0
South Dakota,2021-03-01,125945.0,2021,155933.16666666666,80.76857713614487,166237,75.76231524871118,2021,8.0,70.0,0.11428571428571428,3.0,35.0,0.08571428571428572,-0.38571428571428573,0.0,-0.41428571428571426,0.0,0.3565833333333333,1,2023-07-01,0.0,1.0,2021,0.0
Tennessee,2021-03-01,1553757.0,2021,1410855.6666666667,110.1286996756342,1514870,102.5670189521213,2021,26.0,99.0,0.26262626262626265,6.0,33.0,0.18181818181818182,-0.23737373737373735,0.0,-0.3181818181818182,0.0,0.3715,0,,0.0,1.0,2021,0.0
Texas,2021-03-01,4920949.0,2021,6109569.833333333,80.544934164623,6299251,78.11958913845471,2021,67.0,150.0,0.44666666666666666,12.0,31.0,0.3870967741935484,-0.053333333333333344,0.0,-0.11290322580645162,0.0,0.46416666666666667,0,,0.0,1.0,2021,0.0
Utah,2021-03-01,407905.0,2021,449409.8333333333,90.76459163666128,456764,89.30322880086872,2021,17.0,75.0,0.22666666666666666,6.0,29.0,0.20689655172413793,-0.2733333333333333,0.0,-0.2931034482758621,0.0,0.37625,1,2020-01-01,1.0,1.0,2021,0.0
Wyoming,2021-03-01,67377.0,2021,97232.16666666667,69.29496925743024,93266,72.24176012694873,2021,7.0,60.0,0.11666666666666667,2.0,30.0,0.06666666666666667,-0.3833333333333333,0.0,-0.43333333333333335,0.0,0.26716666666666666,0,,0.0,1.0,2021,0.0
Alabama,2021-04-01,1027465.0,2021,1162012.25,88.4211848885414,1174119,87.50944325064155,2021,27.0,105.0,0.2571428571428571,8.0,35.0,0.22857142857142856,-0.24285714285714288,0.0,-0.27142857142857146,0.0,0.3632916666666667,0,,0.0,1.0,2021,0.0
Arizona,2021-04-01,2027065.0,2021,1353748.25,149.73722034359048,1492698,135.79873490819978,2021,28.0,60.0,0.4666666666666667,14.0,30.0,0.4666666666666667,-0.033333333333333326,0.0,-0.033333333333333326,0.0,0.49402083333333335,1,2014-01-01,1.0,1.0,2021,0.0
Arkansas,2021-04-01,968361.0,2021,726938.5,133.21085621410887,761746,127.12387068655431,2021,22.0,100.0,0.22,7.0,35.0,0.2,-0.28,0.0,-0.3,0.0,0.34843749999999996,1,2014-01-01,1.0,1.0,2021,0.0
California,2021-04-01,12790804.0,2021,6981759.0,183.20317272481046,7534254,169.768685791586,2021,60.0,80.0,0.75,30.0,40.0,0.75,0.25,1.0,0.25,1.0,0.6314583333333333,1,2014-01-01,1.0,1.0,2021,0.0
Connecticut,2021-04-01,949551.0,2021,505279.0,187.9260764844769,530145,179.11156381744618,2021,97.0,151.0,0.6423841059602649,23.0,36.0,0.6388888888888888,0.14238410596026485,1.0,0.13888888888888884,1.0,0.5911875,1,2014-01-01,1.0,1.0,2021,0.0
Delaware,2021-04-01,265098.0,2021,159240.0,166.47701582516956,165961,159.73511849169384,2021,26.0,41.0,0.6341463414634146,14.0,21.0,0.6666666666666666,0.13414634146341464,1.0,0.16666666666666663,1.0,0.5839166666666666,1,2014-01-01,1.0,1.0,2021,0.0
Florida,2021-04-01,4249167.0,2021,4227799.25,100.50541070510857,4384883,96.90491171600246,2021,42.0,120.0,0.35,16.0,40.0,0.4,-0.15000000000000002,0.0,-0.09999999999999998,0.0,0.475,0,,0.0,1.0,2021,0.0
Georgia,2021-04-01,2160406.0,2021,2115208.75,102.13677491642372,2209726,97.76804907033723,2021,76.0,180.0,0.4222222222222222,22.0,56.0,0.39285714285714285,-0.07777777777777778,0.0,-0.10714285714285715,0.0,0.4944375,0,,0.0,1.0,2021,0.0
Hawaii,2021-04-01,415647.0,2021,215170.5,193.17099695357868,185180,224.45566475861324,2021,47.0,51.0,0.9215686274509803,24.0,25.0,0.96,0.42156862745098034,1.0,0.45999999999999996,1.0,0.6353541666666667,1,2014-01-01,1.0,1.0,2021,0.0
Idaho,2021-04-01,395586.0,2021,328155.75,120.54824576439694,341618,115.79776241298761,2021,12.0,70.0,0.17142857142857143,7.0,35.0,0.2,-0.32857142857142857,0.0,-0.3,0.0,0.32645833333333335,1,2020-01-01,1.0,1.0,2021,0.0
Indiana,2021-04-01,1736413.0,2021,1225169.75,141.7283604986166,1293314,134.26074410390672,2021,29.0,100.0,0.29,11.0,50.0,0.22,-0.21000000000000002,0.0,-0.28,0.0,0.40822916666666664,1,2015-02-01,1.0,1.0,2021,1.0
Maryland,2021-04-01,1505113.0,2021,870576.25,172.88698146773473,793697,189.63319755523833,2021,99.0,141.0,0.7021276595744681,32.0,47.0,0.6808510638297872,0.2021276595744681,1.0,0.18085106382978722,0.0,0.6516041666666667,1,2014-01-01,1.0,1.0,2021,0.0
Massachusetts,2021-04-01,1769618.0,2021,987129.25,179.26912813089066,972871,181.8964693160758,2021,128.0,160.0,0.8,37.0,40.0,0.925,0.30000000000000004,1.0,0.42500000000000004,0.0,0.6530833333333333,1,2014-01-01,1.0,1.0,2021,0.0
Minnesota,2021-04-01,1212987.0,2021,782321.75,155.04963271186057,814317,148.95759268196537,2021,70.0,134.0,0.5223880597014925,31.0,67.0,0.4626865671641791,0.02238805970149249,1.0,-0.03731343283582089,1.0,0.5225416666666667,1,2014-01-01,1.0,1.0,2021,0.0
Mississippi,2021-04-01,679322.0,2021,792044.25,85.76818782536455,831252,81.72275074225385,2021,46.0,122.0,0.3770491803278688,16.0,52.0,0.3076923076923077,-0.12295081967213117,0.0,-0.1923076923076923,0.0,0.41081249999999997,0,,0.0,1.0,2021,0.0
North Dakota,2021-04-01,111087.0,2021,123793.75,89.73554803857222,122160,90.93565815324165,2021,14.0,94.0,0.14893617021276595,7.0,47.0,0.14893617021276595,-0.35106382978723405,0.0,-0.35106382978723405,0.0,0.3155833333333333,1,2014-01-01,1.0,1.0,2021,0.0
Ohio,2021-04-01,3034790.0,2021,2213085.0,137.1293917766376,2296371,132.1559103472392,2021,35.0,99.0,0.35353535353535354,8.0,33.0,0.24242424242424243,-0.14646464646464646,0.0,-0.25757575757575757,0.0,0.4525416666666667,1,2014-01-01,1.0,1.0,2021,0.0
Oklahoma,2021-04-01,883341.0,2021,900654.5,98.07767573470181,885167,99.79371124318914,2021,19.0,101.0,0.18811881188118812,9.0,48.0,0.1875,-0.3118811881188119,0.0,-0.3125,0.0,0.32533333333333336,1,2021-07-01,0.0,1.0,2021,0.0
Oregon,2021-04-01,1192969.0,2021,757005.75,157.59048065354852,797451,149.59778092948656,2021,37.0,60.0,0.6166666666666667,18.0,30.0,0.6,0.1166666666666667,1.0,0.09999999999999998,1.0,0.5640624999999999,1,2014-01-01,1.0,1.0,2021,0.0
Pennsylvania,2021-04-01,3383454.0,2021,2186944.25,154.71148841585696,2259652,149.73341027733474,2021,90.0,203.0,0.4433497536945813,21.0,50.0,0.42,-0.056650246305418706,0.0,-0.08000000000000002,1.0,0.49964583333333334,1,2015-01-01,1.0,1.0,2021,0.0
Rhode Island,2021-04-01,333565.0,2021,173286.75,192.49307866873838,188712,176.75876467845183,2021,65.0,75.0,0.8666666666666667,33.0,38.0,0.868421052631579,0.3666666666666667,1.0,0.368421052631579,1.0,0.5924375,1,2014-01-01,1.0,1.0,2021,0.0
South Carolina,2021-04-01,1161382.0,2021,1066459.0,108.90076411751413,1124024,103.32359451399616,2021,43.0,124.0,0.3467741935483871,16.0,46.0,0.34782608695652173,-0.15322580645161288,0.0,-0.15217391304347827,0.0,0.430125,0,,0.0,1.0,2021,0.0
South Dakota,2021-04-01,126943.0,2021,156147.75,81.29672057394359,166237,76.3626629450724,2021,8.0,70.0,0.11428571428571428,3.0,35.0,0.08571428571428572,-0.38571428571428573,0.0,-0.41428571428571426,0.0,0.35622916666666665,1,2023-07-01,0.0,1.0,2021,0.0
Tennessee,2021-04-01,1567166.0,2021,1407503.0,111.34370583934812,1514870,103.45217741456364,2021,26.0,99.0,0.26262626262626265,6.0,33.0,0.18181818181818182,-0.23737373737373735,0.0,-0.3181818181818182,0.0,0.371125,0,,0.0,1.0,2021,0.0
Texas,2021-04-01,4973444.0,2021,6107459.75,81.43228451075753,6299251,78.95294218312621,2021,67.0,150.0,0.44666666666666666,12.0,31.0,0.3870967741935484,-0.053333333333333344,0.0,-0.11290322580645162,0.0,0.46370833333333333,0,,0.0,1.0,2021,0.0
Utah,2021-04-01,412985.0,2021,446951.75,92.40035417693296,456764,90.41540051317529,2021,17.0,75.0,0.22666666666666666,6.0,29.0,0.20689655172413793,-0.2733333333333333,0.0,-0.2931034482758621,0.0,0.3765625,1,2020-01-01,1.0,1.0,2021,0.0
Wyoming,2021-04-01,68173.0,2021,97403.75,69.990118450265,93266,73.09523298951386,2021,7.0,60.0,0.11666666666666667,2.0,30.0,0.06666666666666667,-0.3833333333333333,0.0,-0.43333333333333335,0.0,0.26695833333333335,0,,0.0,1.0,2021,0.0
Alabama,2021-05-01,1034461.0,2021,1159817.0,89.19174318017411,1174119,88.10529426744648,2021,27.0,105.0,0.2571428571428571,8.0,35.0,0.22857142857142856,-0.24285714285714288,0.0,-0.27142857142857146,0.0,0.36275,0,,0.0,1.0,2021,0.0
Arizona,2021-05-01,2044604.0,2021,1353230.3333333333,151.09061256139938,1492698,136.9737214091531,2021,28.0,60.0,0.4666666666666667,14.0,30.0,0.4666666666666667,-0.033333333333333326,0.0,-0.033333333333333326,0.0,0.493625,1,2014-01-01,1.0,1.0,2021,0.0
Arkansas,2021-05-01,971884.0,2021,728636.3333333334,133.383960631481,761746,127.58636080793335,2021,22.0,100.0,0.22,7.0,35.0,0.2,-0.28,0.0,-0.3,0.0,0.34812499999999996,1,2014-01-01,1.0,1.0,2021,0.0
California,2021-05-01,12850229.0,2021,6975295.0,184.22488224512367,7534254,170.55741683250923,2021,60.0,80.0,0.75,30.0,40.0,0.75,0.25,1.0,0.25,1.0,0.63075,1,2014-01-01,1.0,1.0,2021,0.0
Connecticut,2021-05-01,951563.0,2021,505659.0,188.1827476619619,530145,179.49108262833752,2021,97.0,151.0,0.6423841059602649,23.0,36.0,0.6388888888888888,0.14238410596026485,1.0,0.13888888888888884,1.0,0.590625,1,2014-01-01,1.0,1.0,2021,0.0
Delaware,2021-05-01,267045.0,2021,157338.33333333334,169.72659767168415,165961,160.9082856815758,2021,26.0,41.0,0.6341463414634146,14.0,21.0,0.6666666666666666,0.13414634146341464,1.0,0.16666666666666663,1.0,0.5834999999999999,1,2014-01-01,1.0,1.0,2021,0.0
Florida,2021-05-01,4281662.0,2021,4222301.666666667,101.40587617890873,4384883,97.64598051989073,2021,42.0,120.0,0.35,16.0,40.0,0.4,-0.15000000000000002,0.0,-0.09999999999999998,0.0,0.474,0,,0.0,1.0,2021,0.0
Georgia,2021-05-01,2177156.0,2021,2106113.0,103.37318083122796,2209726,98.52606160220769,2021,76.0,180.0,0.4222222222222222,22.0,56.0,0.39285714285714285,-0.07777777777777778,0.0,-0.10714285714285715,0.0,0.494125,0,,0.0,1.0,2021,0.0
Hawaii,2021-05-01,418088.0,2021,214789.66666666666,194.6499598832346,185180,225.7738416675667,2021,47.0,51.0,0.9215686274509803,24.0,25.0,0.96,0.42156862745098034,1.0,0.45999999999999996,1.0,0.634625,1,2014-01-01,1.0,1.0,2021,0.0
Idaho,2021-05-01,396646.0,2021,328290.6666666667,120.8215889983673,341618,116.10805051256081,2021,12.0,70.0,0.17142857142857143,7.0,35.0,0.2,-0.32857142857142857,0.0,-0.3,0.0,0.32575,1,2020-01-01,1.0,1.0,2021,0.0
Indiana,2021-05-01,1753752.0,2021,1226300.3333333333,143.0116222208752,1293314,135.60140847466275,2021,29.0,100.0,0.29,11.0,50.0,0.22,-0.21000000000000002,0.0,-0.28,0.0,0.407875,1,2015-02-01,1.0,1.0,2021,1.0
Maryland,2021-05-01,1514069.0,2021,868453.6666666666,174.34079192864255,793697,190.76158786035478,2021,99.0,141.0,0.7021276595744681,32.0,47.0,0.6808510638297872,0.2021276595744681,1.0,0.18085106382978722,0.0,0.6511250000000001,1,2014-01-01,1.0,1.0,2021,0.0
Massachusetts,2021-05-01,1773779.0,2021,987566.6666666666,179.6110642319506,972871,182.32417247507635,2021,128.0,160.0,0.8,37.0,40.0,0.925,0.30000000000000004,1.0,0.42500000000000004,0.0,0.6525000000000001,1,2014-01-01,1.0,1.0,2021,0.0
Minnesota,2021-05-01,1220864.0,2021,783681.0,155.78583632881237,814317,149.9249063939473,2021,70.0,134.0,0.5223880597014925,31.0,67.0,0.4626865671641791,0.02238805970149249,1.0,-0.03731343283582089,1.0,0.52225,1,2014-01-01,1.0,1.0,2021,0.0
Mississippi,2021-05-01,684203.0,2021,790988.6666666666,86.4997222884778,831252,82.30993729939898,2021,46.0,122.0,0.3770491803278688,16.0,52.0,0.3076923076923077,-0.12295081967213117,0.0,-0.1923076923076923,0.0,0.410375,0,,0.0,1.0,2021,0.0
North Dakota,2021-05-01,111357.0,2021,123547.66666666667,90.13282322882125,122160,91.15667976424362,2021,14.0,94.0,0.14893617021276595,7.0,47.0,0.14893617021276595,-0.35106382978723405,0.0,-0.35106382978723405,0.0,0.3155,1,2014-01-01,1.0,1.0,2021,0.0
Ohio,2021-05-01,3051328.0,2021,2211517.0,137.9744311257838,2296371,132.87609014397063,2021,35.0,99.0,0.35353535353535354,8.0,33.0,0.24242424242424243,-0.14646464646464646,0.0,-0.25757575757575757,0.0,0.45225000000000004,1,2014-01-01,1.0,1.0,2021,0.0
Oklahoma,2021-05-01,887980.0,2021,901543.3333333334,98.49554282840906,885167,100.31779313959966,2021,19.0,101.0,0.18811881188118812,9.0,48.0,0.1875,-0.3118811881188119,0.0,-0.3125,0.0,0.325,1,2021-07-01,0.0,1.0,2021,0.0
Oregon,2021-05-01,1201710.0,2021,756354.3333333334,158.88188208084128,797451,150.69389843388495,2021,37.0,60.0,0.6166666666666667,18.0,30.0,0.6,0.1166666666666667,1.0,0.09999999999999998,1.0,0.5638749999999999,1,2014-01-01,1.0,1.0,2021,0.0
Pennsylvania,2021-05-01,3393651.0,2021,2186215.3333333335,155.22949401446579,2259652,150.1846744542965,2021,90.0,203.0,0.4433497536945813,21.0,50.0,0.42,-0.056650246305418706,0.0,-0.08000000000000002,1.0,0.499375,1,2015-01-01,1.0,1.0,2021,0.0
Rhode Island,2021-05-01,334758.0,2021,172198.33333333334,194.4025784221682,188712,177.3909449319598,2021,65.0,75.0,0.8666666666666667,33.0,38.0,0.868421052631579,0.3666666666666667,1.0,0.368421052631579,1.0,0.592125,1,2014-01-01,1.0,1.0,2021,0.0
South Carolina,2021-05-01,1168642.0,2021,1064047.6666666667,109.8298541136785,1124024,103.96948819598157,2021,43.0,124.0,0.3467741935483871,16.0,46.0,0.34782608695652173,-0.15322580645161288,0.0,-0.15217391304347827,0.0,0.42974999999999997,0,,0.0,1.0,2021,0.0
South Dakota,2021-05-01,127829.0,2021,156362.33333333334,81.75178591604542,166237,76.89563695206242,2021,8.0,70.0,0.11428571428571428,3.0,35.0,0.08571428571428572,-0.38571428571428573,0.0,-0.41428571428571426,0.0,0.355875,1,2023-07-01,0.0,1.0,2021,0.0
Tennessee,2021-05-01,1578085.0,2021,1404150.3333333333,112.38718266396452,1514870,104.1729653369596,2021,26.0,99.0,0.26262626262626265,6.0,33.0,0.18181818181818182,-0.23737373737373735,0.0,-0.3181818181818182,0.0,0.37075,0,,0.0,1.0,2021,0.0
Texas,2021-05-01,5013565.0,2021,6105349.666666667,82.11757350070421,6299251,79.589859175321,2021,67.0,150.0,0.44666666666666666,12.0,31.0,0.3870967741935484,-0.053333333333333344,0.0,-0.11290322580645162,0.0,0.46325000000000005,0,,0.0,1.0,2021,0.0
Utah,2021-05-01,416783.0,2021,444493.6666666667,93.7657904387089,456764,91.24690212013206,2021,17.0,75.0,0.22666666666666666,6.0,29.0,0.20689655172413793,-0.2733333333333333,0.0,-0.2931034482758621,0.0,0.376875,1,2020-01-01,1.0,1.0,2021,0.0
Wyoming,2021-05-01,68855.0,2021,97575.33333333333,70.56599003846601,93266,73.82647481397294,2021,7.0,60.0,0.11666666666666667,2.0,30.0,0.06666666666666667,-0.3833333333333333,0.0,-0.43333333333333335,0.0,0.26675000000000004,0,,0.0,1.0,2021,0.0
Alabama,2021-06-01,1043035.0,2021,1157621.75,90.10153791599026,1174119,88.83554392697845,2021,27.0,105.0,0.2571428571428571,8.0,35.0,0.22857142857142856,-0.24285714285714288,0.0,-0.27142857142857146,0.0,0.36220833333333335,0,,0.0,1.0,2021,0.0
Arizona,2021-06-01,2059556.0,2021,1352712.4166666667,152.25379575321162,1492698,137.97539756869776,2021,28.0,60.0,0.4666666666666667,14.0,30.0,0.4666666666666667,-0.033333333333333326,0.0,-0.033333333333333326,0.0,0.49322916666666666,1,2014-01-01,1.0,1.0,2021,0.0
Arkansas,2021-06-01,977975.0,2021,730334.1666666666,133.90788006859876,761746,128.38597117674396,2021,22.0,100.0,0.22,7.0,35.0,0.2,-0.28,0.0,-0.3,0.0,0.34781249999999997,1,2014-01-01,1.0,1.0,2021,0.0
California,2021-06-01,12913441.0,2021,6968831.0,185.30282912586057,7534254,171.3964116420816,2021,60.0,80.0,0.75,30.0,40.0,0.75,0.25,1.0,0.25,1.0,0.6300416666666667,1,2014-01-01,1.0,1.0,2021,0.0
Connecticut,2021-06-01,961399.0,2021,506039.0,189.98515924661933,530145,181.34642409152212,2021,97.0,151.0,0.6423841059602649,23.0,36.0,0.6388888888888888,0.14238410596026485,1.0,0.13888888888888884,1.0,0.5900624999999999,1,2014-01-01,1.0,1.0,2021,0.0
Delaware,2021-06-01,268963.0,2021,155436.66666666666,173.03703544852138,165961,162.0639788866059,2021,26.0,41.0,0.6341463414634146,14.0,21.0,0.6666666666666666,0.13414634146341464,1.0,0.16666666666666663,1.0,0.5830833333333333,1,2014-01-01,1.0,1.0,2021,0.0
Florida,2021-06-01,4316655.0,2021,4216804.083333333,102.36792876058249,4384883,98.44401777652905,2021,42.0,120.0,0.35,16.0,40.0,0.4,-0.15000000000000002,0.0,-0.09999999999999998,0.0,0.473,0,,0.0,1.0,2021,0.0
Georgia,2021-06-01,2194346.0,2021,2097017.25,104.64129467699897,2209726,99.30398610506461,2021,76.0,180.0,0.4222222222222222,22.0,56.0,0.39285714285714285,-0.07777777777777778,0.0,-0.10714285714285715,0.0,0.4938125,0,,0.0,1.0,2021,0.0
Hawaii,2021-06-01,420829.0,2021,214408.83333333334,196.27409629422917,185180,227.25402311264716,2021,47.0,51.0,0.9215686274509803,24.0,25.0,0.96,0.42156862745098034,1.0,0.45999999999999996,1.0,0.6338958333333333,1,2014-01-01,1.0,1.0,2021,0.0
Idaho,2021-06-01,395822.0,2021,328425.5833333333,120.52106172199841,341618,115.86684542383598,2021,12.0,70.0,0.17142857142857143,7.0,35.0,0.2,-0.32857142857142857,0.0,-0.3,0.0,0.3250416666666667,1,2020-01-01,1.0,1.0,2021,0.0
Indiana,2021-06-01,1769583.0,2021,1227430.9166666667,144.16966168700193,1293314,136.82547316428958,2021,29.0,100.0,0.29,11.0,50.0,0.22,-0.21000000000000002,0.0,-0.28,0.0,0.40752083333333333,1,2015-02-01,1.0,1.0,2021,1.0
Maryland,2021-06-01,1523891.0,2021,866331.0833333334,175.90168808633882,793697,191.99908781310754,2021,99.0,141.0,0.7021276595744681,32.0,47.0,0.6808510638297872,0.2021276595744681,1.0,0.18085106382978722,0.0,0.6506458333333334,1,2014-01-01,1.0,1.0,2021,0.0
Massachusetts,2021-06-01,1789843.0,2021,988004.0833333334,181.1574496697846,972871,183.97536775173685,2021,128.0,160.0,0.8,37.0,40.0,0.925,0.30000000000000004,1.0,0.42500000000000004,0.0,0.6519166666666667,1,2014-01-01,1.0,1.0,2021,0.0
Minnesota,2021-06-01,1229027.0,2021,785040.25,156.55592181419996,814317,150.92734156354345,2021,70.0,134.0,0.5223880597014925,31.0,67.0,0.4626865671641791,0.02238805970149249,1.0,-0.03731343283582089,1.0,0.5219583333333333,1,2014-01-01,1.0,1.0,2021,0.0
Mississippi,2021-06-01,688656.0,2021,789933.0833333334,87.17903003809289,831252,82.84563525862193,2021,46.0,122.0,0.3770491803278688,16.0,52.0,0.3076923076923077,-0.12295081967213117,0.0,-0.1923076923076923,0.0,0.4099375,0,,0.0,1.0,2021,0.0
North Dakota,2021-06-01,114242.0,2021,123301.58333333333,92.65250040719943,122160,93.51833660772758,2021,14.0,94.0,0.14893617021276595,7.0,47.0,0.14893617021276595,-0.35106382978723405,0.0,-0.35106382978723405,0.0,0.3154166666666667,1,2014-01-01,1.0,1.0,2021,0.0
Ohio,2021-06-01,3068766.0,2021,2209949.0,138.861394538969,2296371,133.63546221407603,2021,35.0,99.0,0.35353535353535354,8.0,33.0,0.24242424242424243,-0.14646464646464646,0.0,-0.25757575757575757,0.0,0.45195833333333335,1,2014-01-01,1.0,1.0,2021,0.0
Oklahoma,2021-06-01,896820.0,2021,902432.1666666666,99.3781065354312,885167,101.31647474431378,2021,19.0,101.0,0.18811881188118812,9.0,48.0,0.1875,-0.3118811881188119,0.0,-0.3125,0.0,0.32466666666666666,1,2021-07-01,0.0,1.0,2021,0.0
Oregon,2021-06-01,1210010.0,2021,755702.9166666666,160.11715362132497,797451,151.73471473482383,2021,37.0,60.0,0.6166666666666667,18.0,30.0,0.6,0.1166666666666667,1.0,0.09999999999999998,1.0,0.5636875,1,2014-01-01,1.0,1.0,2021,0.0
Pennsylvania,2021-06-01,3405675.0,2021,2185486.4166666665,155.83144210039893,2259652,150.71679178917816,2021,90.0,203.0,0.4433497536945813,21.0,50.0,0.42,-0.056650246305418706,0.0,-0.08000000000000002,1.0,0.4991041666666667,1,2015-01-01,1.0,1.0,2021,0.0
Rhode Island,2021-06-01,336631.0,2021,171109.91666666666,196.73377590135777,188712,178.38346263088727,2021,65.0,75.0,0.8666666666666667,33.0,38.0,0.868421052631579,0.3666666666666667,1.0,0.368421052631579,1.0,0.5918125,1,2014-01-01,1.0,1.0,2021,0.0
South Carolina,2021-06-01,1176742.0,2021,1061636.3333333333,110.8422878016295,1124024,104.69011337836203,2021,43.0,124.0,0.3467741935483871,16.0,46.0,0.34782608695652173,-0.15322580645161288,0.0,-0.15217391304347827,0.0,0.429375,0,,0.0,1.0,2021,0.0
South Dakota,2021-06-01,128919.0,2021,156576.91666666666,82.33589135903921,166237,77.5513273218357,2021,8.0,70.0,0.11428571428571428,3.0,35.0,0.08571428571428572,-0.38571428571428573,0.0,-0.41428571428571426,0.0,0.35552083333333334,1,2023-07-01,0.0,1.0,2021,0.0
Tennessee,2021-06-01,1590173.0,2021,1400797.6666666667,113.51910685173898,1514870,104.97092159723276,2021,26.0,99.0,0.26262626262626265,6.0,33.0,0.18181818181818182,-0.23737373737373735,0.0,-0.3181818181818182,0.0,0.370375,0,,0.0,1.0,2021,0.0
Texas,2021-06-01,5058201.0,2021,6103239.583333333,82.87731344862958,6299251,80.29845135556593,2021,67.0,150.0,0.44666666666666666,12.0,31.0,0.3870967741935484,-0.053333333333333344,0.0,-0.11290322580645162,0.0,0.4627916666666667,0,,0.0,1.0,2021,0.0
Utah,2021-06-01,415770.0,2021,442035.5833333333,94.05803869107822,456764,91.02512457198904,2021,17.0,75.0,0.22666666666666666,6.0,29.0,0.20689655172413793,-0.2733333333333333,0.0,-0.2931034482758621,0.0,0.3771875,1,2020-01-01,1.0,1.0,2021,0.0
Wyoming,2021-06-01,69413.0,2021,97746.91666666667,71.01298165415277,93266,74.42476357943946,2021,7.0,60.0,0.11666666666666667,2.0,30.0,0.06666666666666667,-0.3833333333333333,0.0,-0.43333333333333335,0.0,0.2665416666666667,0,,0.0,1.0,2021,0.0
Alabama,2021-07-01,1050694.0,2021,1155426.5,90.93559824013037,1174119,89.48786281458693,2021,27.0,105.0,0.2571428571428571,8.0,35.0,0.22857142857142856,-0.24285714285714288,0.0,-0.27142857142857146,0.0,0.3616666666666667,0,,0.0,1.0,2021,0.0
Arizona,2021-07-01,2072102.0,2021,1352194.5,153.2399370061038,1492698,138.8158890813815,2021,28.0,60.0,0.4666666666666667,14.0,30.0,0.4666666666666667,-0.033333333333333326,0.0,-0.033333333333333326,0.0,0.49283333333333335,1,2014-01-01,1.0,1.0,2021,0.0
Arkansas,2021-07-01,985204.0,2021,732032.0,134.58482689281342,761746,129.33497517545217,2021,22.0,100.0,0.22,7.0,35.0,0.2,-0.28,0.0,-0.3,0.0,0.3475,1,2014-01-01,1.0,1.0,2021,0.0
California,2021-07-01,12983442.0,2021,6962367.0,186.48028752290708,7534254,172.32551490831077,2021,60.0,80.0,0.75,30.0,40.0,0.75,0.25,1.0,0.25,1.0,0.6293333333333333,1,2014-01-01,1.0,1.0,2021,0.0
Connecticut,2021-07-01,960844.0,2021,506419.0,189.73300764781732,530145,181.2417357515397,2021,97.0,151.0,0.6423841059602649,23.0,36.0,0.6388888888888888,0.14238410596026485,1.0,0.13888888888888884,1.0,0.5894999999999999,1,2014-01-01,1.0,1.0,2021,0.0
Delaware,2021-07-01,271159.0,2021,153535.0,176.61054482691242,165961,163.38718132573317,2021,26.0,41.0,0.6341463414634146,14.0,21.0,0.6666666666666666,0.13414634146341464,1.0,0.16666666666666663,1.0,0.5826666666666667,1,2014-01-01,1.0,1.0,2021,0.0
Florida,2021-07-01,4350511.0,2021,4211306.5,103.30549438754932,4384883,99.2161250368596,2021,42.0,120.0,0.35,16.0,40.0,0.4,-0.15000000000000002,0.0,-0.09999999999999998,0.0,0.472,0,,0.0,1.0,2021,0.0
Georgia,2021-07-01,2214237.0,2021,2087921.5,106.04982035962558,2209726,100.20414295709061,2021,76.0,180.0,0.4222222222222222,22.0,56.0,0.39285714285714285,-0.07777777777777778,0.0,-0.10714285714285715,0.0,0.4935,0,,0.0,1.0,2021,0.0
Hawaii,2021-07-01,424531.0,2021,214028.0,198.35301923112866,185180,229.25315908845448,2021,47.0,51.0,0.9215686274509803,24.0,25.0,0.96,0.42156862745098034,1.0,0.45999999999999996,1.0,0.6331666666666667,1,2014-01-01,1.0,1.0,2021,0.0
Idaho,2021-07-01,399433.0,2021,328560.5,121.57060876155228,341618,116.92387403474056,2021,12.0,70.0,0.17142857142857143,7.0,35.0,0.2,-0.32857142857142857,0.0,-0.3,0.0,0.32433333333333336,1,2020-01-01,1.0,1.0,2021,0.0
Indiana,2021-07-01,1786580.0,2021,1228561.5,145.4204775259521,1293314,138.13969384078422,2021,29.0,100.0,0.29,11.0,50.0,0.22,-0.21000000000000002,0.0,-0.28,0.0,0.4071666666666667,1,2015-02-01,1.0,1.0,2021,1.0
Maryland,2021-07-01,1534076.0,2021,864208.5,177.51225543372925,793697,193.28232310314894,2021,99.0,141.0,0.7021276595744681,32.0,47.0,0.6808510638297872,0.2021276595744681,1.0,0.18085106382978722,0.0,0.6501666666666667,1,2014-01-01,1.0,1.0,2021,0.0
Massachusetts,2021-07-01,1797825.0,2021,988441.5,181.88481564159335,972871,184.79582596253766,2021,128.0,160.0,0.8,37.0,40.0,0.925,0.30000000000000004,1.0,0.42500000000000004,0.0,0.6513333333333333,1,2014-01-01,1.0,1.0,2021,0.0
Minnesota,2021-07-01,1239326.0,2021,786399.5,157.59496286556643,814317,152.1920824445517,2021,70.0,134.0,0.5223880597014925,31.0,67.0,0.4626865671641791,0.02238805970149249,1.0,-0.03731343283582089,1.0,0.5216666666666667,1,2014-01-01,1.0,1.0,2021,0.0
Mississippi,2021-07-01,693700.0,2021,788877.5,87.93507230210014,831252,83.45243079114397,2021,46.0,122.0,0.3770491803278688,16.0,52.0,0.3076923076923077,-0.12295081967213117,0.0,-0.1923076923076923,0.0,0.4095,0,,0.0,1.0,2021,0.0
North Dakota,2021-07-01,113589.0,2021,123055.5,92.3071297097651,122160,92.98379174852653,2021,14.0,94.0,0.14893617021276595,7.0,47.0,0.14893617021276595,-0.35106382978723405,0.0,-0.35106382978723405,0.0,0.31533333333333335,1,2014-01-01,1.0,1.0,2021,0.0
Ohio,2021-07-01,3086656.0,2021,2208381.0,139.7700849626944,2296371,134.41451751480923,2021,35.0,99.0,0.35353535353535354,8.0,33.0,0.24242424242424243,-0.14646464646464646,0.0,-0.25757575757575757,0.0,0.45166666666666666,1,2014-01-01,1.0,1.0,2021,0.0
Oklahoma,2021-07-01,1020015.0,2021,903321.0,112.91833135729159,885167,115.2341874471145,2021,19.0,101.0,0.18811881188118812,9.0,48.0,0.1875,-0.3118811881188119,0.0,-0.3125,0.0,0.32433333333333336,1,2021-07-01,1.0,1.0,2021,0.0
Oregon,2021-07-01,1219271.0,2021,755051.5,161.48183269618033,797451,152.8960400074738,2021,37.0,60.0,0.6166666666666667,18.0,30.0,0.6,0.1166666666666667,1.0,0.09999999999999998,1.0,0.5635,1,2014-01-01,1.0,1.0,2021,0.0
Pennsylvania,2021-07-01,3422966.0,2021,2184757.5,156.67487123856995,2259652,151.48199811298377,2021,90.0,203.0,0.4433497536945813,21.0,50.0,0.42,-0.056650246305418706,0.0,-0.08000000000000002,1.0,0.49883333333333335,1,2015-01-01,1.0,1.0,2021,0.0
Rhode Island,2021-07-01,338291.0,2021,170021.5,198.96954208732424,188712,179.26310992411717,2021,65.0,75.0,0.8666666666666667,33.0,38.0,0.868421052631579,0.3666666666666667,1.0,0.368421052631579,1.0,0.5914999999999999,1,2014-01-01,1.0,1.0,2021,0.0
South Carolina,2021-07-01,1185531.0,2021,1059225.0,111.92437867308644,1124024,105.47203618428075,2021,43.0,124.0,0.3467741935483871,16.0,46.0,0.34782608695652173,-0.15322580645161288,0.0,-0.15217391304347827,0.0,0.429,0,,0.0,1.0,2021,0.0
South Dakota,2021-07-01,129870.0,2021,156791.5,82.82974523491389,166237,78.12340213069294,2021,8.0,70.0,0.11428571428571428,3.0,35.0,0.08571428571428572,-0.38571428571428573,0.0,-0.41428571428571426,0.0,0.35516666666666663,1,2023-07-01,0.0,1.0,2021,0.0
Tennessee,2021-07-01,1600939.0,2021,1397445.0,114.56186111081294,1514870,105.68160964307167,2021,26.0,99.0,0.26262626262626265,6.0,33.0,0.18181818181818182,-0.23737373737373735,0.0,-0.3181818181818182,0.0,0.37,0,,0.0,1.0,2021,0.0
Texas,2021-07-01,5077158.0,2021,6101129.5,83.21668963099373,6299251,80.59939189595715,2021,67.0,150.0,0.44666666666666666,12.0,31.0,0.3870967741935484,-0.053333333333333344,0.0,-0.11290322580645162,0.0,0.4623333333333334,0,,0.0,1.0,2021,0.0
Utah,2021-07-01,420000.0,2021,439577.5,95.5462916095569,456764,91.95120456077974,2021,17.0,75.0,0.22666666666666666,6.0,29.0,0.20689655172413793,-0.2733333333333333,0.0,-0.2931034482758621,0.0,0.3775,1,2020-01-01,1.0,1.0,2021,0.0
Wyoming,2021-07-01,70089.0,2021,97918.5,71.57891511818502,93266,75.14957219136663,2021,7.0,60.0,0.11666666666666667,2.0,30.0,0.06666666666666667,-0.3833333333333333,0.0,-0.43333333333333335,0.0,0.26633333333333337,0,,0.0,1.0,2021,0.0
Alabama,2021-08-01,1058674.0,2021,1153231.25,91.80066877306699,1174119,90.16752135005055,2021,27.0,105.0,0.2571428571428571,8.0,35.0,0.22857142857142856,-0.24285714285714288,0.0,-0.27142857142857146,0.0,0.361125,0,,0.0,1.0,2021,0.0
Arizona,2021-08-01,2088145.0,2021,1351676.5833333333,154.48554970527653,1492698,139.8906543721503,2021,28.0,60.0,0.4666666666666667,14.0,30.0,0.4666666666666667,-0.033333333333333326,0.0,-0.033333333333333326,0.0,0.4924375,1,2014-01-01,1.0,1.0,2021,0.0
Arkansas,2021-08-01,991687.0,2021,733729.8333333334,135.1569685390558,761746,130.18604626739096,2021,22.0,100.0,0.22,7.0,35.0,0.2,-0.28,0.0,-0.3,0.0,0.3471875,1,2014-01-01,1.0,1.0,2021,0.0
California,2021-08-01,13058458.0,2021,6955903.0,187.7320313408626,7534254,173.32118083621816,2021,60.0,80.0,0.75,30.0,40.0,0.75,0.25,1.0,0.25,1.0,0.628625,1,2014-01-01,1.0,1.0,2021,0.0
Connecticut,2021-08-01,962673.0,2021,506799.0,189.95163763148705,530145,181.58673570438276,2021,97.0,151.0,0.6423841059602649,23.0,36.0,0.6388888888888888,0.14238410596026485,1.0,0.13888888888888884,1.0,0.5889375,1,2014-01-01,1.0,1.0,2021,0.0
Delaware,2021-08-01,273386.0,2021,151633.33333333334,180.29413057814904,165961,164.72906285211587,2021,26.0,41.0,0.6341463414634146,14.0,21.0,0.6666666666666666,0.13414634146341464,1.0,0.16666666666666663,1.0,0.5822499999999999,1,2014-01-01,1.0,1.0,2021,0.0
Florida,2021-08-01,4396610.0,2021,4205808.916666667,104.53660846495502,4384883,100.26744157141707,2021,42.0,120.0,0.35,16.0,40.0,0.4,-0.15000000000000002,0.0,-0.09999999999999998,0.0,0.471,0,,0.0,1.0,2021,0.0
Georgia,2021-08-01,2235830.0,2021,2078825.75,107.55254498843878,2209726,101.18132293325056,2021,76.0,180.0,0.4222222222222222,22.0,56.0,0.39285714285714285,-0.07777777777777778,0.0,-0.10714285714285715,0.0,0.4931875,0,,0.0,1.0,2021,0.0
Hawaii,2021-08-01,427508.0,2021,213647.16666666666,200.10000912719806,185180,230.86078410195486,2021,47.0,51.0,0.9215686274509803,24.0,25.0,0.96,0.42156862745098034,1.0,0.45999999999999996,1.0,0.6324375,1,2014-01-01,1.0,1.0,2021,0.0
Idaho,2021-08-01,398124.0,2021,328695.4166666667,121.12246773545417,341618,116.54069750422987,2021,12.0,70.0,0.17142857142857143,7.0,35.0,0.2,-0.32857142857142857,0.0,-0.3,0.0,0.323625,1,2020-01-01,1.0,1.0,2021,0.0
Indiana,2021-08-01,1804435.0,2021,1229692.0833333333,146.73876692030967,1293314,139.52025571516276,2021,29.0,100.0,0.29,11.0,50.0,0.22,-0.21000000000000002,0.0,-0.28,0.0,0.40681249999999997,1,2015-02-01,1.0,1.0,2021,1.0
Maryland,2021-08-01,1545932.0,2021,862085.9166666666,179.32458588089298,793697,194.77609213591586,2021,99.0,141.0,0.7021276595744681,32.0,47.0,0.6808510638297872,0.2021276595744681,1.0,0.18085106382978722,0.0,0.6496875,1,2014-01-01,1.0,1.0,2021,0.0
Massachusetts,2021-08-01,1810614.0,2021,988878.9166666666,183.09764415882734,972871,186.11038873601947,2021,128.0,160.0,0.8,37.0,40.0,0.925,0.30000000000000004,1.0,0.42500000000000004,0.0,0.65075,1,2014-01-01,1.0,1.0,2021,0.0
Minnesota,2021-08-01,1247150.0,2021,787758.75,158.31623577649881,814317,153.15288763466808,2021,70.0,134.0,0.5223880597014925,31.0,67.0,0.4626865671641791,0.02238805970149249,1.0,-0.03731343283582089,1.0,0.521375,1,2014-01-01,1.0,1.0,2021,0.0
Mississippi,2021-08-01,698969.0,2021,787821.9166666666,88.72170032504174,831252,84.08629392771387,2021,46.0,122.0,0.3770491803278688,16.0,52.0,0.3076923076923077,-0.12295081967213117,0.0,-0.1923076923076923,0.0,0.4090625,0,,0.0,1.0,2021,0.0
North Dakota,2021-08-01,113810.0,2021,122809.41666666667,92.67204672822999,122160,93.16470203012443,2021,14.0,94.0,0.14893617021276595,7.0,47.0,0.14893617021276595,-0.35106382978723405,0.0,-0.35106382978723405,0.0,0.31525000000000003,1,2014-01-01,1.0,1.0,2021,0.0
Ohio,2021-08-01,3106505.0,2021,2206813.0,140.7688372326971,2296371,135.2788813305864,2021,35.0,99.0,0.35353535353535354,8.0,33.0,0.24242424242424243,-0.14646464646464646,0.0,-0.25757575757575757,0.0,0.451375,1,2014-01-01,1.0,1.0,2021,0.0
Oklahoma,2021-08-01,1040987.0,2021,904209.8333333334,115.12670639318785,885167,117.6034578785698,2021,19.0,101.0,0.18811881188118812,9.0,48.0,0.1875,-0.3118811881188119,0.0,-0.3125,0.0,0.324,1,2021-07-01,1.0,1.0,2021,0.0
Oregon,2021-08-01,1229591.0,2021,754400.0833333334,162.98924498616506,797451,154.19016340815926,2021,37.0,60.0,0.6166666666666667,18.0,30.0,0.6,0.1166666666666667,1.0,0.09999999999999998,1.0,0.5633125,1,2014-01-01,1.0,1.0,2021,0.0
Pennsylvania,2021-08-01,3444045.0,2021,2184028.5833333335,157.6923043169879,2259652,152.414840869302,2021,90.0,203.0,0.4433497536945813,21.0,50.0,0.42,-0.056650246305418706,0.0,-0.08000000000000002,1.0,0.4985625,1,2015-01-01,1.0,1.0,2021,0.0
Rhode Island,2021-08-01,340212.0,2021,168933.08333333334,201.3886168931781,188712,180.2810632074272,2021,65.0,75.0,0.8666666666666667,33.0,38.0,0.868421052631579,0.3666666666666667,1.0,0.368421052631579,1.0,0.5911875,1,2014-01-01,1.0,1.0,2021,0.0
South Carolina,2021-08-01,1193136.0,2021,1056813.6666666667,112.8993726740223,1124024,106.1486231610713,2021,43.0,124.0,0.3467741935483871,16.0,46.0,0.34782608695652173,-0.15322580645161288,0.0,-0.15217391304347827,0.0,0.428625,0,,0.0,1.0,2021,0.0
South Dakota,2021-08-01,130974.0,2021,157006.08333333334,83.41969764441185,166237,78.7875142116376,2021,8.0,70.0,0.11428571428571428,3.0,35.0,0.08571428571428572,-0.38571428571428573,0.0,-0.41428571428571426,0.0,0.3548125,1,2023-07-01,0.0,1.0,2021,0.0
Tennessee,2021-08-01,1613252.0,2021,1394092.3333333333,115.7205990899216,1514870,106.49441866298758,2021,26.0,99.0,0.26262626262626265,6.0,33.0,0.18181818181818182,-0.23737373737373735,0.0,-0.3181818181818182,0.0,0.369625,0,,0.0,1.0,2021,0.0
Texas,2021-08-01,5145089.0,2021,6099019.416666667,84.35928218133097,6299251,81.67778994677303,2021,67.0,150.0,0.44666666666666666,12.0,31.0,0.3870967741935484,-0.053333333333333344,0.0,-0.11290322580645162,0.0,0.46187500000000004,0,,0.0,1.0,2021,0.0
Utah,2021-08-01,425982.0,2021,437119.4166666667,97.45208832140263,456764,93.26085243145256,2021,17.0,75.0,0.22666666666666666,6.0,29.0,0.20689655172413793,-0.2733333333333333,0.0,-0.2931034482758621,0.0,0.3778125,1,2020-01-01,1.0,1.0,2021,0.0
Wyoming,2021-08-01,70811.0,2021,98090.08333333333,72.18976434077179,93266,75.9237020993717,2021,7.0,60.0,0.11666666666666667,2.0,30.0,0.06666666666666667,-0.3833333333333333,0.0,-0.43333333333333335,0.0,0.266125,0,,0.0,1.0,2021,0.0
Alabama,2021-09-01,1066227.0,2021,1151036.0,92.63194200702671,1174119,90.81081219194988,2021,27.0,105.0,0.2571428571428571,8.0,35.0,0.22857142857142856,-0.24285714285714288,0.0,-0.27142857142857146,0.0,0.3605833333333333,0,,0.0,1.0,2021,0.0
Arizona,2021-09-01,2101598.0,2021,1351158.6666666667,155.54042999144437,1492698,140.79190834314778,2021,28.0,60.0,0.4666666666666667,14.0,30.0,0.4666666666666667,-0.033333333333333326,0.0,-0.033333333333333326,0.0,0.49204166666666665,1,2014-01-01,1.0,1.0,2021,0.0
Arkansas,2021-09-01,998854.0,2021,735427.6666666666,135.8194755613854,761746,131.12691107009422,2021,22.0,100.0,0.22,7.0,35.0,0.2,-0.28,0.0,-0.3,0.0,0.346875,1,2014-01-01,1.0,1.0,2021,0.0
California,2021-09-01,13120745.0,2021,6949439.0,188.80293790621084,7534254,174.14789838516197,2021,60.0,80.0,0.75,30.0,40.0,0.75,0.25,1.0,0.25,1.0,0.6279166666666667,1,2014-01-01,1.0,1.0,2021,0.0
Connecticut,2021-09-01,962044.0,2021,507179.0,189.68529848436154,530145,181.46808891906932,2021,97.0,151.0,0.6423841059602649,23.0,36.0,0.6388888888888888,0.14238410596026485,1.0,0.13888888888888884,1.0,0.588375,1,2014-01-01,1.0,1.0,2021,0.0
Delaware,2021-09-01,275242.0,2021,149731.66666666666,183.82350649495208,165961,165.84739788263508,2021,26.0,41.0,0.6341463414634146,14.0,21.0,0.6666666666666666,0.13414634146341464,1.0,0.16666666666666663,1.0,0.5818333333333333,1,2014-01-01,1.0,1.0,2021,0.0
Florida,2021-09-01,4427217.0,2021,4200311.333333333,105.40211543049112,4384883,100.9654533541716,2021,42.0,120.0,0.35,16.0,40.0,0.4,-0.15000000000000002,0.0,-0.09999999999999998,0.0,0.47,0,,0.0,1.0,2021,0.0
Georgia,2021-09-01,2252976.0,2021,2069730.0,108.85361858793176,2209726,101.95725623900881,2021,76.0,180.0,0.4222222222222222,22.0,56.0,0.39285714285714285,-0.07777777777777778,0.0,-0.10714285714285715,0.0,0.492875,0,,0.0,1.0,2021,0.0
Hawaii,2021-09-01,430185.0,2021,213266.33333333334,201.71256910373413,185180,232.30640457932822,2021,47.0,51.0,0.9215686274509803,24.0,25.0,0.96,0.42156862745098034,1.0,0.45999999999999996,1.0,0.6317083333333333,1,2014-01-01,1.0,1.0,2021,0.0
Idaho,2021-09-01,400157.0,2021,328830.3333333333,121.6910240438078,341618,117.1358066612415,2021,12.0,70.0,0.17142857142857143,7.0,35.0,0.2,-0.32857142857142857,0.0,-0.3,0.0,0.3229166666666667,1,2020-01-01,1.0,1.0,2021,0.0
Indiana,2021-09-01,1819019.0,2021,1230822.6666666667,147.7888772495794,1293314,140.6479014377019,2021,29.0,100.0,0.29,11.0,50.0,0.22,-0.21000000000000002,0.0,-0.28,0.0,0.4064583333333333,1,2015-02-01,1.0,1.0,2021,1.0
Maryland,2021-09-01,1554542.0,2021,859963.3333333334,180.76840485447053,793697,195.86088897904364,2021,99.0,141.0,0.7021276595744681,32.0,47.0,0.6808510638297872,0.2021276595744681,1.0,0.18085106382978722,0.0,0.6492083333333334,1,2014-01-01,1.0,1.0,2021,0.0
Massachusetts,2021-09-01,1822473.0,2021,989316.3333333334,184.215395884498,972871,187.32935815745356,2021,128.0,160.0,0.8,37.0,40.0,0.925,0.30000000000000004,1.0,0.42500000000000004,0.0,0.6501666666666667,1,2014-01-01,1.0,1.0,2021,0.0
Minnesota,2021-09-01,1254409.0,2021,789118.0,158.96342498840477,814317,154.04430952565156,2021,70.0,134.0,0.5223880597014925,31.0,67.0,0.4626865671641791,0.02238805970149249,1.0,-0.03731343283582089,1.0,0.5210833333333333,1,2014-01-01,1.0,1.0,2021,0.0
Mississippi,2021-09-01,703361.0,2021,786766.3333333334,89.39897021521426,831252,84.61465355872828,2021,46.0,122.0,0.3770491803278688,16.0,52.0,0.3076923076923077,-0.12295081967213117,0.0,-0.1923076923076923,0.0,0.40862499999999996,0,,0.0,1.0,2021,0.0
North Dakota,2021-09-01,114093.0,2021,122563.33333333333,93.08901520302429,122160,93.39636542239685,2021,14.0,94.0,0.14893617021276595,7.0,47.0,0.14893617021276595,-0.35106382978723405,0.0,-0.35106382978723405,0.0,0.31516666666666665,1,2014-01-01,1.0,1.0,2021,0.0
Ohio,2021-09-01,3123238.0,2021,2205245.0,141.6277102997626,2296371,136.00755278654887,2021,35.0,99.0,0.35353535353535354,8.0,33.0,0.24242424242424243,-0.14646464646464646,0.0,-0.25757575757575757,0.0,0.45108333333333334,1,2014-01-01,1.0,1.0,2021,0.0
Oklahoma,2021-09-01,1065210.0,2021,905098.6666666666,117.68993141079278,885167,120.34000363773163,2021,19.0,101.0,0.18811881188118812,9.0,48.0,0.1875,-0.3118811881188119,0.0,-0.3125,0.0,0.32366666666666666,1,2021-07-01,1.0,1.0,2021,0.0
Oregon,2021-09-01,1237837.0,2021,753748.6666666666,164.22410476347997,797451,155.2242081331643,2021,37.0,60.0,0.6166666666666667,18.0,30.0,0.6,0.1166666666666667,1.0,0.09999999999999998,1.0,0.563125,1,2014-01-01,1.0,1.0,2021,0.0
Pennsylvania,2021-09-01,3465577.0,2021,2183299.6666666665,158.73116516758503,2259652,153.36773096034258,2021,90.0,203.0,0.4433497536945813,21.0,50.0,0.42,-0.056650246305418706,0.0,-0.08000000000000002,1.0,0.4982916666666667,1,2015-01-01,1.0,1.0,2021,0.0
Rhode Island,2021-09-01,342408.0,2021,167844.66666666666,204.00290745014243,188712,181.44474119292892,2021,65.0,75.0,0.8666666666666667,33.0,38.0,0.868421052631579,0.3666666666666667,1.0,0.368421052631579,1.0,0.5908749999999999,1,2014-01-01,1.0,1.0,2021,0.0
South Carolina,2021-09-01,1199622.0,2021,1054402.3333333333,113.77269966840615,1124024,106.72565710340704,2021,43.0,124.0,0.3467741935483871,16.0,46.0,0.34782608695652173,-0.15322580645161288,0.0,-0.15217391304347827,0.0,0.42825,0,,0.0,1.0,2021,0.0
South Dakota,2021-09-01,132026.0,2021,157220.66666666666,83.97496512332985,166237,79.42034565108851,2021,8.0,70.0,0.11428571428571428,3.0,35.0,0.08571428571428572,-0.38571428571428573,0.0,-0.41428571428571426,0.0,0.3544583333333333,1,2023-07-01,0.0,1.0,2021,0.0
Tennessee,2021-09-01,1624636.0,2021,1390739.6666666667,116.81812483956378,1514870,107.24590228864524,2021,26.0,99.0,0.26262626262626265,6.0,33.0,0.18181818181818182,-0.23737373737373735,0.0,-0.3181818181818182,0.0,0.36924999999999997,0,,0.0,1.0,2021,0.0
Texas,2021-09-01,5184231.0,2021,6096909.333333333,85.03047555023507,6299251,82.29916540871288,2021,67.0,150.0,0.44666666666666666,12.0,31.0,0.3870967741935484,-0.053333333333333344,0.0,-0.11290322580645162,0.0,0.4614166666666667,0,,0.0,1.0,2021,0.0
Utah,2021-09-01,431028.0,2021,434661.3333333333,99.16410017300826,456764,94.36558047481851,2021,17.0,75.0,0.22666666666666666,6.0,29.0,0.20689655172413793,-0.2733333333333333,0.0,-0.2931034482758621,0.0,0.378125,1,2020-01-01,1.0,1.0,2021,0.0
Wyoming,2021-09-01,71515.0,2021,98261.66666666667,72.78016181284664,93266,76.67853236978107,2021,7.0,60.0,0.11666666666666667,2.0,30.0,0.06666666666666667,-0.3833333333333333,0.0,-0.43333333333333335,0.0,0.2659166666666667,0,,0.0,1.0,2021,0.0
Alabama,2021-10-01,1072381.0,2021,1148840.75,93.34461717170113,1174119,91.33494986453672,2021,27.0,105.0,0.2571428571428571,8.0,35.0,0.22857142857142856,-0.24285714285714288,0.0,-0.27142857142857146,0.0,0.36004166666666665,0,,0.0,1.0,2021,0.0
Arizona,2021-10-01,2113571.0,2021,1350640.75,156.4865416655021,1492698,141.59401298856164,2021,28.0,60.0,0.4666666666666667,14.0,30.0,0.4666666666666667,-0.033333333333333326,0.0,-0.033333333333333326,0.0,0.49164583333333334,1,2014-01-01,1.0,1.0,2021,0.0
Arkansas,2021-10-01,1002975.0,2021,737125.5,136.0657038726784,761746,131.66790504971473,2021,22.0,100.0,0.22,7.0,35.0,0.2,-0.28,0.0,-0.3,0.0,0.3465625,1,2014-01-01,1.0,1.0,2021,0.0
California,2021-10-01,13173192.0,2021,6942975.0,189.73411253821308,7534254,174.84401242644594,2021,60.0,80.0,0.75,30.0,40.0,0.75,0.25,1.0,0.25,1.0,0.6272083333333334,1,2014-01-01,1.0,1.0,2021,0.0
Connecticut,2021-10-01,960108.0,2021,507559.0,189.1618511345479,530145,181.10290580878817,2021,97.0,151.0,0.6423841059602649,23.0,36.0,0.6388888888888888,0.14238410596026485,1.0,0.13888888888888884,1.0,0.5878125,1,2014-01-01,1.0,1.0,2021,0.0
Delaware,2021-10-01,276686.0,2021,147830.0,187.16498680917272,165961,166.7174818180175,2021,26.0,41.0,0.6341463414634146,14.0,21.0,0.6666666666666666,0.13414634146341464,1.0,0.16666666666666663,1.0,0.5814166666666666,1,2014-01-01,1.0,1.0,2021,0.0
Florida,2021-10-01,4457869.0,2021,4194813.75,106.27096375852206,4384883,101.66449139007814,2021,42.0,120.0,0.35,16.0,40.0,0.4,-0.15000000000000002,0.0,-0.09999999999999998,0.0,0.469,0,,0.0,1.0,2021,0.0
Georgia,2021-10-01,2268840.0,2021,2060634.25,110.10396434981122,2209726,102.67517330202931,2021,76.0,180.0,0.4222222222222222,22.0,56.0,0.39285714285714285,-0.07777777777777778,0.0,-0.10714285714285715,0.0,0.4925625,0,,0.0,1.0,2021,0.0
Hawaii,2021-10-01,431196.0,2021,212885.5,202.54831822740394,185180,232.85235986607626,2021,47.0,51.0,0.9215686274509803,24.0,25.0,0.96,0.42156862745098034,1.0,0.45999999999999996,1.0,0.6309791666666666,1,2014-01-01,1.0,1.0,2021,0.0
Idaho,2021-10-01,403570.0,2021,328965.25,122.67861119069568,341618,118.13487579694278,2021,12.0,70.0,0.17142857142857143,7.0,35.0,0.2,-0.32857142857142857,0.0,-0.3,0.0,0.3222083333333333,1,2020-01-01,1.0,1.0,2021,0.0
Indiana,2021-10-01,1833226.0,2021,1231953.25,148.8064583619549,1293314,141.74639723995875,2021,29.0,100.0,0.29,11.0,50.0,0.22,-0.21000000000000002,0.0,-0.28,0.0,0.40610416666666665,1,2015-02-01,1.0,1.0,2021,1.0
Maryland,2021-10-01,1563867.0,2021,857840.75,182.30271760813415,793697,197.03577057743698,2021,99.0,141.0,0.7021276595744681,32.0,47.0,0.6808510638297872,0.2021276595744681,1.0,0.18085106382978722,0.0,0.6487291666666667,1,2014-01-01,1.0,1.0,2021,0.0
Massachusetts,2021-10-01,1833625.0,2021,989753.75,185.26072773151907,972871,188.47565607362128,2021,128.0,160.0,0.8,37.0,40.0,0.925,0.30000000000000004,1.0,0.42500000000000004,0.0,0.6495833333333334,1,2014-01-01,1.0,1.0,2021,0.0
Minnesota,2021-10-01,1261625.0,2021,790477.25,159.6029487249633,814317,154.93045091776298,2021,70.0,134.0,0.5223880597014925,31.0,67.0,0.4626865671641791,0.02238805970149249,1.0,-0.03731343283582089,1.0,0.5207916666666667,1,2014-01-01,1.0,1.0,2021,0.0
Mississippi,2021-10-01,706380.0,2021,785710.75,89.90331365582054,831252,84.97784065481949,2021,46.0,122.0,0.3770491803278688,16.0,52.0,0.3076923076923077,-0.12295081967213117,0.0,-0.1923076923076923,0.0,0.4081875,0,,0.0,1.0,2021,0.0
North Dakota,2021-10-01,115983.0,2021,122317.25,94.82145813448226,122160,94.94351669941061,2021,14.0,94.0,0.14893617021276595,7.0,47.0,0.14893617021276595,-0.35106382978723405,0.0,-0.35106382978723405,0.0,0.3150833333333333,1,2014-01-01,1.0,1.0,2021,0.0
Ohio,2021-10-01,3140554.0,2021,2203677.0,142.5142613913019,2296371,136.76161212626357,2021,35.0,99.0,0.35353535353535354,8.0,33.0,0.24242424242424243,-0.14646464646464646,0.0,-0.25757575757575757,0.0,0.4507916666666667,1,2014-01-01,1.0,1.0,2021,0.0
Oklahoma,2021-10-01,1090053.0,2021,905987.5,120.31656065894948,885167,123.1465926768621,2021,19.0,101.0,0.18811881188118812,9.0,48.0,0.1875,-0.3118811881188119,0.0,-0.3125,0.0,0.32333333333333336,1,2021-07-01,1.0,1.0,2021,0.0
Oregon,2021-10-01,1246420.0,2021,753097.25,165.5058493441584,797451,156.30051250797854,2021,37.0,60.0,0.6166666666666667,18.0,30.0,0.6,0.1166666666666667,1.0,0.09999999999999998,1.0,0.5629375,1,2014-01-01,1.0,1.0,2021,0.0
Pennsylvania,2021-10-01,3485696.0,2021,2182570.75,159.705979748881,2259652,154.25808929870618,2021,90.0,203.0,0.4433497536945813,21.0,50.0,0.42,-0.056650246305418706,0.0,-0.08000000000000002,1.0,0.49802083333333336,1,2015-01-01,1.0,1.0,2021,0.0
Rhode Island,2021-10-01,342734.0,2021,166756.25,205.52992766388067,188712,181.61749120352707,2021,65.0,75.0,0.8666666666666667,33.0,38.0,0.868421052631579,0.3666666666666667,1.0,0.368421052631579,1.0,0.5905625,1,2014-01-01,1.0,1.0,2021,0.0
South Carolina,2021-10-01,1202963.0,2021,1051991.0,114.35107334568451,1124024,107.02289274962101,2021,43.0,124.0,0.3467741935483871,16.0,46.0,0.34782608695652173,-0.15322580645161288,0.0,-0.15217391304347827,0.0,0.427875,0,,0.0,1.0,2021,0.0
South Dakota,2021-10-01,132892.0,2021,157435.25,84.41057514120884,166237,79.94128864211937,2021,8.0,70.0,0.11428571428571428,3.0,35.0,0.08571428571428572,-0.38571428571428573,0.0,-0.41428571428571426,0.0,0.35410416666666666,1,2023-07-01,0.0,1.0,2021,0.0
Tennessee,2021-10-01,1634731.0,2021,1387387.0,117.8280465364026,1514870,107.91229610461623,2021,26.0,99.0,0.26262626262626265,6.0,33.0,0.18181818181818182,-0.23737373737373735,0.0,-0.3181818181818182,0.0,0.368875,0,,0.0,1.0,2021,0.0
Texas,2021-10-01,5219191.0,2021,6094799.25,85.6335177897779,6299251,82.85415202537571,2021,67.0,150.0,0.44666666666666666,12.0,31.0,0.3870967741935484,-0.053333333333333344,0.0,-0.11290322580645162,0.0,0.46095833333333336,0,,0.0,1.0,2021,0.0
Utah,2021-10-01,432514.0,2021,432203.25,100.0718990428693,456764,94.69091259381213,2021,17.0,75.0,0.22666666666666666,6.0,29.0,0.20689655172413793,-0.2733333333333333,0.0,-0.2931034482758621,0.0,0.3784375,1,2020-01-01,1.0,1.0,2021,0.0
Wyoming,2021-10-01,72132.0,2021,98433.25,73.28011622089082,93266,77.3400810584779,2021,7.0,60.0,0.11666666666666667,2.0,30.0,0.06666666666666667,-0.3833333333333333,0.0,-0.43333333333333335,0.0,0.2657083333333333,0,,0.0,1.0,2021,0.0
Alabama,2021-11-01,1079278.0,2021,1146645.5,94.12481887383677,1174119,91.92236902733028,2021,27.0,105.0,0.2571428571428571,8.0,35.0,0.22857142857142856,-0.24285714285714288,0.0,-0.27142857142857146,0.0,0.3595,0,,0.0,1.0,2021,0.0
Arizona,2021-11-01,2128187.0,2021,1350122.8333333333,157.62913917585524,1492698,142.57317957148734,2021,28.0,60.0,0.4666666666666667,14.0,30.0,0.4666666666666667,-0.033333333333333326,0.0,-0.033333333333333326,0.0,0.49124999999999996,1,2014-01-01,1.0,1.0,2021,0.0
Arkansas,2021-11-01,1007113.0,2021,738823.3333333334,136.31310146313734,761746,132.21113074436886,2021,22.0,100.0,0.22,7.0,35.0,0.2,-0.28,0.0,-0.3,0.0,0.34625,1,2014-01-01,1.0,1.0,2021,0.0
California,2021-11-01,13227010.0,2021,6936511.0,190.68678763718532,7534254,175.5583233588886,2021,60.0,80.0,0.75,30.0,40.0,0.75,0.25,1.0,0.25,1.0,0.6265000000000001,1,2014-01-01,1.0,1.0,2021,0.0
Connecticut,2021-11-01,963995.0,2021,507939.0,189.7855844894761,530145,181.83610144394459,2021,97.0,151.0,0.6423841059602649,23.0,36.0,0.6388888888888888,0.14238410596026485,1.0,0.13888888888888884,1.0,0.5872499999999999,1,2014-01-01,1.0,1.0,2021,0.0
Delaware,2021-11-01,278408.0,2021,145928.33333333334,190.78406066904986,165961,167.75507498749707,2021,26.0,41.0,0.6341463414634146,14.0,21.0,0.6666666666666666,0.13414634146341464,1.0,0.16666666666666663,1.0,0.581,1,2014-01-01,1.0,1.0,2021,0.0
Florida,2021-11-01,4488890.0,2021,4189316.1666666665,107.15090056264951,4384883,102.37194470183127,2021,42.0,120.0,0.35,16.0,40.0,0.4,-0.15000000000000002,0.0,-0.09999999999999998,0.0,0.46799999999999997,0,,0.0,1.0,2021,0.0
Georgia,2021-11-01,2286427.0,2021,2051538.5,111.44938298745063,2209726,103.47106383325352,2021,76.0,180.0,0.4222222222222222,22.0,56.0,0.39285714285714285,-0.07777777777777778,0.0,-0.10714285714285715,0.0,0.49224999999999997,0,,0.0,1.0,2021,0.0
Hawaii,2021-11-01,434403.0,2021,212504.66666666666,204.42045194301616,185180,234.584188357274,2021,47.0,51.0,0.9215686274509803,24.0,25.0,0.96,0.42156862745098034,1.0,0.45999999999999996,1.0,0.63025,1,2014-01-01,1.0,1.0,2021,0.0
Idaho,2021-11-01,406367.0,2021,329100.1666666667,123.47821154754809,341618,118.95362656534492,2021,12.0,70.0,0.17142857142857143,7.0,35.0,0.2,-0.32857142857142857,0.0,-0.3,0.0,0.3215,1,2020-01-01,1.0,1.0,2021,0.0
Indiana,2021-11-01,1849167.0,2021,1233083.8333333333,149.9627965278922,1293314,142.97896721136553,2021,29.0,100.0,0.29,11.0,50.0,0.22,-0.21000000000000002,0.0,-0.28,0.0,0.40575,1,2015-02-01,1.0,1.0,2021,1.0
Maryland,2021-11-01,1572390.0,2021,855718.1666666666,183.7509195492519,793697,198.10960605873527,2021,99.0,141.0,0.7021276595744681,32.0,47.0,0.6808510638297872,0.2021276595744681,1.0,0.18085106382978722,0.0,0.64825,1,2014-01-01,1.0,1.0,2021,0.0
Massachusetts,2021-11-01,1845572.0,2021,990191.1666666666,186.38542355541784,972871,189.7036708875072,2021,128.0,160.0,0.8,37.0,40.0,0.925,0.30000000000000004,1.0,0.42500000000000004,0.0,0.649,1,2014-01-01,1.0,1.0,2021,0.0
Minnesota,2021-11-01,1269137.0,2021,791836.5,160.27765832971832,814317,155.85294179048208,2021,70.0,134.0,0.5223880597014925,31.0,67.0,0.4626865671641791,0.02238805970149249,1.0,-0.03731343283582089,1.0,0.5205,1,2014-01-01,1.0,1.0,2021,0.0
Mississippi,2021-11-01,710576.0,2021,784655.1666666666,90.55901626425707,831252,85.48262139519665,2021,46.0,122.0,0.3770491803278688,16.0,52.0,0.3076923076923077,-0.12295081967213117,0.0,-0.1923076923076923,0.0,0.40775,0,,0.0,1.0,2021,0.0
North Dakota,2021-11-01,117159.0,2021,122071.16666666667,95.97598122406737,122160,95.90618860510806,2021,14.0,94.0,0.14893617021276595,7.0,47.0,0.14893617021276595,-0.35106382978723405,0.0,-0.35106382978723405,0.0,0.315,1,2014-01-01,1.0,1.0,2021,0.0
Ohio,2021-11-01,3156921.0,2021,2202109.0,143.35897995966593,2296371,137.47434539105396,2021,35.0,99.0,0.35353535353535354,8.0,33.0,0.24242424242424243,-0.14646464646464646,0.0,-0.25757575757575757,0.0,0.4505,1,2014-01-01,1.0,1.0,2021,0.0
Oklahoma,2021-11-01,1107281.0,2021,906876.3333333334,122.0983456399237,885167,125.09289207573259,2021,19.0,101.0,0.18811881188118812,9.0,48.0,0.1875,-0.3118811881188119,0.0,-0.3125,0.0,0.323,1,2021-07-01,1.0,1.0,2021,0.0
Oregon,2021-11-01,1256231.0,2021,752445.8333333334,166.95301433658014,797451,157.53080753551,2021,37.0,60.0,0.6166666666666667,18.0,30.0,0.6,0.1166666666666667,1.0,0.09999999999999998,1.0,0.56275,1,2014-01-01,1.0,1.0,2021,0.0
Pennsylvania,2021-11-01,3504694.0,2021,2181841.8333333335,160.63006705878695,2259652,155.09883822818736,2021,90.0,203.0,0.4433497536945813,21.0,50.0,0.42,-0.056650246305418706,0.0,-0.08000000000000002,1.0,0.49775,1,2015-01-01,1.0,1.0,2021,0.0
Rhode Island,2021-11-01,344557.0,2021,165667.83333333334,207.9806279030228,188712,182.58351350205604,2021,65.0,75.0,0.8666666666666667,33.0,38.0,0.868421052631579,0.3666666666666667,1.0,0.368421052631579,1.0,0.5902499999999999,1,2014-01-01,1.0,1.0,2021,0.0
South Carolina,2021-11-01,1209888.0,2021,1049579.6666666667,115.27357459605257,1124024,107.63898279752033,2021,43.0,124.0,0.3467741935483871,16.0,46.0,0.34782608695652173,-0.15322580645161288,0.0,-0.15217391304347827,0.0,0.4275,0,,0.0,1.0,2021,0.0
South Dakota,2021-11-01,133898.0,2021,157649.83333333334,84.93380371477292,166237,80.54644874486426,2021,8.0,70.0,0.11428571428571428,3.0,35.0,0.08571428571428572,-0.38571428571428573,0.0,-0.41428571428571426,0.0,0.35375,1,2023-07-01,0.0,1.0,2021,0.0
Tennessee,2021-11-01,1646812.0,2021,1384034.3333333333,118.98635462559577,1514870,108.70979027903385,2021,26.0,99.0,0.26262626262626265,6.0,33.0,0.18181818181818182,-0.23737373737373735,0.0,-0.3181818181818182,0.0,0.3685,0,,0.0,1.0,2021,0.0
Texas,2021-11-01,5225960.0,2021,6092689.166666667,85.77427564484046,6299251,82.96160924528964,2021,67.0,150.0,0.44666666666666666,12.0,31.0,0.3870967741935484,-0.053333333333333344,0.0,-0.11290322580645162,0.0,0.4605,0,,0.0,1.0,2021,0.0
Utah,2021-11-01,437901.0,2021,429745.1666666667,101.89783014817695,456764,95.87029625802384,2021,17.0,75.0,0.22666666666666666,6.0,29.0,0.20689655172413793,-0.2733333333333333,0.0,-0.2931034482758621,0.0,0.37875000000000003,1,2020-01-01,1.0,1.0,2021,0.0
Wyoming,2021-11-01,72553.0,2021,98604.83333333333,73.57955745915092,93266,77.7914781377994,2021,7.0,60.0,0.11666666666666667,2.0,30.0,0.06666666666666667,-0.3833333333333333,0.0,-0.43333333333333335,0.0,0.2655,0,,0.0,1.0,2021,0.0
Alabama,2021-12-01,1086345.0,2021,1144450.25,94.92286798836385,1174119,92.52426713135551,2021,27.0,105.0,0.2571428571428571,8.0,35.0,0.22857142857142856,-0.24285714285714288,0.0,-0.27142857142857146,0.0,0.3589583333333333,0,,0.0,1.0,2021,0.0
Arizona,2021-12-01,2139682.0,2021,1349604.9166666667,158.54136077724968,1492698,143.3432616644492,2021,28.0,60.0,0.4666666666666667,14.0,30.0,0.4666666666666667,-0.033333333333333326,0.0,-0.033333333333333326,0.0,0.49085416666666665,1,2014-01-01,1.0,1.0,2021,0.0
Arkansas,2021-12-01,1011385.0,2021,740521.1666666666,136.57745997357267,761746,132.7719476045821,2021,22.0,100.0,0.22,7.0,35.0,0.2,-0.28,0.0,-0.3,0.0,0.3459375,1,2014-01-01,1.0,1.0,2021,0.0
California,2021-12-01,13292295.0,2021,6930047.0,191.8067078044348,7534254,176.42483250498324,2021,60.0,80.0,0.75,30.0,40.0,0.75,0.25,1.0,0.25,1.0,0.6257916666666666,1,2014-01-01,1.0,1.0,2021,0.0
Connecticut,2021-12-01,968210.0,2021,508319.0,190.472911695215,530145,182.63116694489244,2021,97.0,151.0,0.6423841059602649,23.0,36.0,0.6388888888888888,0.14238410596026485,1.0,0.13888888888888884,1.0,0.5866874999999999,1,2014-01-01,1.0,1.0,2021,0.0
Delaware,2021-12-01,278171.0,2021,144026.66666666666,193.13853915941493,165961,167.61227035267322,2021,26.0,41.0,0.6341463414634146,14.0,21.0,0.6666666666666666,0.13414634146341464,1.0,0.16666666666666663,1.0,0.5805833333333333,1,2014-01-01,1.0,1.0,2021,0.0
Florida,2021-12-01,4507461.0,2021,4183818.5833333335,107.73557481569418,4384883,102.79546797485817,2021,42.0,120.0,0.35,16.0,40.0,0.4,-0.15000000000000002,0.0,-0.09999999999999998,0.0,0.46699999999999997,0,,0.0,1.0,2021,0.0
Georgia,2021-12-01,2305389.0,2021,2042442.75,112.8741062631988,2209726,104.32917927381042,2021,76.0,180.0,0.4222222222222222,22.0,56.0,0.39285714285714285,-0.07777777777777778,0.0,-0.10714285714285715,0.0,0.49193749999999997,0,,0.0,1.0,2021,0.0
Hawaii,2021-12-01,437335.0,2021,212123.83333333334,206.1696666176911,185180,236.16751269035535,2021,47.0,51.0,0.9215686274509803,24.0,25.0,0.96,0.42156862745098034,1.0,0.45999999999999996,1.0,0.6295208333333333,1,2014-01-01,1.0,1.0,2021,0.0
Idaho,2021-12-01,409836.0,2021,329235.0833333333,124.48126604571557,341618,119.96908827989157,2021,12.0,70.0,0.17142857142857143,7.0,35.0,0.2,-0.32857142857142857,0.0,-0.3,0.0,0.3207916666666667,1,2020-01-01,1.0,1.0,2021,0.0
Indiana,2021-12-01,1865268.0,2021,1234214.4166666667,151.12997991367382,1293314,144.22390850172502,2021,29.0,100.0,0.29,11.0,50.0,0.22,-0.21000000000000002,0.0,-0.28,0.0,0.40539583333333334,1,2015-02-01,1.0,1.0,2021,1.0
Maryland,2021-12-01,1582312.0,2021,853595.5833333334,185.3702187423455,793697,199.3597052779587,2021,99.0,141.0,0.7021276595744681,32.0,47.0,0.6808510638297872,0.2021276595744681,1.0,0.18085106382978722,0.0,0.6477708333333334,1,2014-01-01,1.0,1.0,2021,0.0
Massachusetts,2021-12-01,1853472.0,2021,990628.5833333334,187.10059765924717,972871,190.5157004371597,2021,128.0,160.0,0.8,37.0,40.0,0.925,0.30000000000000004,1.0,0.42500000000000004,0.0,0.6484166666666666,1,2014-01-01,1.0,1.0,2021,0.0
Minnesota,2021-12-01,1278802.0,2021,793195.75,161.22148914690985,814317,157.03982601370228,2021,70.0,134.0,0.5223880597014925,31.0,67.0,0.4626865671641791,0.02238805970149249,1.0,-0.03731343283582089,1.0,0.5202083333333334,1,2014-01-01,1.0,1.0,2021,0.0
Mississippi,2021-12-01,714730.0,2021,783599.5833333334,91.21112558018844,831252,85.98234951615153,2021,46.0,122.0,0.3770491803278688,16.0,52.0,0.3076923076923077,-0.12295081967213117,0.0,-0.1923076923076923,0.0,0.40731249999999997,0,,0.0,1.0,2021,0.0
North Dakota,2021-12-01,118168.0,2021,121825.08333333333,96.99808673774764,122160,96.73215455140799,2021,14.0,94.0,0.14893617021276595,7.0,47.0,0.14893617021276595,-0.35106382978723405,0.0,-0.35106382978723405,0.0,0.3149166666666667,1,2014-01-01,1.0,1.0,2021,0.0
Ohio,2021-12-01,3172286.0,2021,2200541.0,144.15936808266693,2296371,138.14344459148805,2021,35.0,99.0,0.35353535353535354,8.0,33.0,0.24242424242424243,-0.14646464646464646,0.0,-0.25757575757575757,0.0,0.4502083333333333,1,2014-01-01,1.0,1.0,2021,0.0
Oklahoma,2021-12-01,1130652.0,2021,907765.1666666666,124.55335823820808,885167,127.73318481145365,2021,19.0,101.0,0.18811881188118812,9.0,48.0,0.1875,-0.3118811881188119,0.0,-0.3125,0.0,0.32266666666666666,1,2021-07-01,1.0,1.0,2021,0.0
Oregon,2021-12-01,1274985.0,2021,751794.4166666666,169.59224114127832,797451,159.88255077741454,2021,37.0,60.0,0.6166666666666667,18.0,30.0,0.6,0.1166666666666667,1.0,0.09999999999999998,1.0,0.5625625,1,2014-01-01,1.0,1.0,2021,0.0
Pennsylvania,2021-12-01,3523735.0,2021,2181112.9166666665,161.55674348970547,2259652,155.94149010555606,2021,90.0,203.0,0.4433497536945813,21.0,50.0,0.42,-0.056650246305418706,0.0,-0.08000000000000002,1.0,0.49747916666666664,1,2015-01-01,1.0,1.0,2021,0.0
Rhode Island,2021-12-01,344318.0,2021,164579.41666666666,209.21085210635394,188712,182.45686548815127,2021,65.0,75.0,0.8666666666666667,33.0,38.0,0.868421052631579,0.3666666666666667,1.0,0.368421052631579,1.0,0.5899375,1,2014-01-01,1.0,1.0,2021,0.0
South Carolina,2021-12-01,1218518.0,2021,1047168.3333333334,116.36314441645008,1124024,108.40675999800715,2021,43.0,124.0,0.3467741935483871,16.0,46.0,0.34782608695652173,-0.15322580645161288,0.0,-0.15217391304347827,0.0,0.427125,0,,0.0,1.0,2021,0.0
South Dakota,2021-12-01,134963.0,2021,157864.41666666666,85.49298369434109,166237,81.18710034468862,2021,8.0,70.0,0.11428571428571428,3.0,35.0,0.08571428571428572,-0.38571428571428573,0.0,-0.41428571428571426,0.0,0.35339583333333335,1,2023-07-01,0.0,1.0,2021,0.0
Tennessee,2021-12-01,1656694.0,2021,1380681.6666666667,119.99101892905557,1514870,109.36212348254305,2021,26.0,99.0,0.26262626262626265,6.0,33.0,0.18181818181818182,-0.23737373737373735,0.0,-0.3181818181818182,0.0,0.368125,0,,0.0,1.0,2021,0.0
Texas,2021-12-01,5241375.0,2021,6090579.083333333,86.05708797613102,6299251,83.20632087846634,2021,67.0,150.0,0.44666666666666666,12.0,31.0,0.3870967741935484,-0.053333333333333344,0.0,-0.11290322580645162,0.0,0.4600416666666667,0,,0.0,1.0,2021,0.0
Utah,2021-12-01,442121.0,2021,427287.0833333333,103.47165108548215,456764,96.79418693242025,2021,17.0,75.0,0.22666666666666666,6.0,29.0,0.20689655172413793,-0.2733333333333333,0.0,-0.2931034482758621,0.0,0.3790625,1,2020-01-01,1.0,1.0,2021,0.0
Wyoming,2021-12-01,72773.0,2021,98776.41666666667,73.67446851770454,93266,78.02736259730234,2021,7.0,60.0,0.11666666666666667,2.0,30.0,0.06666666666666667,-0.3833333333333333,0.0,-0.43333333333333335,0.0,0.2652916666666667,0,,0.0,1.0,2021,0.0
Alabama,2022-01-01,1093761.0,2022,1142255.0,95.75453817229953,1174119,93.15588965002696,2021,27.0,105.0,0.2571428571428571,8.0,35.0,0.22857142857142856,-0.24285714285714288,0.0,-0.27142857142857146,0.0,0.35841666666666666,0,,0.0,1.0,2022,0.0
Arizona,2022-01-01,2155732.0,2022,1349087.0,159.79191853453483,1492698,144.4184959047309,2021,28.0,60.0,0.4666666666666667,14.0,30.0,0.4666666666666667,-0.033333333333333326,0.0,-0.033333333333333326,0.0,0.49045833333333333,1,2014-01-01,1.0,1.0,2022,0.0
Arkansas,2022-01-01,1019488.0,2022,742219.0,137.35676397397535,761746,133.8356880114894,2021,22.0,100.0,0.22,7.0,35.0,0.2,-0.28,0.0,-0.3,0.0,0.345625,1,2014-01-01,1.0,1.0,2022,0.0
California,2022-01-01,13368893.0,2022,6923583.0,193.09211718845575,7534254,177.44149586674408,2021,60.0,80.0,0.75,30.0,40.0,0.75,0.25,1.0,0.25,1.0,0.6250833333333333,1,2014-01-01,1.0,1.0,2022,0.0
Connecticut,2022-01-01,969817.0,2022,508699.0,190.64653164248406,530145,182.93429156174255,2021,97.0,151.0,0.6423841059602649,23.0,36.0,0.6388888888888888,0.14238410596026485,1.0,0.13888888888888884,1.0,0.586125,1,2014-01-01,1.0,1.0,2022,0.0
Delaware,2022-01-01,280153.0,2022,142125.0,197.1173262972735,165961,168.80652683461776,2021,26.0,41.0,0.6341463414634146,14.0,21.0,0.6666666666666666,0.13414634146341464,1.0,0.16666666666666663,1.0,0.5801666666666666,1,2014-01-01,1.0,1.0,2022,0.0
Florida,2022-01-01,4539216.0,2022,4178321.0,108.63732106748141,4384883,103.51966061580207,2021,42.0,120.0,0.35,16.0,40.0,0.4,-0.15000000000000002,0.0,-0.09999999999999998,0.0,0.46599999999999997,0,,0.0,1.0,2022,0.0
Georgia,2022-01-01,2320281.0,2022,2033347.0,114.11141334951682,2209726,105.00310898274266,2021,76.0,180.0,0.4222222222222222,22.0,56.0,0.39285714285714285,-0.07777777777777778,0.0,-0.10714285714285715,0.0,0.491625,0,,0.0,1.0,2022,0.0
Hawaii,2022-01-01,440394.0,2022,211743.0,207.985151811394,185180,237.81941894373043,2021,47.0,51.0,0.9215686274509803,24.0,25.0,0.96,0.42156862745098034,1.0,0.45999999999999996,1.0,0.6287916666666666,1,2014-01-01,1.0,1.0,2022,0.0
Idaho,2022-01-01,413410.0,2022,329370.0,125.51537784254789,341618,121.01528607977332,2021,12.0,70.0,0.17142857142857143,7.0,35.0,0.2,-0.32857142857142857,0.0,-0.3,0.0,0.32008333333333333,1,2020-01-01,1.0,1.0,2022,0.0
Indiana,2022-01-01,1879603.0,2022,1235345.0,152.1520708789852,1293314,145.33230135914403,2021,29.0,100.0,0.29,11.0,50.0,0.22,-0.21000000000000002,0.0,-0.28,0.0,0.40504166666666663,1,2015-02-01,1.0,1.0,2022,1.0
Maryland,2022-01-01,1596257.0,2022,851473.0,187.4700665787406,793697,201.11667298729867,2021,99.0,141.0,0.7021276595744681,32.0,47.0,0.6808510638297872,0.2021276595744681,1.0,0.18085106382978722,0.0,0.6472916666666667,1,2014-01-01,1.0,1.0,2022,0.0
Massachusetts,2022-01-01,1868127.0,2022,991066.0,188.49672978388926,972871,192.02206664604043,2021,128.0,160.0,0.8,37.0,40.0,0.925,0.30000000000000004,1.0,0.42500000000000004,0.0,0.6478333333333334,1,2014-01-01,1.0,1.0,2022,0.0
Minnesota,2022-01-01,1288019.0,2022,794555.0,162.1057069680513,814317,158.17169480681358,2021,70.0,134.0,0.5223880597014925,31.0,67.0,0.4626865671641791,0.02238805970149249,1.0,-0.03731343283582089,1.0,0.5199166666666667,1,2014-01-01,1.0,1.0,2022,0.0
Mississippi,2022-01-01,719374.0,2022,782544.0,91.92761046024249,831252,86.54102486369958,2021,46.0,122.0,0.3770491803278688,16.0,52.0,0.3076923076923077,-0.12295081967213117,0.0,-0.1923076923076923,0.0,0.406875,0,,0.0,1.0,2022,0.0
North Dakota,2022-01-01,120469.0,2022,121579.0,99.08701338224529,122160,98.61574983628029,2021,14.0,94.0,0.14893617021276595,7.0,47.0,0.14893617021276595,-0.35106382978723405,0.0,-0.35106382978723405,0.0,0.31483333333333335,1,2014-01-01,1.0,1.0,2022,0.0
Ohio,2022-01-01,3188776.0,2022,2198973.0,145.01205790157496,2296371,138.86153413363957,2021,35.0,99.0,0.35353535353535354,8.0,33.0,0.24242424242424243,-0.14646464646464646,0.0,-0.25757575757575757,0.0,0.4499166666666667,1,2014-01-01,1.0,1.0,2022,0.0
Oklahoma,2022-01-01,1146324.0,2022,908654.0,126.15627070370019,885167,129.5036981722093,2021,19.0,101.0,0.18811881188118812,9.0,48.0,0.1875,-0.3118811881188119,0.0,-0.3125,0.0,0.32233333333333336,1,2021-07-01,1.0,1.0,2022,0.0
Oregon,2022-01-01,1284347.0,2022,751143.0,170.98568448351378,797451,161.05654140505186,2021,37.0,60.0,0.6166666666666667,18.0,30.0,0.6,0.1166666666666667,1.0,0.09999999999999998,1.0,0.562375,1,2014-01-01,1.0,1.0,2022,0.0
Pennsylvania,2022-01-01,3542093.0,2022,2180384.0,162.4527147511631,2259652,156.75391608973416,2021,90.0,203.0,0.4433497536945813,21.0,50.0,0.42,-0.056650246305418706,0.0,-0.08000000000000002,1.0,0.4972083333333333,1,2015-01-01,1.0,1.0,2022,0.0
Rhode Island,2022-01-01,345734.0,2022,163491.0,211.46974451193032,188712,183.20721522743654,2021,65.0,75.0,0.8666666666666667,33.0,38.0,0.868421052631579,0.3666666666666667,1.0,0.368421052631579,1.0,0.589625,1,2014-01-01,1.0,1.0,2022,0.0
South Carolina,2022-01-01,1225832.0,2022,1044757.0,117.33178145731496,1124024,109.05745784787513,2021,43.0,124.0,0.3467741935483871,16.0,46.0,0.34782608695652173,-0.15322580645161288,0.0,-0.15217391304347827,0.0,0.42674999999999996,0,,0.0,1.0,2022,0.0
South Dakota,2022-01-01,135479.0,2022,158079.0,85.70335085621747,166237,81.49750055643449,2021,8.0,70.0,0.11428571428571428,3.0,35.0,0.08571428571428572,-0.38571428571428573,0.0,-0.41428571428571426,0.0,0.35304166666666664,1,2023-07-01,0.0,1.0,2022,0.0
Tennessee,2022-01-01,1666108.0,2022,1377329.0,120.96659549025685,1514870,109.98356294599536,2021,26.0,99.0,0.26262626262626265,6.0,33.0,0.18181818181818182,-0.23737373737373735,0.0,-0.3181818181818182,0.0,0.36775,0,,0.0,1.0,2022,0.0
Texas,2022-01-01,5276790.0,2022,6088469.0,86.6685861420991,6299251,83.76853057609549,2021,67.0,150.0,0.44666666666666666,12.0,31.0,0.3870967741935484,-0.053333333333333344,0.0,-0.11290322580645162,0.0,0.45958333333333334,0,,0.0,1.0,2022,0.0
Utah,2022-01-01,445668.0,2022,424829.0,104.9052677665602,456764,97.57073674807997,2021,17.0,75.0,0.22666666666666666,6.0,29.0,0.20689655172413793,-0.2733333333333333,0.0,-0.2931034482758621,0.0,0.379375,1,2020-01-01,1.0,1.0,2022,0.0
Wyoming,2022-01-01,73440.0,2022,98948.0,74.22080284593929,93266,78.74252139043166,2021,7.0,60.0,0.11666666666666667,2.0,30.0,0.06666666666666667,-0.3833333333333333,0.0,-0.43333333333333335,0.0,0.26508333333333334,0,,0.0,1.0,2022,0.0
Alabama,2022-02-01,1099538.0,2022,1140117.0,96.44080388240856,1174119,93.64791814117649,2021,27.0,105.0,0.2571428571428571,8.0,35.0,0.22857142857142856,-0.24285714285714288,0.0,-0.27142857142857146,0.0,0.357875,0,,0.0,1.0,2022,0.0
Arizona,2022-02-01,2169228.0,2022,1347919.0833333333,160.93161873156455,1492698,145.3226305655933,2021,28.0,60.0,0.4666666666666667,14.0,30.0,0.4666666666666667,-0.033333333333333326,0.0,-0.033333333333333326,0.0,0.4900625,1,2014-01-01,1.0,1.0,2022,0.0
Arkansas,2022-02-01,1026459.0,2022,739258.4166666666,138.84982258684687,761746,134.75082245262857,2021,22.0,100.0,0.22,7.0,35.0,0.2,-0.28,0.0,-0.3,0.0,0.34531249999999997,1,2014-01-01,1.0,1.0,2022,0.0
California,2022-02-01,13411356.0,2022,6905394.5,194.2156382231312,7534254,178.00509512952442,2021,60.0,80.0,0.75,30.0,40.0,0.75,0.25,1.0,0.25,1.0,0.624375,1,2014-01-01,1.0,1.0,2022,0.0
Connecticut,2022-02-01,971179.0,2022,509645.1666666667,190.55983722007892,530145,183.1912024068887,2021,97.0,151.0,0.6423841059602649,23.0,36.0,0.6388888888888888,0.14238410596026485,1.0,0.13888888888888884,1.0,0.5855625,1,2014-01-01,1.0,1.0,2022,0.0
Delaware,2022-02-01,282299.0,2022,142550.33333333334,198.03461233575976,165961,170.0996017136556,2021,26.0,41.0,0.6341463414634146,14.0,21.0,0.6666666666666666,0.13414634146341464,1.0,0.16666666666666663,1.0,0.57975,1,2014-01-01,1.0,1.0,2022,0.0
Florida,2022-02-01,4564104.0,2022,4169376.8333333335,109.46729409323,4384883,104.08724702574732,2021,42.0,120.0,0.35,16.0,40.0,0.4,-0.15000000000000002,0.0,-0.09999999999999998,0.0,0.46499999999999997,0,,0.0,1.0,2022,0.0
Georgia,2022-02-01,2335335.0,2022,2040897.1666666667,114.42688236047822,2209726,105.68436991735628,2021,76.0,180.0,0.4222222222222222,22.0,56.0,0.39285714285714285,-0.07777777777777778,0.0,-0.10714285714285715,0.0,0.4913125,0,,0.0,1.0,2022,0.0
Hawaii,2022-02-01,441896.0,2022,211074.5,209.3554645397715,185180,238.63052165460635,2021,47.0,51.0,0.9215686274509803,24.0,25.0,0.96,0.42156862745098034,1.0,0.45999999999999996,1.0,0.6280625,1,2014-01-01,1.0,1.0,2022,0.0
Idaho,2022-02-01,412356.0,2022,327519.5,125.9027325090567,341618,120.70675432793354,2021,12.0,70.0,0.17142857142857143,7.0,35.0,0.2,-0.32857142857142857,0.0,-0.3,0.0,0.319375,1,2020-01-01,1.0,1.0,2022,0.0
Indiana,2022-02-01,1891119.0,2022,1234104.8333333333,153.23811631885945,1293314,146.22272704076505,2021,29.0,100.0,0.29,11.0,50.0,0.22,-0.21000000000000002,0.0,-0.28,0.0,0.4046875,1,2015-02-01,1.0,1.0,2022,1.0
Maryland,2022-02-01,1605744.0,2022,849410.0833333334,189.04225785719325,793697,202.31196539737456,2021,99.0,141.0,0.7021276595744681,32.0,47.0,0.6808510638297872,0.2021276595744681,1.0,0.18085106382978722,0.0,0.6468125,1,2014-01-01,1.0,1.0,2022,0.0
Massachusetts,2022-02-01,1875802.0,2022,991069.25,189.2705277658448,972871,192.81096877181045,2021,128.0,160.0,0.8,37.0,40.0,0.925,0.30000000000000004,1.0,0.42500000000000004,0.0,0.64725,1,2014-01-01,1.0,1.0,2022,0.0
Minnesota,2022-02-01,1295234.0,2022,793093.75,163.31411009102013,814317,159.05771339662564,2021,70.0,134.0,0.5223880597014925,31.0,67.0,0.4626865671641791,0.02238805970149249,1.0,-0.03731343283582089,1.0,0.519625,1,2014-01-01,1.0,1.0,2022,0.0
Mississippi,2022-02-01,722491.0,2022,780624.8333333334,92.55291007267896,831252,86.9160014051094,2021,46.0,122.0,0.3770491803278688,16.0,52.0,0.3076923076923077,-0.12295081967213117,0.0,-0.1923076923076923,0.0,0.4064375,0,,0.0,1.0,2022,0.0
North Dakota,2022-02-01,120621.0,2022,120222.08333333333,100.33181646466782,122160,98.7401768172888,2021,14.0,94.0,0.14893617021276595,7.0,47.0,0.14893617021276595,-0.35106382978723405,0.0,-0.35106382978723405,0.0,0.31475,1,2014-01-01,1.0,1.0,2022,0.0
Ohio,2022-02-01,3200388.0,2022,2197985.4166666665,145.60551565685626,2296371,139.36720155410427,2021,35.0,99.0,0.35353535353535354,8.0,33.0,0.24242424242424243,-0.14646464646464646,0.0,-0.25757575757575757,0.0,0.449625,1,2014-01-01,1.0,1.0,2022,0.0
Oklahoma,2022-02-01,1160088.0,2022,909240.0833333334,127.5887437503901,885167,131.0586589875131,2021,19.0,101.0,0.18811881188118812,9.0,48.0,0.1875,-0.3118811881188119,0.0,-0.3125,0.0,0.322,1,2021-07-01,1.0,1.0,2022,0.0
Oregon,2022-02-01,1289014.0,2022,750029.5833333334,171.86175434191208,797451,161.64178112510987,2021,37.0,60.0,0.6166666666666667,18.0,30.0,0.6,0.1166666666666667,1.0,0.09999999999999998,1.0,0.5621875,1,2014-01-01,1.0,1.0,2022,0.0
Pennsylvania,2022-02-01,3555204.0,2022,2181499.0833333335,162.97068502855586,2259652,157.33413817702905,2021,90.0,203.0,0.4433497536945813,21.0,50.0,0.42,-0.056650246305418706,0.0,-0.08000000000000002,1.0,0.4969375,1,2015-01-01,1.0,1.0,2022,0.0
Rhode Island,2022-02-01,347056.0,2022,163730.0,211.9684847004214,188712,183.90775361397263,2021,65.0,75.0,0.8666666666666667,33.0,38.0,0.868421052631579,0.3666666666666667,1.0,0.368421052631579,1.0,0.5893125,1,2014-01-01,1.0,1.0,2022,0.0
South Carolina,2022-02-01,1232725.0,2022,1046280.4166666666,117.81975275111476,1124024,109.67070098147371,2021,43.0,124.0,0.3467741935483871,16.0,46.0,0.34782608695652173,-0.15322580645161288,0.0,-0.15217391304347827,0.0,0.426375,0,,0.0,1.0,2022,0.0
South Dakota,2022-02-01,136296.0,2022,158134.75,86.18978434531309,166237,81.98896755836546,2021,8.0,70.0,0.11428571428571428,3.0,35.0,0.08571428571428572,-0.38571428571428573,0.0,-0.41428571428571426,0.0,0.3526875,1,2023-07-01,0.0,1.0,2022,0.0
Tennessee,2022-02-01,1677049.0,2022,1378658.0,121.6435838329738,1514870,110.70580313822309,2021,26.0,99.0,0.26262626262626265,6.0,33.0,0.18181818181818182,-0.23737373737373735,0.0,-0.3181818181818182,0.0,0.367375,0,,0.0,1.0,2022,0.0
Texas,2022-02-01,5315927.0,2022,6083062.083333333,87.38899796148445,6299251,84.3898266635192,2021,67.0,150.0,0.44666666666666666,12.0,31.0,0.3870967741935484,-0.053333333333333344,0.0,-0.11290322580645162,0.0,0.459125,0,,0.0,1.0,2022,0.0
Utah,2022-02-01,449991.0,2022,427048.6666666667,105.37229948811455,456764,98.5171773607377,2021,17.0,75.0,0.22666666666666666,6.0,29.0,0.20689655172413793,-0.2733333333333333,0.0,-0.2931034482758621,0.0,0.3796875,1,2020-01-01,1.0,1.0,2022,0.0
Wyoming,2022-02-01,74185.0,2022,98706.58333333333,75.15709438495745,93266,79.54131194647567,2021,7.0,60.0,0.11666666666666667,2.0,30.0,0.06666666666666667,-0.3833333333333333,0.0,-0.43333333333333335,0.0,0.264875,0,,0.0,1.0,2022,0.0
Alabama,2022-03-01,1105560.0,2022,1137979.0,97.15117765793569,1174119,94.16081334174815,2021,27.0,105.0,0.2571428571428571,8.0,35.0,0.22857142857142856,-0.24285714285714288,0.0,-0.27142857142857146,0.0,0.35733333333333334,0,,0.0,1.0,2022,0.0
Arizona,2022-03-01,2178981.0,2022,1346751.1666666667,161.79536754315046,1492698,145.97601122263177,2021,28.0,60.0,0.4666666666666667,14.0,30.0,0.4666666666666667,-0.033333333333333326,0.0,-0.033333333333333326,0.0,0.48966666666666664,1,2014-01-01,1.0,1.0,2022,0.0
Arkansas,2022-03-01,1032880.0,2022,736297.8333333334,140.28019005895936,761746,135.59375434856238,2021,22.0,100.0,0.22,7.0,35.0,0.2,-0.28,0.0,-0.3,0.0,0.345,1,2014-01-01,1.0,1.0,2022,0.0
California,2022-03-01,13482237.0,2022,6887206.0,195.7577136504992,7534254,178.94587838424349,2021,60.0,80.0,0.75,30.0,40.0,0.75,0.25,1.0,0.25,1.0,0.6236666666666667,1,2014-01-01,1.0,1.0,2022,0.0
Connecticut,2022-03-01,971185.0,2022,510591.3333333333,190.207889675631,530145,183.19233417272633,2021,97.0,151.0,0.6423841059602649,23.0,36.0,0.6388888888888888,0.14238410596026485,1.0,0.13888888888888884,1.0,0.585,1,2014-01-01,1.0,1.0,2022,0.0
Delaware,2022-03-01,283950.0,2022,142975.66666666666,198.60022801082704,165961,171.09441374780823,2021,26.0,41.0,0.6341463414634146,14.0,21.0,0.6666666666666666,0.13414634146341464,1.0,0.16666666666666663,1.0,0.5793333333333333,1,2014-01-01,1.0,1.0,2022,0.0
Florida,2022-03-01,4596546.0,2022,4160432.6666666665,110.48240335260002,4384883,104.82710713147875,2021,42.0,120.0,0.35,16.0,40.0,0.4,-0.15000000000000002,0.0,-0.09999999999999998,0.0,0.46399999999999997,0,,0.0,1.0,2022,0.0
Georgia,2022-03-01,2349817.0,2022,2048447.3333333333,114.71210227193214,2209726,106.3397452896875,2021,76.0,180.0,0.4222222222222222,22.0,56.0,0.39285714285714285,-0.07777777777777778,0.0,-0.10714285714285715,0.0,0.491,0,,0.0,1.0,2022,0.0
Hawaii,2022-03-01,444463.0,2022,210406.0,211.2406490309212,185180,240.01674046873313,2021,47.0,51.0,0.9215686274509803,24.0,25.0,0.96,0.42156862745098034,1.0,0.45999999999999996,1.0,0.6273333333333333,1,2014-01-01,1.0,1.0,2022,0.0
Idaho,2022-03-01,415362.0,2022,325669.0,127.54115374813078,341618,121.5866845423836,2021,12.0,70.0,0.17142857142857143,7.0,35.0,0.2,-0.32857142857142857,0.0,-0.3,0.0,0.31866666666666665,1,2020-01-01,1.0,1.0,2022,0.0
Indiana,2022-03-01,1904790.0,2022,1232864.6666666667,154.50114286672178,1293314,147.27977892453032,2021,29.0,100.0,0.29,11.0,50.0,0.22,-0.21000000000000002,0.0,-0.28,0.0,0.4043333333333333,1,2015-02-01,1.0,1.0,2022,1.0
Maryland,2022-03-01,1615588.0,2022,847347.1666666666,190.6642358120432,793697,203.55223718875087,2021,99.0,141.0,0.7021276595744681,32.0,47.0,0.6808510638297872,0.2021276595744681,1.0,0.18085106382978722,0.0,0.6463333333333333,1,2014-01-01,1.0,1.0,2022,0.0
Massachusetts,2022-03-01,1884256.0,2022,991072.5,190.12292238963343,972871,193.67994317848925,2021,128.0,160.0,0.8,37.0,40.0,0.925,0.30000000000000004,1.0,0.42500000000000004,0.0,0.6466666666666667,1,2014-01-01,1.0,1.0,2022,0.0
Minnesota,2022-03-01,1302484.0,2022,791632.5,164.53139556549283,814317,159.94803006691498,2021,70.0,134.0,0.5223880597014925,31.0,67.0,0.4626865671641791,0.02238805970149249,1.0,-0.03731343283582089,1.0,0.5193333333333333,1,2014-01-01,1.0,1.0,2022,0.0
Mississippi,2022-03-01,725907.0,2022,778705.6666666666,93.21968891112903,831252,87.3269477847873,2021,46.0,122.0,0.3770491803278688,16.0,52.0,0.3076923076923077,-0.12295081967213117,0.0,-0.1923076923076923,0.0,0.40599999999999997,0,,0.0,1.0,2022,0.0
North Dakota,2022-03-01,121738.0,2022,118865.16666666667,102.41688411659709,122160,99.65455140798952,2021,14.0,94.0,0.14893617021276595,7.0,47.0,0.14893617021276595,-0.35106382978723405,0.0,-0.35106382978723405,0.0,0.31466666666666665,1,2014-01-01,1.0,1.0,2022,0.0
Ohio,2022-03-01,3216730.0,2022,2196997.8333333335,146.41480074286218,2296371,140.07884614463427,2021,35.0,99.0,0.35353535353535354,8.0,33.0,0.24242424242424243,-0.14646464646464646,0.0,-0.25757575757575757,0.0,0.44933333333333336,1,2014-01-01,1.0,1.0,2022,0.0
Oklahoma,2022-03-01,1178990.0,2022,909826.1666666666,129.58409454406768,885167,133.1940752422989,2021,19.0,101.0,0.18811881188118812,9.0,48.0,0.1875,-0.3118811881188119,0.0,-0.3125,0.0,0.32166666666666666,1,2021-07-01,1.0,1.0,2022,0.0
Oregon,2022-03-01,1295339.0,2022,748916.1666666666,172.96181570834474,797451,162.43493330624702,2021,37.0,60.0,0.6166666666666667,18.0,30.0,0.6,0.1166666666666667,1.0,0.09999999999999998,1.0,0.5619999999999999,1,2014-01-01,1.0,1.0,2022,0.0
Pennsylvania,2022-03-01,3570327.0,2022,2182614.1666666665,163.58030908654263,2259652,158.00340052362046,2021,90.0,203.0,0.4433497536945813,21.0,50.0,0.42,-0.056650246305418706,0.0,-0.08000000000000002,1.0,0.49666666666666665,1,2015-01-01,1.0,1.0,2022,0.0
Rhode Island,2022-03-01,348478.0,2022,163969.0,212.5267581067153,188712,184.6612828013057,2021,65.0,75.0,0.8666666666666667,33.0,38.0,0.868421052631579,0.3666666666666667,1.0,0.368421052631579,1.0,0.589,1,2014-01-01,1.0,1.0,2022,0.0
South Carolina,2022-03-01,1240891.0,2022,1047803.8333333334,118.42779731511447,1124024,110.39719792459948,2021,43.0,124.0,0.3467741935483871,16.0,46.0,0.34782608695652173,-0.15322580645161288,0.0,-0.15217391304347827,0.0,0.426,0,,0.0,1.0,2022,0.0
South Dakota,2022-03-01,137289.0,2022,158190.5,86.78713323492877,166237,82.5863075007369,2021,8.0,70.0,0.11428571428571428,3.0,35.0,0.08571428571428572,-0.38571428571428573,0.0,-0.41428571428571426,0.0,0.35233333333333333,1,2023-07-01,0.0,1.0,2022,0.0
Tennessee,2022-03-01,1683493.0,2022,1379987.0,121.99339558995845,1514870,111.13118617439119,2021,26.0,99.0,0.26262626262626265,6.0,33.0,0.18181818181818182,-0.23737373737373735,0.0,-0.3181818181818182,0.0,0.367,0,,0.0,1.0,2022,0.0
Texas,2022-03-01,5364205.0,2022,6077655.166666667,88.26109499302238,6299251,85.15623524130092,2021,67.0,150.0,0.44666666666666666,12.0,31.0,0.3870967741935484,-0.053333333333333344,0.0,-0.11290322580645162,0.0,0.45866666666666667,0,,0.0,1.0,2022,0.0
Utah,2022-03-01,454089.0,2022,429268.3333333333,105.78208657366605,456764,99.4143583995236,2021,17.0,75.0,0.22666666666666666,6.0,29.0,0.20689655172413793,-0.2733333333333333,0.0,-0.2931034482758621,0.0,0.38,1,2020-01-01,1.0,1.0,2022,0.0
Wyoming,2022-03-01,74832.0,2022,98465.16666666667,75.99844953629965,93266,80.23502669783201,2021,7.0,60.0,0.11666666666666667,2.0,30.0,0.06666666666666667,-0.3833333333333333,0.0,-0.43333333333333335,0.0,0.26466666666666666,0,,0.0,1.0,2022,0.0
Alabama,2022-04-01,1111232.0,2022,1135841.0,97.8334115426367,1174119,94.64389895743106,2021,27.0,105.0,0.2571428571428571,8.0,35.0,0.22857142857142856,-0.24285714285714288,0.0,-0.27142857142857146,0.0,0.3567916666666667,0,,0.0,1.0,2022,0.0
Arizona,2022-04-01,2192656.0,2022,1345583.25,162.95208787713432,1492698,146.8921375924668,2021,28.0,60.0,0.4666666666666667,14.0,30.0,0.4666666666666667,-0.033333333333333326,0.0,-0.033333333333333326,0.0,0.4892708333333333,1,2014-01-01,1.0,1.0,2022,0.0
Arkansas,2022-04-01,1036775.0,2022,733337.25,141.37765400571155,761746,136.10507964597122,2021,22.0,100.0,0.22,7.0,35.0,0.2,-0.28,0.0,-0.3,0.0,0.3446875,1,2014-01-01,1.0,1.0,2022,0.0
California,2022-04-01,13534548.0,2022,6869017.5,197.0376112741014,7534254,179.64018733639722,2021,60.0,80.0,0.75,30.0,40.0,0.75,0.25,1.0,0.25,1.0,0.6229583333333333,1,2014-01-01,1.0,1.0,2022,0.0
Connecticut,2022-04-01,971354.0,2022,511537.5,189.8891088141143,530145,183.2242122438201,2021,97.0,151.0,0.6423841059602649,23.0,36.0,0.6388888888888888,0.14238410596026485,1.0,0.13888888888888884,1.0,0.5844374999999999,1,2014-01-01,1.0,1.0,2022,0.0
Delaware,2022-04-01,285541.0,2022,143401.0,199.12064769422807,165961,172.05307270985352,2021,26.0,41.0,0.6341463414634146,14.0,21.0,0.6666666666666666,0.13414634146341464,1.0,0.16666666666666663,1.0,0.5789166666666666,1,2014-01-01,1.0,1.0,2022,0.0
Florida,2022-04-01,4631017.0,2022,4151488.5,111.55076064886124,4384883,105.61323985155362,2021,42.0,120.0,0.35,16.0,40.0,0.4,-0.15000000000000002,0.0,-0.09999999999999998,0.0,0.46299999999999997,0,,0.0,1.0,2022,0.0
Georgia,2022-04-01,2358345.0,2022,2055997.5,114.70563558564639,2209726,106.72567549098848,2021,76.0,180.0,0.4222222222222222,22.0,56.0,0.39285714285714285,-0.07777777777777778,0.0,-0.10714285714285715,0.0,0.4906875,0,,0.0,1.0,2022,0.0
Hawaii,2022-04-01,446467.0,2022,209737.5,212.86942010846892,185180,241.09893077006154,2021,47.0,51.0,0.9215686274509803,24.0,25.0,0.96,0.42156862745098034,1.0,0.45999999999999996,1.0,0.6266041666666666,1,2014-01-01,1.0,1.0,2022,0.0
Idaho,2022-04-01,417777.0,2022,323818.5,129.01579125343363,341618,122.29361450509049,2021,12.0,70.0,0.17142857142857143,7.0,35.0,0.2,-0.32857142857142857,0.0,-0.3,0.0,0.31795833333333334,1,2020-01-01,1.0,1.0,2022,0.0
Indiana,2022-04-01,1919037.0,2022,1231624.5,155.81348048857424,1293314,148.38136755652533,2021,29.0,100.0,0.29,11.0,50.0,0.22,-0.21000000000000002,0.0,-0.28,0.0,0.40397916666666667,1,2015-02-01,1.0,1.0,2022,1.0
Maryland,2022-04-01,1622660.0,2022,845284.25,191.96619362066664,793697,204.4432573135592,2021,99.0,141.0,0.7021276595744681,32.0,47.0,0.6808510638297872,0.2021276595744681,1.0,0.18085106382978722,0.0,0.6458541666666667,1,2014-01-01,1.0,1.0,2022,0.0
Massachusetts,2022-04-01,1892520.0,2022,991075.75,190.95614033538808,972871,194.52938776055612,2021,128.0,160.0,0.8,37.0,40.0,0.925,0.30000000000000004,1.0,0.42500000000000004,0.0,0.6460833333333333,1,2014-01-01,1.0,1.0,2022,0.0
Minnesota,2022-04-01,1309322.0,2022,790171.25,165.70104265372854,814317,160.787752189872,2021,70.0,134.0,0.5223880597014925,31.0,67.0,0.4626865671641791,0.02238805970149249,1.0,-0.03731343283582089,1.0,0.5190416666666667,1,2014-01-01,1.0,1.0,2022,0.0
Mississippi,2022-04-01,729776.0,2022,776786.5,93.94807968470101,831252,87.79239027394821,2021,46.0,122.0,0.3770491803278688,16.0,52.0,0.3076923076923077,-0.12295081967213117,0.0,-0.1923076923076923,0.0,0.4055625,0,,0.0,1.0,2022,0.0
North Dakota,2022-04-01,122573.0,2022,117508.25,104.31012290626403,122160,100.33808120497707,2021,14.0,94.0,0.14893617021276595,7.0,47.0,0.14893617021276595,-0.35106382978723405,0.0,-0.35106382978723405,0.0,0.3145833333333333,1,2014-01-01,1.0,1.0,2022,0.0
Ohio,2022-04-01,3230188.0,2022,2196010.25,147.0934846501741,2296371,140.66490127248602,2021,35.0,99.0,0.35353535353535354,8.0,33.0,0.24242424242424243,-0.14646464646464646,0.0,-0.25757575757575757,0.0,0.4490416666666667,1,2014-01-01,1.0,1.0,2022,0.0
Oklahoma,2022-04-01,1192854.0,2022,910412.25,131.02350061744005,885167,134.76033336082344,2021,19.0,101.0,0.18811881188118812,9.0,48.0,0.1875,-0.3118811881188119,0.0,-0.3125,0.0,0.32133333333333336,1,2021-07-01,1.0,1.0,2022,0.0
Oregon,2022-04-01,1297319.0,2022,747802.75,173.48411730232337,797451,162.6832244238204,2021,37.0,60.0,0.6166666666666667,18.0,30.0,0.6,0.1166666666666667,1.0,0.09999999999999998,1.0,0.5618124999999999,1,2014-01-01,1.0,1.0,2022,0.0
Pennsylvania,2022-04-01,3582469.0,2022,2183729.25,164.05280095964278,2259652,158.54073990154237,2021,90.0,203.0,0.4433497536945813,21.0,50.0,0.42,-0.056650246305418706,0.0,-0.08000000000000002,1.0,0.4963958333333333,1,2015-01-01,1.0,1.0,2022,0.0
Rhode Island,2022-04-01,349624.0,2022,164208.0,212.91532690246515,188712,185.2685573784391,2021,65.0,75.0,0.8666666666666667,33.0,38.0,0.868421052631579,0.3666666666666667,1.0,0.368421052631579,1.0,0.5886874999999999,1,2014-01-01,1.0,1.0,2022,0.0
South Carolina,2022-04-01,1248007.0,2022,1049327.25,118.9340122445119,1124024,111.0302804922315,2021,43.0,124.0,0.3467741935483871,16.0,46.0,0.34782608695652173,-0.15322580645161288,0.0,-0.15217391304347827,0.0,0.425625,0,,0.0,1.0,2022,0.0
South Dakota,2022-04-01,137768.0,2022,158246.25,87.05925100910764,166237,82.87445033295838,2021,8.0,70.0,0.11428571428571428,3.0,35.0,0.08571428571428572,-0.38571428571428573,0.0,-0.41428571428571426,0.0,0.3519791666666667,1,2023-07-01,0.0,1.0,2022,0.0
Tennessee,2022-04-01,1694051.0,2022,1381316.0,122.6403661435906,1514870,111.82814366909372,2021,26.0,99.0,0.26262626262626265,6.0,33.0,0.18181818181818182,-0.23737373737373735,0.0,-0.3181818181818182,0.0,0.366625,0,,0.0,1.0,2022,0.0
Texas,2022-04-01,5394438.0,2022,6072248.25,88.83757346383196,6299251,85.63618119043042,2021,67.0,150.0,0.44666666666666666,12.0,31.0,0.3870967741935484,-0.053333333333333344,0.0,-0.11290322580645162,0.0,0.45820833333333333,0,,0.0,1.0,2022,0.0
Utah,2022-04-01,456400.0,2022,431488.0,105.77350934440818,456764,99.92030895604732,2021,17.0,75.0,0.22666666666666666,6.0,29.0,0.20689655172413793,-0.2733333333333333,0.0,-0.2931034482758621,0.0,0.3803125,1,2020-01-01,1.0,1.0,2022,0.0
Wyoming,2022-04-01,75200.0,2022,98223.75,76.55989513737768,93266,80.62959706645508,2021,7.0,60.0,0.11666666666666667,2.0,30.0,0.06666666666666667,-0.3833333333333333,0.0,-0.43333333333333335,0.0,0.26445833333333335,0,,0.0,1.0,2022,0.0
Alabama,2022-05-01,1117657.0,2022,1133703.0,98.58463812832814,1174119,95.19111776574606,2021,27.0,105.0,0.2571428571428571,8.0,35.0,0.22857142857142856,-0.24285714285714288,0.0,-0.27142857142857146,0.0,0.35625,0,,0.0,1.0,2022,0.0
Arizona,2022-05-01,2206792.0,2022,1344415.3333333333,164.14510793539498,1492698,147.83914763736536,2021,28.0,60.0,0.4666666666666667,14.0,30.0,0.4666666666666667,-0.033333333333333326,0.0,-0.033333333333333326,0.0,0.488875,1,2014-01-01,1.0,1.0,2022,0.0
Arkansas,2022-05-01,1042058.0,2022,730376.6666666666,142.67405402691762,761746,136.79861791200742,2021,22.0,100.0,0.22,7.0,35.0,0.2,-0.28,0.0,-0.3,0.0,0.344375,1,2014-01-01,1.0,1.0,2022,0.0
California,2022-05-01,13625983.0,2022,6850829.0,198.89538915655316,7534254,180.85377795864065,2021,60.0,80.0,0.75,30.0,40.0,0.75,0.25,1.0,0.25,1.0,0.62225,1,2014-01-01,1.0,1.0,2022,0.0
Connecticut,2022-05-01,974428.0,2022,512483.6666666667,190.13835237675866,530145,183.8040536079752,2021,97.0,151.0,0.6423841059602649,23.0,36.0,0.6388888888888888,0.14238410596026485,1.0,0.13888888888888884,1.0,0.5838749999999999,1,2014-01-01,1.0,1.0,2022,0.0
Delaware,2022-05-01,287300.0,2022,143826.33333333334,199.75479687308072,165961,173.11296027379927,2021,26.0,41.0,0.6341463414634146,14.0,21.0,0.6666666666666666,0.13414634146341464,1.0,0.16666666666666663,1.0,0.5785,1,2014-01-01,1.0,1.0,2022,0.0
Florida,2022-05-01,4670235.0,2022,4142544.3333333335,112.73832273611555,4384883,106.50763087635407,2021,42.0,120.0,0.35,16.0,40.0,0.4,-0.15000000000000002,0.0,-0.09999999999999998,0.0,0.46199999999999997,0,,0.0,1.0,2022,0.0
Georgia,2022-05-01,2373707.0,2022,2063547.6666666667,115.03039345024418,2209726,107.42087480529261,2021,76.0,180.0,0.4222222222222222,22.0,56.0,0.39285714285714285,-0.07777777777777778,0.0,-0.10714285714285715,0.0,0.490375,0,,0.0,1.0,2022,0.0
Hawaii,2022-05-01,448383.0,2022,209069.0,214.46651583926837,185180,242.13359974079273,2021,47.0,51.0,0.9215686274509803,24.0,25.0,0.96,0.42156862745098034,1.0,0.45999999999999996,1.0,0.625875,1,2014-01-01,1.0,1.0,2022,0.0
Idaho,2022-05-01,419898.0,2022,321968.0,130.41606619291358,341618,122.91448342885913,2021,12.0,70.0,0.17142857142857143,7.0,35.0,0.2,-0.32857142857142857,0.0,-0.3,0.0,0.31725000000000003,1,2020-01-01,1.0,1.0,2022,0.0
Indiana,2022-05-01,1931829.0,2022,1230384.3333333333,157.01020792148145,1293314,149.37045450679418,2021,29.0,100.0,0.29,11.0,50.0,0.22,-0.21000000000000002,0.0,-0.28,0.0,0.403625,1,2015-02-01,1.0,1.0,2022,1.0
Maryland,2022-05-01,1628180.0,2022,843221.3333333334,193.090465769367,793697,205.1387368227422,2021,99.0,141.0,0.7021276595744681,32.0,47.0,0.6808510638297872,0.2021276595744681,1.0,0.18085106382978722,0.0,0.645375,1,2014-01-01,1.0,1.0,2022,0.0
Massachusetts,2022-05-01,1904927.0,2022,991079.0,192.20738205531546,972871,195.80468530771293,2021,128.0,160.0,0.8,37.0,40.0,0.925,0.30000000000000004,1.0,0.42500000000000004,0.0,0.6455,1,2014-01-01,1.0,1.0,2022,0.0
Minnesota,2022-05-01,1315330.0,2022,788710.0,166.76978864221323,814317,161.52554840436832,2021,70.0,134.0,0.5223880597014925,31.0,67.0,0.4626865671641791,0.02238805970149249,1.0,-0.03731343283582089,1.0,0.51875,1,2014-01-01,1.0,1.0,2022,0.0
Mississippi,2022-05-01,733637.0,2022,774867.3333333334,94.67904613348865,831252,88.25687035940966,2021,46.0,122.0,0.3770491803278688,16.0,52.0,0.3076923076923077,-0.12295081967213117,0.0,-0.1923076923076923,0.0,0.405125,0,,0.0,1.0,2022,0.0
North Dakota,2022-05-01,123279.0,2022,116151.33333333333,106.13653452105586,122160,100.91601178781926,2021,14.0,94.0,0.14893617021276595,7.0,47.0,0.14893617021276595,-0.35106382978723405,0.0,-0.35106382978723405,0.0,0.3145,1,2014-01-01,1.0,1.0,2022,0.0
Ohio,2022-05-01,3242826.0,2022,2195022.6666666665,147.73542201842108,2296371,141.21524788459706,2021,35.0,99.0,0.35353535353535354,8.0,33.0,0.24242424242424243,-0.14646464646464646,0.0,-0.25757575757575757,0.0,0.44875,1,2014-01-01,1.0,1.0,2022,0.0
Oklahoma,2022-05-01,1203318.0,2022,910998.3333333334,132.08783770186187,885167,135.94248316984252,2021,19.0,101.0,0.18811881188118812,9.0,48.0,0.1875,-0.3118811881188119,0.0,-0.3125,0.0,0.321,1,2021-07-01,1.0,1.0,2022,0.0
Oregon,2022-05-01,1303226.0,2022,746689.3333333334,174.53389807809404,797451,163.4239595912476,2021,37.0,60.0,0.6166666666666667,18.0,30.0,0.6,0.1166666666666667,1.0,0.09999999999999998,1.0,0.561625,1,2014-01-01,1.0,1.0,2022,0.0
Pennsylvania,2022-05-01,3592984.0,2022,2184844.3333333335,164.45034299163646,2259652,159.00607704195158,2021,90.0,203.0,0.4433497536945813,21.0,50.0,0.42,-0.056650246305418706,0.0,-0.08000000000000002,1.0,0.496125,1,2015-01-01,1.0,1.0,2022,0.0
Rhode Island,2022-05-01,350882.0,2022,164447.0,213.37087329048265,188712,185.93518165246513,2021,65.0,75.0,0.8666666666666667,33.0,38.0,0.868421052631579,0.3666666666666667,1.0,0.368421052631579,1.0,0.588375,1,2014-01-01,1.0,1.0,2022,0.0
South Carolina,2022-05-01,1253906.0,2022,1050850.6666666667,119.32294851916797,1124024,111.55509135036263,2021,43.0,124.0,0.3467741935483871,16.0,46.0,0.34782608695652173,-0.15322580645161288,0.0,-0.15217391304347827,0.0,0.42525,0,,0.0,1.0,2022,0.0
South Dakota,2022-05-01,138787.0,2022,158302.0,87.67229725461459,166237,83.48743059607668,2021,8.0,70.0,0.11428571428571428,3.0,35.0,0.08571428571428572,-0.38571428571428573,0.0,-0.41428571428571426,0.0,0.351625,1,2023-07-01,0.0,1.0,2022,0.0
Tennessee,2022-05-01,1702783.0,2022,1382645.0,123.15402724488209,1514870,112.40456276776226,2021,26.0,99.0,0.26262626262626265,6.0,33.0,0.18181818181818182,-0.23737373737373735,0.0,-0.3181818181818182,0.0,0.36624999999999996,0,,0.0,1.0,2022,0.0
Texas,2022-05-01,5436087.0,2022,6066841.333333333,89.60324988445389,6299251,86.29735503474937,2021,67.0,150.0,0.44666666666666666,12.0,31.0,0.3870967741935484,-0.053333333333333344,0.0,-0.11290322580645162,0.0,0.45775,0,,0.0,1.0,2022,0.0
Utah,2022-05-01,459467.0,2022,433707.6666666667,105.93933087033278,456764,100.59177168078044,2021,17.0,75.0,0.22666666666666666,6.0,29.0,0.20689655172413793,-0.2733333333333333,0.0,-0.2931034482758621,0.0,0.380625,1,2020-01-01,1.0,1.0,2022,0.0
Wyoming,2022-05-01,76431.0,2022,97982.33333333333,78.00487843046537,93266,81.94947783758283,2021,7.0,60.0,0.11666666666666667,2.0,30.0,0.06666666666666667,-0.3833333333333333,0.0,-0.43333333333333335,0.0,0.26425,0,,0.0,1.0,2022,0.0
Alabama,2022-06-01,1124686.0,2022,1131565.0,99.39208087913642,1174119,95.78977940055479,2021,27.0,105.0,0.2571428571428571,8.0,35.0,0.22857142857142856,-0.24285714285714288,0.0,-0.27142857142857146,0.0,0.35570833333333335,0,,0.0,1.0,2022,0.0
Arizona,2022-06-01,2216371.0,2022,1343247.4166666667,165.00095012280252,1492698,148.480871549369,2021,28.0,60.0,0.4666666666666667,14.0,30.0,0.4666666666666667,-0.033333333333333326,0.0,-0.033333333333333326,0.0,0.48847916666666663,1,2014-01-01,1.0,1.0,2022,0.0
Arkansas,2022-06-01,1046757.0,2022,727416.0833333334,143.90072256902943,761746,137.415490202771,2021,22.0,100.0,0.22,7.0,35.0,0.2,-0.28,0.0,-0.3,0.0,0.3440625,1,2014-01-01,1.0,1.0,2022,0.0
California,2022-06-01,13688202.0,2022,6832640.5,200.33546328099655,7534254,181.6795929630193,2021,60.0,80.0,0.75,30.0,40.0,0.75,0.25,1.0,0.25,1.0,0.6215416666666667,1,2014-01-01,1.0,1.0,2022,0.0
Connecticut,2022-06-01,974747.0,2022,513429.8333333333,189.85008986946934,530145,183.86422582501015,2021,97.0,151.0,0.6423841059602649,23.0,36.0,0.6388888888888888,0.14238410596026485,1.0,0.13888888888888884,1.0,0.5833125,1,2014-01-01,1.0,1.0,2022,0.0
Delaware,2022-06-01,289032.0,2022,144251.66666666666,200.36648912202057,165961,174.15657895529674,2021,26.0,41.0,0.6341463414634146,14.0,21.0,0.6666666666666666,0.13414634146341464,1.0,0.16666666666666663,1.0,0.5780833333333333,1,2014-01-01,1.0,1.0,2022,0.0
Florida,2022-06-01,4704468.0,2022,4133600.1666666665,113.81042699622496,4384883,107.28833585753598,2021,42.0,120.0,0.35,16.0,40.0,0.4,-0.15000000000000002,0.0,-0.09999999999999998,0.0,0.46099999999999997,0,,0.0,1.0,2022,0.0
Georgia,2022-06-01,2388803.0,2022,2071097.8333333333,115.3399400816974,2209726,108.10403642804583,2021,76.0,180.0,0.4222222222222222,22.0,56.0,0.39285714285714285,-0.07777777777777778,0.0,-0.10714285714285715,0.0,0.4900625,0,,0.0,1.0,2022,0.0
Hawaii,2022-06-01,450481.0,2022,208400.5,216.16118963246248,185180,243.26655146344098,2021,47.0,51.0,0.9215686274509803,24.0,25.0,0.96,0.42156862745098034,1.0,0.45999999999999996,1.0,0.6251458333333333,1,2014-01-01,1.0,1.0,2022,0.0
Idaho,2022-06-01,426582.0,2022,320117.5,133.2579443485595,341618,124.87105480390377,2021,12.0,70.0,0.17142857142857143,7.0,35.0,0.2,-0.32857142857142857,0.0,-0.3,0.0,0.31654166666666667,1,2020-01-01,1.0,1.0,2022,0.0
Indiana,2022-06-01,1944084.0,2022,1229144.1666666667,158.16566133752957,1293314,150.318020217828,2021,29.0,100.0,0.29,11.0,50.0,0.22,-0.21000000000000002,0.0,-0.28,0.0,0.4032708333333333,1,2015-02-01,1.0,1.0,2022,1.0
Maryland,2022-06-01,1636369.0,2022,841158.4166666666,194.53755292428568,793697,206.17049075402832,2021,99.0,141.0,0.7021276595744681,32.0,47.0,0.6808510638297872,0.2021276595744681,1.0,0.18085106382978722,0.0,0.6448958333333333,1,2014-01-01,1.0,1.0,2022,0.0
Massachusetts,2022-06-01,1912980.0,2022,991082.25,193.01929784334246,972871,196.63244150560558,2021,128.0,160.0,0.8,37.0,40.0,0.925,0.30000000000000004,1.0,0.42500000000000004,0.0,0.6449166666666667,1,2014-01-01,1.0,1.0,2022,0.0
Minnesota,2022-06-01,1321602.0,2022,787248.75,167.87603664026142,814317,162.2957644258931,2021,70.0,134.0,0.5223880597014925,31.0,67.0,0.4626865671641791,0.02238805970149249,1.0,-0.03731343283582089,1.0,0.5184583333333334,1,2014-01-01,1.0,1.0,2022,0.0
Mississippi,2022-06-01,737845.0,2022,772948.1666666666,95.45853549041344,831252,88.76309470533604,2021,46.0,122.0,0.3770491803278688,16.0,52.0,0.3076923076923077,-0.12295081967213117,0.0,-0.1923076923076923,0.0,0.4046875,0,,0.0,1.0,2022,0.0
North Dakota,2022-06-01,124213.0,2022,114794.41666666667,108.20473992274596,122160,101.6805828421742,2021,14.0,94.0,0.14893617021276595,7.0,47.0,0.14893617021276595,-0.35106382978723405,0.0,-0.35106382978723405,0.0,0.3144166666666667,1,2014-01-01,1.0,1.0,2022,0.0
Ohio,2022-06-01,3256033.0,2022,2194035.0833333335,148.4038712386132,2296371,141.79037272287448,2021,35.0,99.0,0.35353535353535354,8.0,33.0,0.24242424242424243,-0.14646464646464646,0.0,-0.25757575757575757,0.0,0.44845833333333335,1,2014-01-01,1.0,1.0,2022,0.0
Oklahoma,2022-06-01,1217200.0,2022,911584.4166666666,133.5257577626062,885167,137.51077480294677,2021,19.0,101.0,0.18811881188118812,9.0,48.0,0.1875,-0.3118811881188119,0.0,-0.3125,0.0,0.32066666666666666,1,2021-07-01,1.0,1.0,2022,0.0
Oregon,2022-06-01,1310089.0,2022,745575.9166666666,175.7150372905241,797451,164.28457673261428,2021,37.0,60.0,0.6166666666666667,18.0,30.0,0.6,0.1166666666666667,1.0,0.09999999999999998,1.0,0.5614375,1,2014-01-01,1.0,1.0,2022,0.0
Pennsylvania,2022-06-01,3605718.0,2022,2185959.4166666665,164.9489909331574,2259652,159.56961514427886,2021,90.0,203.0,0.4433497536945813,21.0,50.0,0.42,-0.056650246305418706,0.0,-0.08000000000000002,1.0,0.49585416666666665,1,2015-01-01,1.0,1.0,2022,0.0
Rhode Island,2022-06-01,352367.0,2022,164686.0,213.96293552578845,188712,186.72209504430032,2021,65.0,75.0,0.8666666666666667,33.0,38.0,0.868421052631579,0.3666666666666667,1.0,0.368421052631579,1.0,0.5880624999999999,1,2014-01-01,1.0,1.0,2022,0.0
South Carolina,2022-06-01,1261689.0,2022,1052374.0833333333,119.88978253851272,1124024,112.24751428795115,2021,43.0,124.0,0.3467741935483871,16.0,46.0,0.34782608695652173,-0.15322580645161288,0.0,-0.15217391304347827,0.0,0.424875,0,,0.0,1.0,2022,0.0
South Dakota,2022-06-01,139712.0,2022,158357.75,88.22555258583807,166237,84.04386508418703,2021,8.0,70.0,0.11428571428571428,3.0,35.0,0.08571428571428572,-0.38571428571428573,0.0,-0.41428571428571426,0.0,0.3512708333333333,1,2023-07-01,0.0,1.0,2022,0.0
Tennessee,2022-06-01,1710987.0,2022,1383974.0,123.62855082537678,1514870,112.94612739046914,2021,26.0,99.0,0.26262626262626265,6.0,33.0,0.18181818181818182,-0.23737373737373735,0.0,-0.3181818181818182,0.0,0.365875,0,,0.0,1.0,2022,0.0
Texas,2022-06-01,5473452.0,2022,6061434.416666667,90.29961596136492,6299251,86.8905207936626,2021,67.0,150.0,0.44666666666666666,12.0,31.0,0.3870967741935484,-0.053333333333333344,0.0,-0.11290322580645162,0.0,0.4572916666666667,0,,0.0,1.0,2022,0.0
Utah,2022-06-01,462300.0,2022,435927.3333333333,106.04978505591912,456764,101.21200444868686,2021,17.0,75.0,0.22666666666666666,6.0,29.0,0.20689655172413793,-0.2733333333333333,0.0,-0.2931034482758621,0.0,0.3809375,1,2020-01-01,1.0,1.0,2022,0.0
Wyoming,2022-06-01,78132.0,2022,97740.91666666667,79.93786293867035,93266,83.77329359037591,2021,7.0,60.0,0.11666666666666667,2.0,30.0,0.06666666666666667,-0.3833333333333333,0.0,-0.43333333333333335,0.0,0.2640416666666667,0,,0.0,1.0,2022,0.0
Alabama,2022-07-01,1131447.0,2022,1129427.0,100.17885175403103,1174119,96.365615410363,2021,27.0,105.0,0.2571428571428571,8.0,35.0,0.22857142857142856,-0.24285714285714288,0.0,-0.27142857142857146,0.0,0.3551666666666667,0,,0.0,1.0,2022,0.0
Arizona,2022-07-01,2227971.0,2022,1342079.5,166.0088690722122,1492698,149.25798788502428,2021,28.0,60.0,0.4666666666666667,14.0,30.0,0.4666666666666667,-0.033333333333333326,0.0,-0.033333333333333326,0.0,0.4880833333333333,1,2014-01-01,1.0,1.0,2022,0.0
Arkansas,2022-07-01,1050577.0,2022,724455.5,145.0160844938026,761746,137.91696969856093,2021,22.0,100.0,0.22,7.0,35.0,0.2,-0.28,0.0,-0.3,0.0,0.34375,1,2014-01-01,1.0,1.0,2022,0.0
California,2022-07-01,13744043.0,2022,6814452.0,201.6896296283252,7534254,182.42075459627455,2021,60.0,80.0,0.75,30.0,40.0,0.75,0.25,1.0,0.25,1.0,0.6208333333333333,1,2014-01-01,1.0,1.0,2022,0.0
Connecticut,2022-07-01,979293.0,2022,514376.0,190.38466024853415,530145,184.72172707466825,2021,97.0,151.0,0.6423841059602649,23.0,36.0,0.6388888888888888,0.14238410596026485,1.0,0.13888888888888884,1.0,0.58275,1,2014-01-01,1.0,1.0,2022,0.0
Delaware,2022-07-01,290979.0,2022,144677.0,201.12319166142512,165961,175.3297461451787,2021,26.0,41.0,0.6341463414634146,14.0,21.0,0.6666666666666666,0.13414634146341464,1.0,0.16666666666666663,1.0,0.5776666666666667,1,2014-01-01,1.0,1.0,2022,0.0
Florida,2022-07-01,4734996.0,2022,4124656.0,114.79735522186579,4384883,107.98454599586809,2021,42.0,120.0,0.35,16.0,40.0,0.4,-0.15000000000000002,0.0,-0.09999999999999998,0.0,0.45999999999999996,0,,0.0,1.0,2022,0.0
Georgia,2022-07-01,2405477.0,2022,2078648.0,115.72315274158973,2209726,108.85860961947319,2021,76.0,180.0,0.4222222222222222,22.0,56.0,0.39285714285714285,-0.07777777777777778,0.0,-0.10714285714285715,0.0,0.48975,0,,0.0,1.0,2022,0.0
Hawaii,2022-07-01,452696.0,2022,207732.0,217.92309321625942,185180,244.46268495517876,2021,47.0,51.0,0.9215686274509803,24.0,25.0,0.96,0.42156862745098034,1.0,0.45999999999999996,1.0,0.6244166666666666,1,2014-01-01,1.0,1.0,2022,0.0
Idaho,2022-07-01,430307.0,2022,318267.0,135.20314704320586,341618,125.96145402174359,2021,12.0,70.0,0.17142857142857143,7.0,35.0,0.2,-0.32857142857142857,0.0,-0.3,0.0,0.31583333333333335,1,2020-01-01,1.0,1.0,2022,0.0
Indiana,2022-07-01,1954908.0,2022,1227904.0,159.20690868341498,1293314,151.15493994497854,2021,29.0,100.0,0.29,11.0,50.0,0.22,-0.21000000000000002,0.0,-0.28,0.0,0.40291666666666665,1,2015-02-01,1.0,1.0,2022,1.0
Maryland,2022-07-01,1645951.0,2022,839095.5,196.1577675008387,793697,207.37775246725136,2021,99.0,141.0,0.7021276595744681,32.0,47.0,0.6808510638297872,0.2021276595744681,1.0,0.18085106382978722,0.0,0.6444166666666666,1,2014-01-01,1.0,1.0,2022,0.0
Massachusetts,2022-07-01,1923683.0,2022,991085.5,194.09859189747,972871,197.73258736255886,2021,128.0,160.0,0.8,37.0,40.0,0.925,0.30000000000000004,1.0,0.42500000000000004,0.0,0.6443333333333333,1,2014-01-01,1.0,1.0,2022,0.0
Minnesota,2022-07-01,1332742.0,2022,785787.5,169.60590490431574,814317,163.66378204065492,2021,70.0,134.0,0.5223880597014925,31.0,67.0,0.4626865671641791,0.02238805970149249,1.0,-0.03731343283582089,1.0,0.5181666666666667,1,2014-01-01,1.0,1.0,2022,0.0
Mississippi,2022-07-01,742600.0,2022,771029.0,96.31284945183644,831252,89.33512340421437,2021,46.0,122.0,0.3770491803278688,16.0,52.0,0.3076923076923077,-0.12295081967213117,0.0,-0.1923076923076923,0.0,0.40425,0,,0.0,1.0,2022,0.0
North Dakota,2022-07-01,123776.0,2022,113437.5,109.11382920110194,122160,101.32285527177471,2021,14.0,94.0,0.14893617021276595,7.0,47.0,0.14893617021276595,-0.35106382978723405,0.0,-0.35106382978723405,0.0,0.31433333333333335,1,2014-01-01,1.0,1.0,2022,0.0
Ohio,2022-07-01,3270899.0,2022,2193047.5,149.14857065339442,2296371,142.43774198507123,2021,35.0,99.0,0.35353535353535354,8.0,33.0,0.24242424242424243,-0.14646464646464646,0.0,-0.25757575757575757,0.0,0.44816666666666666,1,2014-01-01,1.0,1.0,2022,0.0
Oklahoma,2022-07-01,1231239.0,2022,912170.5,134.97904174712951,885167,139.09680320210762,2021,19.0,101.0,0.18811881188118812,9.0,48.0,0.1875,-0.3118811881188119,0.0,-0.3125,0.0,0.32033333333333336,1,2021-07-01,1.0,1.0,2022,0.0
Oregon,2022-07-01,1334459.0,2022,744462.5,179.25133905334386,797451,167.340563871636,2021,37.0,60.0,0.6166666666666667,18.0,30.0,0.6,0.1166666666666667,1.0,0.09999999999999998,1.0,0.56125,1,2014-01-01,1.0,1.0,2022,0.0
Pennsylvania,2022-07-01,3621759.0,2022,2187074.5,165.5983369565143,2259652,160.2795032155394,2021,90.0,203.0,0.4433497536945813,21.0,50.0,0.42,-0.056650246305418706,0.0,-0.08000000000000002,1.0,0.4955833333333333,1,2015-01-01,1.0,1.0,2022,0.0
Rhode Island,2022-07-01,353502.0,2022,164925.0,214.34106412005457,188712,187.32354063334606,2021,65.0,75.0,0.8666666666666667,33.0,38.0,0.868421052631579,0.3666666666666667,1.0,0.368421052631579,1.0,0.58775,1,2014-01-01,1.0,1.0,2022,0.0
South Carolina,2022-07-01,1269341.0,2022,1053897.5,120.44254778097489,1124024,112.92828267012092,2021,43.0,124.0,0.3467741935483871,16.0,46.0,0.34782608695652173,-0.15322580645161288,0.0,-0.15217391304347827,0.0,0.4245,0,,0.0,1.0,2022,0.0
South Dakota,2022-07-01,140676.0,2022,158413.5,88.80303761989981,166237,84.62376005341771,2021,8.0,70.0,0.11428571428571428,3.0,35.0,0.08571428571428572,-0.38571428571428573,0.0,-0.41428571428571426,0.0,0.35091666666666665,1,2023-07-01,0.0,1.0,2022,0.0
Tennessee,2022-07-01,1719939.0,2022,1385303.0,124.15615933842632,1514870,113.53706918745503,2021,26.0,99.0,0.26262626262626265,6.0,33.0,0.18181818181818182,-0.23737373737373735,0.0,-0.3181818181818182,0.0,0.3655,0,,0.0,1.0,2022,0.0
Texas,2022-07-01,5643143.0,2022,6056027.5,93.18225519946863,6299251,89.58434899641243,2021,67.0,150.0,0.44666666666666666,12.0,31.0,0.3870967741935484,-0.053333333333333344,0.0,-0.11290322580645162,0.0,0.45683333333333337,0,,0.0,1.0,2022,0.0
Utah,2022-07-01,465497.0,2022,438147.0,106.2421972534332,456764,101.91192826054593,2021,17.0,75.0,0.22666666666666666,6.0,29.0,0.20689655172413793,-0.2733333333333333,0.0,-0.2931034482758621,0.0,0.38125,1,2020-01-01,1.0,1.0,2022,0.0
Wyoming,2022-07-01,79318.0,2022,97499.5,81.35221206262597,93266,85.04492526751443,2021,7.0,60.0,0.11666666666666667,2.0,30.0,0.06666666666666667,-0.3833333333333333,0.0,-0.43333333333333335,0.0,0.26383333333333336,0,,0.0,1.0,2022,0.0
Alabama,2022-08-01,1138432.0,2022,1127289.0,100.98847766633045,1174119,96.96052955450001,2021,27.0,105.0,0.2571428571428571,8.0,35.0,0.22857142857142856,-0.24285714285714288,0.0,-0.27142857142857146,0.0,0.354625,0,,0.0,1.0,2022,0.0
Arizona,2022-08-01,2245107.0,2022,1340911.5833333333,167.4313972602842,1492698,150.40597629259233,2021,28.0,60.0,0.4666666666666667,14.0,30.0,0.4666666666666667,-0.033333333333333326,0.0,-0.033333333333333326,0.0,0.4876875,1,2014-01-01,1.0,1.0,2022,0.0
Arkansas,2022-08-01,1056949.0,2022,721494.9166666666,146.49431001997127,761746,138.75346900410372,2021,22.0,100.0,0.22,7.0,35.0,0.2,-0.28,0.0,-0.3,0.0,0.3434375,1,2014-01-01,1.0,1.0,2022,0.0
California,2022-08-01,13820824.0,2022,6796263.5,203.35915462959906,7534254,183.43984686473274,2021,60.0,80.0,0.75,30.0,40.0,0.75,0.25,1.0,0.25,1.0,0.620125,1,2014-01-01,1.0,1.0,2022,0.0
Connecticut,2022-08-01,985813.0,2022,515322.1666666667,191.30032895279425,530145,185.9515792849126,2021,97.0,151.0,0.6423841059602649,23.0,36.0,0.6388888888888888,0.14238410596026485,1.0,0.13888888888888884,1.0,0.5821875,1,2014-01-01,1.0,1.0,2022,0.0
Delaware,2022-08-01,293136.0,2022,145102.33333333334,202.02018345673284,165961,176.6294490874362,2021,26.0,41.0,0.6341463414634146,14.0,21.0,0.6666666666666666,0.13414634146341464,1.0,0.16666666666666663,1.0,0.5772499999999999,1,2014-01-01,1.0,1.0,2022,0.0
Florida,2022-08-01,4773338.0,2022,4115711.8333333335,115.97843078663873,4384883,108.85895929264247,2021,42.0,120.0,0.35,16.0,40.0,0.4,-0.15000000000000002,0.0,-0.09999999999999998,0.0,0.45899999999999996,0,,0.0,1.0,2022,0.0
Georgia,2022-08-01,2423690.0,2022,2086198.1666666667,116.17736218571117,2209726,109.6828294548736,2021,76.0,180.0,0.4222222222222222,22.0,56.0,0.39285714285714285,-0.07777777777777778,0.0,-0.10714285714285715,0.0,0.48943749999999997,0,,0.0,1.0,2022,0.0
Hawaii,2022-08-01,454990.0,2022,207063.5,219.73452588215693,185180,245.70147964142996,2021,47.0,51.0,0.9215686274509803,24.0,25.0,0.96,0.42156862745098034,1.0,0.45999999999999996,1.0,0.6236875,1,2014-01-01,1.0,1.0,2022,0.0
Idaho,2022-08-01,432974.0,2022,316416.5,136.83673259769955,341618,126.74215058925466,2021,12.0,70.0,0.17142857142857143,7.0,35.0,0.2,-0.32857142857142857,0.0,-0.3,0.0,0.315125,1,2020-01-01,1.0,1.0,2022,0.0
Indiana,2022-08-01,1969831.0,2022,1226663.8333333333,160.58441982814364,1293314,152.30879739954875,2021,29.0,100.0,0.29,11.0,50.0,0.22,-0.21000000000000002,0.0,-0.28,0.0,0.4025625,1,2015-02-01,1.0,1.0,2022,1.0
Maryland,2022-08-01,1654583.0,2022,837032.5833333334,197.6724721289723,793697,208.4653211490027,2021,99.0,141.0,0.7021276595744681,32.0,47.0,0.6808510638297872,0.2021276595744681,1.0,0.18085106382978722,0.0,0.6439375,1,2014-01-01,1.0,1.0,2022,0.0
Massachusetts,2022-08-01,1933081.0,2022,991088.75,195.04620549875074,972871,198.6985941609936,2021,128.0,160.0,0.8,37.0,40.0,0.925,0.30000000000000004,1.0,0.42500000000000004,0.0,0.64375,1,2014-01-01,1.0,1.0,2022,0.0
Minnesota,2022-08-01,1342340.0,2022,784326.25,171.14561701842823,814317,164.84243850981866,2021,70.0,134.0,0.5223880597014925,31.0,67.0,0.4626865671641791,0.02238805970149249,1.0,-0.03731343283582089,1.0,0.517875,1,2014-01-01,1.0,1.0,2022,0.0
Mississippi,2022-08-01,748431.0,2022,769109.8333333334,97.31132896276843,831252,90.03659540067272,2021,46.0,122.0,0.3770491803278688,16.0,52.0,0.3076923076923077,-0.12295081967213117,0.0,-0.1923076923076923,0.0,0.4038125,0,,0.0,1.0,2022,0.0
North Dakota,2022-08-01,126517.0,2022,112080.58333333333,112.88039037389022,122160,103.5666339227243,2021,14.0,94.0,0.14893617021276595,7.0,47.0,0.14893617021276595,-0.35106382978723405,0.0,-0.35106382978723405,0.0,0.31425000000000003,1,2014-01-01,1.0,1.0,2022,0.0
Ohio,2022-08-01,3289608.0,2022,2192059.9166666665,150.06925563432173,2296371,143.2524622545747,2021,35.0,99.0,0.35353535353535354,8.0,33.0,0.24242424242424243,-0.14646464646464646,0.0,-0.25757575757575757,0.0,0.447875,1,2014-01-01,1.0,1.0,2022,0.0
Oklahoma,2022-08-01,1248544.0,2022,912756.5833333334,136.78827661153542,885167,141.05180152445809,2021,19.0,101.0,0.18811881188118812,9.0,48.0,0.1875,-0.3118811881188119,0.0,-0.3125,0.0,0.32,1,2021-07-01,1.0,1.0,2022,0.0
Oregon,2022-08-01,1343029.0,2022,743349.0833333334,180.67271893005855,797451,168.41523805224398,2021,37.0,60.0,0.6166666666666667,18.0,30.0,0.6,0.1166666666666667,1.0,0.09999999999999998,1.0,0.5610625,1,2014-01-01,1.0,1.0,2022,0.0
Pennsylvania,2022-08-01,3638737.0,2022,2188189.5833333335,166.28984196410462,2259652,161.03085784890771,2021,90.0,203.0,0.4433497536945813,21.0,50.0,0.42,-0.056650246305418706,0.0,-0.08000000000000002,1.0,0.4953125,1,2015-01-01,1.0,1.0,2022,0.0
Rhode Island,2022-08-01,355465.0,2022,165164.0,215.2194182751689,188712,188.3637500529908,2021,65.0,75.0,0.8666666666666667,33.0,38.0,0.868421052631579,0.3666666666666667,1.0,0.368421052631579,1.0,0.5874375,1,2014-01-01,1.0,1.0,2022,0.0
South Carolina,2022-08-01,1278116.0,2022,1055420.9166666667,121.10012032324227,1124024,113.70895995103308,2021,43.0,124.0,0.3467741935483871,16.0,46.0,0.34782608695652173,-0.15322580645161288,0.0,-0.15217391304347827,0.0,0.424125,0,,0.0,1.0,2022,0.0
South Dakota,2022-08-01,141685.0,2022,158469.25,89.40851300804414,166237,85.23072480855646,2021,8.0,70.0,0.11428571428571428,3.0,35.0,0.08571428571428572,-0.38571428571428573,0.0,-0.41428571428571426,0.0,0.3505625,1,2023-07-01,0.0,1.0,2022,0.0
Tennessee,2022-08-01,1729938.0,2022,1386632.0,124.7582631873489,1514870,114.19712582597847,2021,26.0,99.0,0.26262626262626265,6.0,33.0,0.18181818181818182,-0.23737373737373735,0.0,-0.3181818181818182,0.0,0.365125,0,,0.0,1.0,2022,0.0
Texas,2022-08-01,5687442.0,2022,6050620.583333333,93.99766390353872,6299251,90.28759133427133,2021,67.0,150.0,0.44666666666666666,12.0,31.0,0.3870967741935484,-0.053333333333333344,0.0,-0.11290322580645162,0.0,0.45637500000000003,0,,0.0,1.0,2022,0.0
Utah,2022-08-01,469333.0,2022,440366.6666666667,106.57777609567785,456764,102.75174926220106,2021,17.0,75.0,0.22666666666666666,6.0,29.0,0.20689655172413793,-0.2733333333333333,0.0,-0.2931034482758621,0.0,0.3815625,1,2020-01-01,1.0,1.0,2022,0.0
Wyoming,2022-08-01,80208.0,2022,97258.08333333333,82.4692377754377,93266,85.99918512641263,2021,7.0,60.0,0.11666666666666667,2.0,30.0,0.06666666666666667,-0.3833333333333333,0.0,-0.43333333333333335,0.0,0.263625,0,,0.0,1.0,2022,0.0
Alabama,2022-09-01,1145077.0,2022,1125151.0,101.77096229750495,1174119,97.52648581617366,2021,27.0,105.0,0.2571428571428571,8.0,35.0,0.22857142857142856,-0.24285714285714288,0.0,-0.27142857142857146,0.0,0.35408333333333336,0,,0.0,1.0,2022,0.0
Arizona,2022-09-01,2257808.0,2022,1339743.6666666667,168.52537214208388,1492698,151.25685168734734,2021,28.0,60.0,0.4666666666666667,14.0,30.0,0.4666666666666667,-0.033333333333333326,0.0,-0.033333333333333326,0.0,0.4872916666666667,1,2014-01-01,1.0,1.0,2022,0.0
Arkansas,2022-09-01,1061632.0,2022,718534.3333333334,147.7496552008881,761746,139.36824085718862,2021,22.0,100.0,0.22,7.0,35.0,0.2,-0.28,0.0,-0.3,0.0,0.343125,1,2014-01-01,1.0,1.0,2022,0.0
California,2022-09-01,13885444.0,2022,6778075.0,204.85822302054788,7534254,184.29752965588895,2021,60.0,80.0,0.75,30.0,40.0,0.75,0.25,1.0,0.25,1.0,0.6194166666666666,1,2014-01-01,1.0,1.0,2022,0.0
Connecticut,2022-09-01,993236.0,2022,516268.3333333333,192.38755040176136,530145,187.35176225372302,2021,97.0,151.0,0.6423841059602649,23.0,36.0,0.6388888888888888,0.14238410596026485,1.0,0.13888888888888884,1.0,0.581625,1,2014-01-01,1.0,1.0,2022,0.0
Delaware,2022-09-01,294956.0,2022,145527.66666666666,202.6803608935758,165961,177.72609227469104,2021,26.0,41.0,0.6341463414634146,14.0,21.0,0.6666666666666666,0.13414634146341464,1.0,0.16666666666666663,1.0,0.5768333333333333,1,2014-01-01,1.0,1.0,2022,0.0
Florida,2022-09-01,4796092.0,2022,4106767.6666666665,116.78508231493983,4384883,109.37787849755627,2021,42.0,120.0,0.35,16.0,40.0,0.4,-0.15000000000000002,0.0,-0.09999999999999998,0.0,0.45799999999999996,0,,0.0,1.0,2022,0.0
Georgia,2022-09-01,2438113.0,2022,2093748.3333333333,116.44728075405433,2209726,110.33553481291345,2021,76.0,180.0,0.4222222222222222,22.0,56.0,0.39285714285714285,-0.07777777777777778,0.0,-0.10714285714285715,0.0,0.489125,0,,0.0,1.0,2022,0.0
Hawaii,2022-09-01,456658.0,2022,206395.0,221.25439085249158,185180,246.60222486229614,2021,47.0,51.0,0.9215686274509803,24.0,25.0,0.96,0.42156862745098034,1.0,0.45999999999999996,1.0,0.6229583333333333,1,2014-01-01,1.0,1.0,2022,0.0
Idaho,2022-09-01,436769.0,2022,314566.0,138.84812726105173,341618,127.85304053065119,2021,12.0,70.0,0.17142857142857143,7.0,35.0,0.2,-0.32857142857142857,0.0,-0.3,0.0,0.3144166666666667,1,2020-01-01,1.0,1.0,2022,0.0
Indiana,2022-09-01,1981054.0,2022,1225423.6666666667,161.66278274914987,1293314,153.17656810333762,2021,29.0,100.0,0.29,11.0,50.0,0.22,-0.21000000000000002,0.0,-0.28,0.0,0.40220833333333333,1,2015-02-01,1.0,1.0,2022,1.0
Maryland,2022-09-01,1661447.0,2022,834969.6666666666,198.98291714389626,793697,209.33013479955198,2021,99.0,141.0,0.7021276595744681,32.0,47.0,0.6808510638297872,0.2021276595744681,1.0,0.18085106382978722,0.0,0.6434583333333334,1,2014-01-01,1.0,1.0,2022,0.0
Massachusetts,2022-09-01,1946317.0,2022,991092.0,196.3810625047927,972871,200.0591034165886,2021,128.0,160.0,0.8,37.0,40.0,0.925,0.30000000000000004,1.0,0.42500000000000004,0.0,0.6431666666666667,1,2014-01-01,1.0,1.0,2022,0.0
Minnesota,2022-09-01,1347511.0,2022,782865.0,172.12558998039253,814317,165.4774491997588,2021,70.0,134.0,0.5223880597014925,31.0,67.0,0.4626865671641791,0.02238805970149249,1.0,-0.03731343283582089,1.0,0.5175833333333334,1,2014-01-01,1.0,1.0,2022,0.0
Mississippi,2022-09-01,761912.0,2022,767190.6666666666,99.31194852909229,831252,91.65836593475866,2021,46.0,122.0,0.3770491803278688,16.0,52.0,0.3076923076923077,-0.12295081967213117,0.0,-0.1923076923076923,0.0,0.403375,0,,0.0,1.0,2022,0.0
North Dakota,2022-09-01,127511.0,2022,110723.66666666667,115.16146803905217,122160,104.38032089063523,2021,14.0,94.0,0.14893617021276595,7.0,47.0,0.14893617021276595,-0.35106382978723405,0.0,-0.35106382978723405,0.0,0.31416666666666665,1,2014-01-01,1.0,1.0,2022,0.0
Ohio,2022-09-01,3304546.0,2022,2191072.3333333335,150.8186630686314,2296371,143.90296689864138,2021,35.0,99.0,0.35353535353535354,8.0,33.0,0.24242424242424243,-0.14646464646464646,0.0,-0.25757575757575757,0.0,0.44758333333333333,1,2014-01-01,1.0,1.0,2022,0.0
Oklahoma,2022-09-01,1261346.0,2022,913342.6666666666,138.1021653793319,885167,142.49808228277828,2021,19.0,101.0,0.18811881188118812,9.0,48.0,0.1875,-0.3118811881188119,0.0,-0.3125,0.0,0.31966666666666665,1,2021-07-01,1.0,1.0,2022,0.0
Oregon,2022-09-01,1350686.0,2022,742235.6666666666,181.9753564344119,797451,169.37542243974866,2021,37.0,60.0,0.6166666666666667,18.0,30.0,0.6,0.1166666666666667,1.0,0.09999999999999998,1.0,0.560875,1,2014-01-01,1.0,1.0,2022,0.0
Pennsylvania,2022-09-01,3626994.0,2022,2189304.6666666665,165.66876484679915,2259652,160.51117605719818,2021,90.0,203.0,0.4433497536945813,21.0,50.0,0.42,-0.056650246305418706,0.0,-0.08000000000000002,1.0,0.49504166666666666,1,2015-01-01,1.0,1.0,2022,0.0
Rhode Island,2022-09-01,357068.0,2022,165403.0,215.87758384068002,188712,189.2131925897664,2021,65.0,75.0,0.8666666666666667,33.0,38.0,0.868421052631579,0.3666666666666667,1.0,0.368421052631579,1.0,0.587125,1,2014-01-01,1.0,1.0,2022,0.0
South Carolina,2022-09-01,1284639.0,2022,1056944.3333333333,121.54273025416352,1124024,114.2892856380291,2021,43.0,124.0,0.3467741935483871,16.0,46.0,0.34782608695652173,-0.15322580645161288,0.0,-0.15217391304347827,0.0,0.42374999999999996,0,,0.0,1.0,2022,0.0
South Dakota,2022-09-01,142457.0,2022,158525.0,89.8640592966409,166237,85.69512202457936,2021,8.0,70.0,0.11428571428571428,3.0,35.0,0.08571428571428572,-0.38571428571428573,0.0,-0.41428571428571426,0.0,0.35020833333333334,1,2023-07-01,0.0,1.0,2022,0.0
Tennessee,2022-09-01,1737919.0,2022,1387961.0,125.21382084943309,1514870,114.72396971357277,2021,26.0,99.0,0.26262626262626265,6.0,33.0,0.18181818181818182,-0.23737373737373735,0.0,-0.3181818181818182,0.0,0.36475,0,,0.0,1.0,2022,0.0
Texas,2022-09-01,5725618.0,2022,6045213.666666667,94.71324448912503,6299251,90.89363163969811,2021,67.0,150.0,0.44666666666666666,12.0,31.0,0.3870967741935484,-0.053333333333333344,0.0,-0.11290322580645162,0.0,0.4559166666666667,0,,0.0,1.0,2022,0.0
Utah,2022-09-01,472474.0,2022,442586.3333333333,106.75295742676194,456764,103.43941291345202,2021,17.0,75.0,0.22666666666666666,6.0,29.0,0.20689655172413793,-0.2733333333333333,0.0,-0.2931034482758621,0.0,0.381875,1,2020-01-01,1.0,1.0,2022,0.0
Wyoming,2022-09-01,80708.0,2022,97016.66666666667,83.18982992612952,93266,86.53528617073746,2021,7.0,60.0,0.11666666666666667,2.0,30.0,0.06666666666666667,-0.3833333333333333,0.0,-0.43333333333333335,0.0,0.2634166666666667,0,,0.0,1.0,2022,0.0
Alabama,2022-10-01,1150791.0,2022,1123013.0,102.47352434922836,1174119,98.01314858204321,2021,27.0,105.0,0.2571428571428571,8.0,35.0,0.22857142857142856,-0.24285714285714288,0.0,-0.27142857142857146,0.0,0.3535416666666667,0,,0.0,1.0,2022,0.0
Arizona,2022-10-01,2268007.0,2022,1338575.75,169.43434094036144,1492698,151.940111127636,2021,28.0,60.0,0.4666666666666667,14.0,30.0,0.4666666666666667,-0.033333333333333326,0.0,-0.033333333333333326,0.0,0.4868958333333333,1,2014-01-01,1.0,1.0,2022,0.0
Arkansas,2022-10-01,1066912.0,2022,715573.75,149.0988175572399,761746,140.06138529116006,2021,22.0,100.0,0.22,7.0,35.0,0.2,-0.28,0.0,-0.3,0.0,0.3428125,1,2014-01-01,1.0,1.0,2022,0.0
California,2022-10-01,13939749.0,2022,6759886.5,206.21276703388438,7534254,185.01830440014368,2021,60.0,80.0,0.75,30.0,40.0,0.75,0.25,1.0,0.25,1.0,0.6187083333333333,1,2014-01-01,1.0,1.0,2022,0.0
Connecticut,2022-10-01,998216.0,2022,517214.5,192.99845615310477,530145,188.29112789897104,2021,97.0,151.0,0.6423841059602649,23.0,36.0,0.6388888888888888,0.14238410596026485,1.0,0.13888888888888884,1.0,0.5810624999999999,1,2014-01-01,1.0,1.0,2022,0.0
Delaware,2022-10-01,296811.0,2022,145953.0,203.36067090090646,165961,178.84382475400847,2021,26.0,41.0,0.6341463414634146,14.0,21.0,0.6666666666666666,0.13414634146341464,1.0,0.16666666666666663,1.0,0.5764166666666666,1,2014-01-01,1.0,1.0,2022,0.0
Florida,2022-10-01,4828580.0,2022,4097823.5,117.83279587322393,4384883,110.11878766206533,2021,42.0,120.0,0.35,16.0,40.0,0.4,-0.15000000000000002,0.0,-0.09999999999999998,0.0,0.45699999999999996,0,,0.0,1.0,2022,0.0
Georgia,2022-10-01,2456252.0,2022,2101298.5,116.89210266889735,2209726,111.15640581682977,2021,76.0,180.0,0.4222222222222222,22.0,56.0,0.39285714285714285,-0.07777777777777778,0.0,-0.10714285714285715,0.0,0.4888125,0,,0.0,1.0,2022,0.0
Hawaii,2022-10-01,453133.0,2022,205726.5,220.25990817906296,185180,244.69867156280375,2021,47.0,51.0,0.9215686274509803,24.0,25.0,0.96,0.42156862745098034,1.0,0.45999999999999996,1.0,0.6222291666666666,1,2014-01-01,1.0,1.0,2022,0.0
Idaho,2022-10-01,445060.0,2022,312715.5,142.32105540019603,341618,130.2800203736337,2021,12.0,70.0,0.17142857142857143,7.0,35.0,0.2,-0.32857142857142857,0.0,-0.3,0.0,0.3137083333333333,1,2020-01-01,1.0,1.0,2022,0.0
Indiana,2022-10-01,1990371.0,2022,1224183.5,162.5876349419838,1293314,153.89696547010237,2021,29.0,100.0,0.29,11.0,50.0,0.22,-0.21000000000000002,0.0,-0.28,0.0,0.4018541666666667,1,2015-02-01,1.0,1.0,2022,1.0
Maryland,2022-10-01,1673179.0,2022,832906.75,200.88431267966072,793697,210.8082807418952,2021,99.0,141.0,0.7021276595744681,32.0,47.0,0.6808510638297872,0.2021276595744681,1.0,0.18085106382978722,0.0,0.6429791666666667,1,2014-01-01,1.0,1.0,2022,0.0
Massachusetts,2022-10-01,1958878.0,2022,991095.25,197.6478042852087,972871,201.35023040053613,2021,128.0,160.0,0.8,37.0,40.0,0.925,0.30000000000000004,1.0,0.42500000000000004,0.0,0.6425833333333334,1,2014-01-01,1.0,1.0,2022,0.0
Minnesota,2022-10-01,1366216.0,2022,781403.75,174.84123924411676,814317,167.7744662091053,2021,70.0,134.0,0.5223880597014925,31.0,67.0,0.4626865671641791,0.02238805970149249,1.0,-0.03731343283582089,1.0,0.5172916666666667,1,2014-01-01,1.0,1.0,2022,0.0
Mississippi,2022-10-01,764385.0,2022,765271.5,99.88415875934227,831252,91.95586897836036,2021,46.0,122.0,0.3770491803278688,16.0,52.0,0.3076923076923077,-0.12295081967213117,0.0,-0.1923076923076923,0.0,0.4029375,0,,0.0,1.0,2022,0.0
North Dakota,2022-10-01,128344.0,2022,109366.75,117.35193740327843,122160,105.06221349050426,2021,14.0,94.0,0.14893617021276595,7.0,47.0,0.14893617021276595,-0.35106382978723405,0.0,-0.35106382978723405,0.0,0.3140833333333333,1,2014-01-01,1.0,1.0,2022,0.0
Ohio,2022-10-01,3318481.0,2022,2190084.75,151.5229490548254,2296371,144.5097939313813,2021,35.0,99.0,0.35353535353535354,8.0,33.0,0.24242424242424243,-0.14646464646464646,0.0,-0.25757575757575757,0.0,0.4472916666666667,1,2014-01-01,1.0,1.0,2022,0.0
Oklahoma,2022-10-01,1273309.0,2022,913928.75,139.32256754150694,885167,143.84957866707637,2021,19.0,101.0,0.18811881188118812,9.0,48.0,0.1875,-0.3118811881188119,0.0,-0.3125,0.0,0.31933333333333336,1,2021-07-01,1.0,1.0,2022,0.0
Oregon,2022-10-01,1358701.0,2022,741122.25,183.33021306538834,797451,170.38049986770346,2021,37.0,60.0,0.6166666666666667,18.0,30.0,0.6,0.1166666666666667,1.0,0.09999999999999998,1.0,0.5606875,1,2014-01-01,1.0,1.0,2022,0.0
Pennsylvania,2022-10-01,3640482.0,2022,2190419.75,166.20019975623396,2259652,161.10808212946063,2021,90.0,203.0,0.4433497536945813,21.0,50.0,0.42,-0.056650246305418706,0.0,-0.08000000000000002,1.0,0.4947708333333333,1,2015-01-01,1.0,1.0,2022,0.0
Rhode Island,2022-10-01,360020.0,2022,165642.0,217.34825708455583,188712,190.7774810292933,2021,65.0,75.0,0.8666666666666667,33.0,38.0,0.868421052631579,0.3666666666666667,1.0,0.368421052631579,1.0,0.5868125,1,2014-01-01,1.0,1.0,2022,0.0
South Carolina,2022-10-01,1291536.0,2022,1058467.75,122.01940021318552,1124024,114.90288463591524,2021,43.0,124.0,0.3467741935483871,16.0,46.0,0.34782608695652173,-0.15322580645161288,0.0,-0.15217391304347827,0.0,0.423375,0,,0.0,1.0,2022,0.0
South Dakota,2022-10-01,143141.0,2022,158580.75,90.26379305180484,166237,86.10658277038205,2021,8.0,70.0,0.11428571428571428,3.0,35.0,0.08571428571428572,-0.38571428571428573,0.0,-0.41428571428571426,0.0,0.3498541666666667,1,2023-07-01,0.0,1.0,2022,0.0
Tennessee,2022-10-01,1745725.0,2022,1389290.0,125.65591057302652,1514870,115.2392614547783,2021,26.0,99.0,0.26262626262626265,6.0,33.0,0.18181818181818182,-0.23737373737373735,0.0,-0.3181818181818182,0.0,0.364375,0,,0.0,1.0,2022,0.0
Texas,2022-10-01,5762011.0,2022,6039806.75,95.40058545747345,6299251,91.47136699267897,2021,67.0,150.0,0.44666666666666666,12.0,31.0,0.3870967741935484,-0.053333333333333344,0.0,-0.11290322580645162,0.0,0.45545833333333335,0,,0.0,1.0,2022,0.0
Utah,2022-10-01,474765.0,2022,444806.0,106.73529583683674,456764,103.94098484118712,2021,17.0,75.0,0.22666666666666666,6.0,29.0,0.20689655172413793,-0.2733333333333333,0.0,-0.2931034482758621,0.0,0.3821875,1,2020-01-01,1.0,1.0,2022,0.0
Wyoming,2022-10-01,81178.0,2022,96775.25,83.8830176103911,93266,87.0392211524028,2021,7.0,60.0,0.11666666666666667,2.0,30.0,0.06666666666666667,-0.3833333333333333,0.0,-0.43333333333333335,0.0,0.2632083333333333,0,,0.0,1.0,2022,0.0
Alabama,2022-11-01,1157386.0,2022,1120875.0,103.25736589717856,1174119,98.5748463315899,2023,28.0,105.0,0.26666666666666666,7.0,35.0,0.2,-0.23333333333333334,0.0,-0.3,0.0,0.353,0,,0.0,1.0,2022,0.0
Arkansas,2022-11-01,1072504.0,2022,712613.1666666666,150.5029727442121,761746,140.79548825986615,2023,18.0,100.0,0.18,6.0,35.0,0.17142857142857143,-0.32,0.0,-0.32857142857142857,0.0,0.3425,1,2014-01-01,1.0,1.0,2022,0.0
California,2022-11-01,14009516.0,2022,6741698.0,207.80396867376734,7534254,185.94430185125162,2023,62.0,80.0,0.775,32.0,40.0,0.8,0.275,1.0,0.30000000000000004,1.0,0.618,1,2014-01-01,1.0,1.0,2022,0.0
Connecticut,2022-11-01,1002567.0,2022,518160.6666666667,193.48573994423865,530145,189.11184675890559,2023,96.0,151.0,0.6357615894039735,24.0,36.0,0.6666666666666666,0.13576158940397354,1.0,0.16666666666666663,1.0,0.5805,1,2014-01-01,1.0,1.0,2022,0.0
Delaware,2022-11-01,298221.0,2022,146378.33333333334,203.7330205973106,165961,179.69342194853007,2023,26.0,41.0,0.6341463414634146,15.0,21.0,0.7142857142857143,0.13414634146341464,1.0,0.2142857142857143,1.0,0.576,1,2014-01-01,1.0,1.0,2022,0.0
Florida,2022-11-01,4851799.0,2022,4088879.3333333335,118.65840501692477,4384883,110.64831148288334,2023,35.0,120.0,0.2916666666666667,12.0,40.0,0.3,-0.20833333333333331,0.0,-0.2,0.0,0.45599999999999996,0,,0.0,1.0,2022,0.0
Georgia,2022-11-01,2474253.0,2022,2108848.6666666665,117.32719559772427,2209726,111.97103170257307,2023,79.0,180.0,0.4388888888888889,23.0,56.0,0.4107142857142857,-0.061111111111111116,0.0,-0.0892857142857143,0.0,0.4885,0,,0.0,1.0,2022,0.0
Hawaii,2022-11-01,455533.0,2022,205058.0,222.1483677788723,185180,245.99470785181987,2023,45.0,51.0,0.8823529411764706,23.0,25.0,0.92,0.38235294117647056,1.0,0.42000000000000004,1.0,0.6214999999999999,1,2014-01-01,1.0,1.0,2022,0.0
Idaho,2022-11-01,449203.0,2022,310865.0,144.5009891753655,341618,131.49277848356937,2023,11.0,70.0,0.15714285714285714,7.0,35.0,0.2,-0.34285714285714286,0.0,-0.3,0.0,0.313,1,2020-01-01,1.0,1.0,2022,0.0
Indiana,2022-11-01,1998801.0,2022,1222943.3333333333,163.44183295492024,1293314,154.54877933742307,2023,30.0,100.0,0.3,10.0,50.0,0.2,-0.2,0.0,-0.3,0.0,0.40149999999999997,1,2015-02-01,1.0,1.0,2022,1.0
Mississippi,2022-11-01,767417.0,2022,763352.3333333334,100.53247582920423,831252,92.3206199804632,2023,42.0,122.0,0.3442622950819672,16.0,52.0,0.3076923076923077,-0.1557377049180328,0.0,-0.1923076923076923,0.0,0.40249999999999997,0,,0.0,1.0,2022,0.0
North Dakota,2022-11-01,129422.0,2022,108009.83333333333,119.82427525888848,122160,105.94466273739359,2023,12.0,94.0,0.1276595744680851,4.0,47.0,0.0851063829787234,-0.37234042553191493,0.0,-0.4148936170212766,0.0,0.314,1,2014-01-01,1.0,1.0,2022,0.0
Ohio,2022-11-01,3337867.0,2022,2189097.1666666665,152.47687726363296,2296371,145.35399549985607,2023,32.0,99.0,0.32323232323232326,7.0,33.0,0.21212121212121213,-0.17676767676767674,0.0,-0.28787878787878785,0.0,0.447,1,2014-01-01,1.0,1.0,2022,0.0
Oklahoma,2022-11-01,1284364.0,2022,914514.8333333334,140.44211785156025,885167,145.0984955381301,2023,20.0,101.0,0.19801980198019803,8.0,48.0,0.16666666666666666,-0.30198019801980197,0.0,-0.33333333333333337,0.0,0.319,1,2021-07-01,1.0,1.0,2022,0.0
Oregon,2022-11-01,1368797.0,2022,740008.8333333334,184.97035958804994,797451,171.646533768219,2023,35.0,60.0,0.5833333333333334,17.0,30.0,0.5666666666666667,0.08333333333333337,1.0,0.06666666666666665,1.0,0.5605,1,2014-01-01,1.0,1.0,2022,0.0
Rhode Island,2022-11-01,360705.0,2022,165881.0,217.4480501082101,188712,191.14046801475263,2023,64.0,75.0,0.8533333333333334,33.0,38.0,0.868421052631579,0.3533333333333334,1.0,0.368421052631579,1.0,0.5865,1,2014-01-01,1.0,1.0,2022,0.0
South Carolina,2022-11-01,1301629.0,2022,1059991.1666666667,122.79621198101178,1124024,115.80081919959004,2023,36.0,124.0,0.2903225806451613,16.0,46.0,0.34782608695652173,-0.2096774193548387,0.0,-0.15217391304347827,0.0,0.423,0,,0.0,1.0,2022,0.0
South Dakota,2022-11-01,143905.0,2022,158636.5,90.71367560429032,166237,86.56616758002129,2023,7.0,70.0,0.1,4.0,35.0,0.11428571428571428,-0.4,0.0,-0.38571428571428573,0.0,0.34950000000000003,1,2023-07-01,0.0,1.0,2022,0.0
Tennessee,2022-11-01,1754979.0,2022,1390619.0,126.20128158755202,1514870,115.850138955818,2023,24.0,99.0,0.24242424242424243,6.0,33.0,0.18181818181818182,-0.25757575757575757,0.0,-0.3181818181818182,0.0,0.364,0,,0.0,1.0,2022,0.0
Texas,2022-11-01,5793125.0,2022,6034399.833333333,96.00167638875106,6299251,91.9652987315476,2023,64.0,150.0,0.4266666666666667,12.0,31.0,0.3870967741935484,-0.0733333333333333,0.0,-0.11290322580645162,0.0,0.455,0,,0.0,1.0,2022,0.0
Utah,2022-11-01,478470.0,2022,447025.6666666667,107.03412257461726,456764,104.75212582427686,2023,14.0,75.0,0.18666666666666668,6.0,29.0,0.20689655172413793,-0.31333333333333335,0.0,-0.2931034482758621,0.0,0.3825,1,2020-01-01,1.0,1.0,2022,0.0
Wyoming,2022-11-01,82120.0,2022,96533.83333333333,85.06862015562766,93266,88.0492355199108,2023,5.0,62.0,0.08064516129032258,2.0,31.0,0.06451612903225806,-0.41935483870967744,0.0,-0.43548387096774194,0.0,0.263,0,,0.0,1.0,2022,0.0
Alabama,2022-12-01,1163783.0,2022,1118737.0,104.02650488899536,1174119,99.1196803731138,2023,28.0,105.0,0.26666666666666666,7.0,35.0,0.2,-0.23333333333333334,0.0,-0.3,0.0,0.3524583333333333,0,,0.0,1.0,2022,0.0
Arkansas,2022-12-01,1079411.0,2022,709652.5833333334,152.10414579622352,761746,141.70222095029052,2023,18.0,100.0,0.18,6.0,35.0,0.17142857142857143,-0.32,0.0,-0.32857142857142857,0.0,0.3421875,1,2014-01-01,1.0,1.0,2022,0.0
California,2022-12-01,14078007.0,2022,6723509.5,209.38480119645848,7534254,186.85336331904924,2023,62.0,80.0,0.775,32.0,40.0,0.8,0.275,1.0,0.30000000000000004,1.0,0.6172916666666667,1,2014-01-01,1.0,1.0,2022,0.0
Connecticut,2022-12-01,1008718.0,2022,519106.8333333333,194.31799684136953,530145,190.2720953701346,2023,96.0,151.0,0.6357615894039735,24.0,36.0,0.6666666666666666,0.13576158940397354,1.0,0.16666666666666663,1.0,0.5799375,1,2014-01-01,1.0,1.0,2022,0.0
Delaware,2022-12-01,300480.0,2022,146803.66666666666,204.68153611058764,165961,181.05458511337,2023,26.0,41.0,0.6341463414634146,15.0,21.0,0.7142857142857143,0.13414634146341464,1.0,0.2142857142857143,1.0,0.5755833333333333,1,2014-01-01,1.0,1.0,2022,0.0
Florida,2022-12-01,4883951.0,2022,4079935.1666666665,119.70658357275367,4384883,111.38155795719065,2023,35.0,120.0,0.2916666666666667,12.0,40.0,0.3,-0.20833333333333331,0.0,-0.2,0.0,0.45499999999999996,0,,0.0,1.0,2022,0.0
Georgia,2022-12-01,2485394.0,2022,2116398.8333333335,117.43504867111925,2209726,112.47521185884585,2023,79.0,180.0,0.4388888888888889,23.0,56.0,0.4107142857142857,-0.061111111111111116,0.0,-0.0892857142857143,0.0,0.4881875,0,,0.0,1.0,2022,0.0
Hawaii,2022-12-01,459261.0,2022,204389.5,224.69892044356484,185180,248.00788422075817,2023,45.0,51.0,0.8823529411764706,23.0,25.0,0.92,0.38235294117647056,1.0,0.42000000000000004,1.0,0.6207708333333333,1,2014-01-01,1.0,1.0,2022,0.0
Idaho,2022-12-01,452903.0,2022,309014.5,146.56367257847123,341618,132.5758595858532,2023,11.0,70.0,0.15714285714285714,7.0,35.0,0.2,-0.34285714285714286,0.0,-0.3,0.0,0.3122916666666667,1,2020-01-01,1.0,1.0,2022,0.0
Indiana,2022-12-01,2005884.0,2022,1221703.1666666667,164.18750926814053,1293314,155.09644216331068,2023,30.0,100.0,0.3,10.0,50.0,0.2,-0.2,0.0,-0.3,0.0,0.4011458333333333,1,2015-02-01,1.0,1.0,2022,1.0
Mississippi,2022-12-01,770553.0,2022,761433.1666666666,101.19771947592686,831252,92.69788223065929,2023,42.0,122.0,0.3442622950819672,16.0,52.0,0.3076923076923077,-0.1557377049180328,0.0,-0.1923076923076923,0.0,0.4020625,0,,0.0,1.0,2022,0.0
North Dakota,2022-12-01,130665.0,2022,106652.91666666667,122.51423035000606,122160,106.9621807465619,2023,12.0,94.0,0.1276595744680851,4.0,47.0,0.0851063829787234,-0.37234042553191493,0.0,-0.4148936170212766,0.0,0.3139166666666667,1,2014-01-01,1.0,1.0,2022,0.0
Ohio,2022-12-01,3365244.0,2022,2188109.5833333335,153.79686765383283,2296371,146.5461809089211,2023,32.0,99.0,0.32323232323232326,7.0,33.0,0.21212121212121213,-0.17676767676767674,0.0,-0.28787878787878785,0.0,0.4467083333333333,1,2014-01-01,1.0,1.0,2022,0.0
Oklahoma,2022-12-01,1294297.0,2022,915100.9166666666,141.4376246845635,885167,146.220656667047,2023,20.0,101.0,0.19801980198019803,8.0,48.0,0.16666666666666666,-0.30198019801980197,0.0,-0.33333333333333337,0.0,0.31866666666666665,1,2021-07-01,1.0,1.0,2022,0.0
Oregon,2022-12-01,1380287.0,2022,738895.4166666666,186.80410906144252,797451,173.0873746474705,2023,35.0,60.0,0.5833333333333334,17.0,30.0,0.5666666666666667,0.08333333333333337,1.0,0.06666666666666665,1.0,0.5603125,1,2014-01-01,1.0,1.0,2022,0.0
Rhode Island,2022-12-01,362512.0,2022,166120.0,218.2229713460149,188712,192.09801178515409,2023,64.0,75.0,0.8533333333333334,33.0,38.0,0.868421052631579,0.3533333333333334,1.0,0.368421052631579,1.0,0.5861875,1,2014-01-01,1.0,1.0,2022,0.0
South Carolina,2022-12-01,1310679.0,2022,1061514.5833333333,123.47253825606887,1124024,116.60596215027437,2023,36.0,124.0,0.2903225806451613,16.0,46.0,0.34782608695652173,-0.2096774193548387,0.0,-0.15217391304347827,0.0,0.422625,0,,0.0,1.0,2022,0.0
South Dakota,2022-12-01,144718.0,2022,158692.25,91.19411943557421,166237,87.05522837876045,2023,7.0,70.0,0.1,4.0,35.0,0.11428571428571428,-0.4,0.0,-0.38571428571428573,0.0,0.3491458333333333,1,2023-07-01,0.0,1.0,2022,0.0
Tennessee,2022-12-01,1764906.0,2022,1391948.0,126.79396069393395,1514870,116.50544271125575,2023,24.0,99.0,0.24242424242424243,6.0,33.0,0.18181818181818182,-0.25757575757575757,0.0,-0.3181818181818182,0.0,0.363625,0,,0.0,1.0,2022,0.0
Texas,2022-12-01,5825481.0,2022,6028992.916666667,96.62444591526929,6299251,92.47894710021875,2023,64.0,150.0,0.4266666666666667,12.0,31.0,0.3870967741935484,-0.0733333333333333,0.0,-0.11290322580645162,0.0,0.4545416666666667,0,,0.0,1.0,2022,0.0
Utah,2022-12-01,482074.0,2022,449245.3333333333,107.30751423127379,456764,105.54115473198414,2023,14.0,75.0,0.18666666666666668,6.0,29.0,0.20689655172413793,-0.31333333333333335,0.0,-0.2931034482758621,0.0,0.3828125,1,2020-01-01,1.0,1.0,2022,0.0
Wyoming,2022-12-01,83301.0,2022,96292.41666666667,86.50836990451826,93266,89.31550618660606,2023,5.0,62.0,0.08064516129032258,2.0,31.0,0.06451612903225806,-0.41935483870967744,0.0,-0.43548387096774194,0.0,0.2627916666666667,0,,0.0,1.0,2022,0.0
Alabama,2023-01-01,1170867.0,2023,1116599.0,104.86011540400806,1174119,99.72302637126221,2023,28.0,105.0,0.26666666666666666,7.0,35.0,0.2,-0.23333333333333334,0.0,-0.3,0.0,0.35191666666666666,0,,0.0,1.0,2023,0.0
Arkansas,2023-01-01,1086615.0,2023,706692.0,153.76076140666655,761746,142.64794301512578,2023,18.0,100.0,0.18,6.0,35.0,0.17142857142857143,-0.32,0.0,-0.32857142857142857,0.0,0.341875,1,2014-01-01,1.0,1.0,2023,0.0
California,2023-01-01,14176618.0,2023,6705321.0,211.42340538208387,7534254,188.16219893834213,2023,62.0,80.0,0.775,32.0,40.0,0.8,0.275,1.0,0.30000000000000004,1.0,0.6165833333333334,1,2014-01-01,1.0,1.0,2023,0.0
Connecticut,2023-01-01,1012131.0,2023,520053.0,194.62074057836415,530145,190.9158815041168,2023,96.0,151.0,0.6357615894039735,24.0,36.0,0.6666666666666666,0.13576158940397354,1.0,0.16666666666666663,1.0,0.579375,1,2014-01-01,1.0,1.0,2023,0.0
Delaware,2023-01-01,303192.0,2023,147229.0,205.93225519428918,165961,182.68870397262006,2023,26.0,41.0,0.6341463414634146,15.0,21.0,0.7142857142857143,0.13414634146341464,1.0,0.2142857142857143,1.0,0.5751666666666666,1,2014-01-01,1.0,1.0,2023,0.0
Florida,2023-01-01,4924826.0,2023,4070991.0,120.9736400792829,4384883,112.31373790361113,2023,35.0,120.0,0.2916666666666667,12.0,40.0,0.3,-0.20833333333333331,0.0,-0.2,0.0,0.45399999999999996,0,,0.0,1.0,2023,0.0
Georgia,2023-01-01,2491677.0,2023,2123949.0,117.31341006775587,2209726,112.75954575363643,2023,79.0,180.0,0.4388888888888889,23.0,56.0,0.4107142857142857,-0.061111111111111116,0.0,-0.0892857142857143,0.0,0.487875,0,,0.0,1.0,2023,1.0
Hawaii,2023-01-01,461990.0,2023,203721.0,226.77583557905172,185180,249.48158548439358,2023,45.0,51.0,0.8823529411764706,23.0,25.0,0.92,0.38235294117647056,1.0,0.42000000000000004,1.0,0.6200416666666667,1,2014-01-01,1.0,1.0,2023,0.0
Idaho,2023-01-01,455548.0,2023,307164.0,148.30774439712988,341618,133.35011621167502,2023,11.0,70.0,0.15714285714285714,7.0,35.0,0.2,-0.34285714285714286,0.0,-0.3,0.0,0.3115833333333333,1,2020-01-01,1.0,1.0,2023,0.0
Indiana,2023-01-01,2025386.0,2023,1220463.0,165.9522656565582,1293314,156.60435130215865,2023,30.0,100.0,0.3,10.0,50.0,0.2,-0.2,0.0,-0.3,0.0,0.40079166666666666,1,2015-02-01,1.0,1.0,2023,1.0
Mississippi,2023-01-01,775336.0,2023,759514.0,102.0831742403695,831252,93.2732793424858,2023,42.0,122.0,0.3442622950819672,16.0,52.0,0.3076923076923077,-0.1557377049180328,0.0,-0.1923076923076923,0.0,0.401625,0,,0.0,1.0,2023,0.0
North Dakota,2023-01-01,131872.0,2023,105296.0,125.23932533049688,122160,107.9502292075966,2023,12.0,94.0,0.1276595744680851,4.0,47.0,0.0851063829787234,-0.37234042553191493,0.0,-0.4148936170212766,0.0,0.31383333333333335,1,2014-01-01,1.0,1.0,2023,0.0
Ohio,2023-01-01,3386997.0,2023,2187122.0,154.86090853642366,2296371,147.49345815636934,2023,32.0,99.0,0.32323232323232326,7.0,33.0,0.21212121212121213,-0.17676767676767674,0.0,-0.28787878787878785,0.0,0.4464166666666667,1,2014-01-01,1.0,1.0,2023,0.0
Oklahoma,2023-01-01,1304067.0,2023,915687.0,142.4140563314757,885167,147.3244031917141,2023,20.0,101.0,0.19801980198019803,8.0,48.0,0.16666666666666666,-0.30198019801980197,0.0,-0.33333333333333337,0.0,0.31833333333333336,1,2021-07-01,1.0,1.0,2023,0.0
Oregon,2023-01-01,1391681.0,2023,737782.0,188.63038133215503,797451,174.51617716950634,2023,35.0,60.0,0.5833333333333334,17.0,30.0,0.5666666666666667,0.08333333333333337,1.0,0.06666666666666665,1.0,0.560125,1,2014-01-01,1.0,1.0,2023,0.0
Rhode Island,2023-01-01,365005.0,2023,166359.0,219.40802721824485,188712,193.41907244902285,2023,64.0,75.0,0.8533333333333334,33.0,38.0,0.868421052631579,0.3533333333333334,1.0,0.368421052631579,1.0,0.5858749999999999,1,2014-01-01,1.0,1.0,2023,0.0
South Carolina,2023-01-01,1310180.0,2023,1063038.0,123.24865150634314,1124024,116.56156808039685,2023,36.0,124.0,0.2903225806451613,16.0,46.0,0.34782608695652173,-0.2096774193548387,0.0,-0.15217391304347827,0.0,0.42225,0,,0.0,1.0,2023,0.0
South Dakota,2023-01-01,145612.0,2023,158748.0,91.72525008189079,166237,87.59301479213411,2023,7.0,70.0,0.1,4.0,35.0,0.11428571428571428,-0.4,0.0,-0.38571428571428573,0.0,0.34879166666666667,1,2023-07-01,0.0,1.0,2023,0.0
Tennessee,2023-01-01,1785811.0,2023,1393277.0,128.17343572024802,1514870,117.88542911272914,2023,24.0,99.0,0.24242424242424243,6.0,33.0,0.18181818181818182,-0.25757575757575757,0.0,-0.3181818181818182,0.0,0.36324999999999996,0,,0.0,1.0,2023,0.0
Texas,2023-01-01,5861225.0,2023,6023586.0,97.304579033154,6299251,93.04637964100812,2023,64.0,150.0,0.4266666666666667,12.0,31.0,0.3870967741935484,-0.0733333333333333,0.0,-0.11290322580645162,0.0,0.45408333333333334,0,,0.0,1.0,2023,0.0
Utah,2023-01-01,482339.0,2023,451465.0,106.83862536409245,456764,105.59917156343319,2023,14.0,75.0,0.18666666666666668,6.0,29.0,0.20689655172413793,-0.31333333333333335,0.0,-0.2931034482758621,0.0,0.383125,1,2020-01-01,1.0,1.0,2023,0.0
Wyoming,2023-01-01,83979.0,2023,96051.0,87.43167692163539,93266,90.04245920271052,2023,5.0,62.0,0.08064516129032258,2.0,31.0,0.06451612903225806,-0.41935483870967744,0.0,-0.43548387096774194,0.0,0.26258333333333334,0,,0.0,1.0,2023,0.0
Alabama,2023-02-01,1189507.0,2023,1116599.0,106.52947029327449,1174119,101.31059969219474,2023,28.0,105.0,0.26666666666666666,7.0,35.0,0.2,-0.23333333333333334,0.0,-0.3,0.0,0.351375,0,,0.0,1.0,2023,0.0
Arkansas,2023-02-01,1085727.0,2023,706692.0,153.63510553395255,761746,142.53136872395785,2023,18.0,100.0,0.18,6.0,35.0,0.17142857142857143,-0.32,0.0,-0.32857142857142857,0.0,0.3415625,1,2014-01-01,1.0,1.0,2023,0.0
California,2023-02-01,14218802.0,2023,6705321.0,212.05251769452946,7534254,188.72209511386265,2023,62.0,80.0,0.775,32.0,40.0,0.8,0.275,1.0,0.30000000000000004,1.0,0.615875,1,2014-01-01,1.0,1.0,2023,0.0
Connecticut,2023-02-01,1016060.0,2023,520053.0,195.37624049856456,530145,191.65699950013675,2023,96.0,151.0,0.6357615894039735,24.0,36.0,0.6666666666666666,0.13576158940397354,1.0,0.16666666666666663,1.0,0.5788125,1,2014-01-01,1.0,1.0,2023,0.0
Delaware,2023-02-01,305292.0,2023,147229.0,207.35860462273058,165961,183.95406149637566,2023,26.0,41.0,0.6341463414634146,15.0,21.0,0.7142857142857143,0.13414634146341464,1.0,0.2142857142857143,1.0,0.57475,1,2014-01-01,1.0,1.0,2023,0.0
Florida,2023-02-01,4949019.0,2023,4070991.0,121.56791798360645,4384883,112.86547440376403,2023,35.0,120.0,0.2916666666666667,12.0,40.0,0.3,-0.20833333333333331,0.0,-0.2,0.0,0.45299999999999996,0,,0.0,1.0,2023,0.0
Georgia,2023-02-01,2502475.0,2023,2123949.0,117.82180268923594,2209726,113.24820362343566,2023,79.0,180.0,0.4388888888888889,23.0,56.0,0.4107142857142857,-0.061111111111111116,0.0,-0.0892857142857143,0.0,0.4875625,0,,0.0,1.0,2023,1.0
Hawaii,2023-02-01,463842.0,2023,203721.0,227.68492202571164,185180,250.48169348741766,2023,45.0,51.0,0.8823529411764706,23.0,25.0,0.92,0.38235294117647056,1.0,0.42000000000000004,1.0,0.6193125,1,2014-01-01,1.0,1.0,2023,0.0
Idaho,2023-02-01,457355.0,2023,307164.0,148.89602948262166,341618,133.87906960406067,2023,11.0,70.0,0.15714285714285714,7.0,35.0,0.2,-0.34285714285714286,0.0,-0.3,0.0,0.310875,1,2020-01-01,1.0,1.0,2023,0.0
Indiana,2023-02-01,2038189.0,2023,1220463.0,167.00129377129826,1293314,157.5942887806055,2023,30.0,100.0,0.3,10.0,50.0,0.2,-0.2,0.0,-0.3,0.0,0.4004375,1,2015-02-01,1.0,1.0,2023,1.0
Mississippi,2023-02-01,778882.0,2023,759514.0,102.550051743615,831252,93.69986478228022,2023,42.0,122.0,0.3442622950819672,16.0,52.0,0.3076923076923077,-0.1557377049180328,0.0,-0.1923076923076923,0.0,0.4011875,0,,0.0,1.0,2023,0.0
North Dakota,2023-02-01,133441.0,2023,105296.0,126.72941042394771,122160,109.23461034708579,2023,12.0,94.0,0.1276595744680851,4.0,47.0,0.0851063829787234,-0.37234042553191493,0.0,-0.4148936170212766,0.0,0.31375,1,2014-01-01,1.0,1.0,2023,0.0
Ohio,2023-02-01,3403221.0,2023,2187122.0,155.6027052903313,2296371,148.1999642043903,2023,32.0,99.0,0.32323232323232326,7.0,33.0,0.21212121212121213,-0.17676767676767674,0.0,-0.28787878787878785,0.0,0.446125,1,2014-01-01,1.0,1.0,2023,0.0
Oklahoma,2023-02-01,1315882.0,2023,915687.0,143.70434438842094,885167,148.6591795672455,2023,20.0,101.0,0.19801980198019803,8.0,48.0,0.16666666666666666,-0.30198019801980197,0.0,-0.33333333333333337,0.0,0.318,1,2021-07-01,1.0,1.0,2023,0.0
Oregon,2023-02-01,1397824.0,2023,737782.0,189.46301210926805,797451,175.28650663175543,2023,35.0,60.0,0.5833333333333334,17.0,30.0,0.5666666666666667,0.08333333333333337,1.0,0.06666666666666665,1.0,0.5599375,1,2014-01-01,1.0,1.0,2023,0.0
Rhode Island,2023-02-01,368307.0,2023,166359.0,221.3928912772979,188712,195.16882869133917,2023,64.0,75.0,0.8533333333333334,33.0,38.0,0.868421052631579,0.3533333333333334,1.0,0.368421052631579,1.0,0.5855625,1,2014-01-01,1.0,1.0,2023,0.0
South Carolina,2023-02-01,1316085.0,2023,1063038.0,123.8041349415543,1124024,117.0869127349594,2023,36.0,124.0,0.2903225806451613,16.0,46.0,0.34782608695652173,-0.2096774193548387,0.0,-0.15217391304347827,0.0,0.421875,0,,0.0,1.0,2023,0.0
South Dakota,2023-02-01,146234.0,2023,158748.0,92.11706604177691,166237,87.96717938846345,2023,7.0,70.0,0.1,4.0,35.0,0.11428571428571428,-0.4,0.0,-0.38571428571428573,0.0,0.3484375,1,2023-07-01,0.0,1.0,2023,0.0
Tennessee,2023-02-01,1793120.0,2023,1393277.0,128.6980263077622,1514870,118.36791275819047,2023,24.0,99.0,0.24242424242424243,6.0,33.0,0.18181818181818182,-0.25757575757575757,0.0,-0.3181818181818182,0.0,0.362875,0,,0.0,1.0,2023,0.0
Texas,2023-02-01,5888220.0,2023,6023586.0,97.75273400263565,6299251,93.47492265350277,2023,64.0,150.0,0.4266666666666667,12.0,31.0,0.3870967741935484,-0.0733333333333333,0.0,-0.11290322580645162,0.0,0.453625,0,,0.0,1.0,2023,0.0
Utah,2023-02-01,486031.0,2023,451465.0,107.65640747344756,456764,106.40746643781034,2023,14.0,75.0,0.18666666666666668,6.0,29.0,0.20689655172413793,-0.31333333333333335,0.0,-0.2931034482758621,0.0,0.3834375,1,2020-01-01,1.0,1.0,2023,0.0
Wyoming,2023-02-01,84746.0,2023,96051.0,88.23021103372167,93266,90.86483820470482,2023,5.0,62.0,0.08064516129032258,2.0,31.0,0.06451612903225806,-0.41935483870967744,0.0,-0.43548387096774194,0.0,0.262375,0,,0.0,1.0,2023,0.0
Alabama,2023-03-01,1197004.0,2023,1116599.0,107.2008841132761,1174119,101.94912100051188,2023,28.0,105.0,0.26666666666666666,7.0,35.0,0.2,-0.23333333333333334,0.0,-0.3,0.0,0.35083333333333333,0,,0.0,1.0,2023,0.0
Arkansas,2023-03-01,1087844.0,2023,706692.0,153.9346702665376,761746,142.80928288432102,2023,18.0,100.0,0.18,6.0,35.0,0.17142857142857143,-0.32,0.0,-0.32857142857142857,0.0,0.34125,1,2014-01-01,1.0,1.0,2023,0.0
California,2023-03-01,14285643.0,2023,6705321.0,213.04935289451467,7534254,189.60925660324168,2023,62.0,80.0,0.775,32.0,40.0,0.8,0.275,1.0,0.30000000000000004,1.0,0.6151666666666666,1,2014-01-01,1.0,1.0,2023,0.0
Connecticut,2023-03-01,1020137.0,2023,520053.0,196.1601990566346,530145,192.42603438681869,2023,96.0,151.0,0.6357615894039735,24.0,36.0,0.6666666666666666,0.13576158940397354,1.0,0.16666666666666663,1.0,0.5782499999999999,1,2014-01-01,1.0,1.0,2023,0.0
Delaware,2023-03-01,306822.0,2023,147229.0,208.39780206345216,165961,184.87596483511186,2023,26.0,41.0,0.6341463414634146,15.0,21.0,0.7142857142857143,0.13414634146341464,1.0,0.2142857142857143,1.0,0.5743333333333333,1,2014-01-01,1.0,1.0,2023,0.0
Florida,2023-03-01,5088076.0,2023,4070991.0,124.98372018017234,4384883,116.03675628289282,2023,35.0,120.0,0.2916666666666667,12.0,40.0,0.3,-0.20833333333333331,0.0,-0.2,0.0,0.452,0,,0.0,1.0,2023,0.0
Georgia,2023-03-01,2511599.0,2023,2123949.0,118.2513798589326,2209726,113.66110549452738,2023,79.0,180.0,0.4388888888888889,23.0,56.0,0.4107142857142857,-0.061111111111111116,0.0,-0.0892857142857143,0.0,0.48724999999999996,0,,0.0,1.0,2023,1.0
Hawaii,2023-03-01,465474.0,2023,203721.0,228.48601764177477,185180,251.3629981639486,2023,45.0,51.0,0.8823529411764706,23.0,25.0,0.92,0.38235294117647056,1.0,0.42000000000000004,1.0,0.6185833333333334,1,2014-01-01,1.0,1.0,2023,0.0
Idaho,2023-03-01,460085.0,2023,307164.0,149.7848055110625,341618,134.6782078227728,2023,11.0,70.0,0.15714285714285714,7.0,35.0,0.2,-0.34285714285714286,0.0,-0.3,0.0,0.31016666666666665,1,2020-01-01,1.0,1.0,2023,0.0
Indiana,2023-03-01,2048631.0,2023,1220463.0,167.85687071218055,1293314,158.40167198375644,2023,30.0,100.0,0.3,10.0,50.0,0.2,-0.2,0.0,-0.3,0.0,0.40008333333333335,1,2015-02-01,1.0,1.0,2023,1.0
Mississippi,2023-03-01,786822.0,2023,759514.0,103.59545709493176,831252,94.65505045401395,2023,42.0,122.0,0.3442622950819672,16.0,52.0,0.3076923076923077,-0.1557377049180328,0.0,-0.1923076923076923,0.0,0.40075,0,,0.0,1.0,2023,0.0
North Dakota,2023-03-01,134458.0,2023,105296.0,127.6952590791673,122160,110.06712508185986,2023,12.0,94.0,0.1276595744680851,4.0,47.0,0.0851063829787234,-0.37234042553191493,0.0,-0.4148936170212766,0.0,0.31366666666666665,1,2014-01-01,1.0,1.0,2023,0.0
Ohio,2023-03-01,3421792.0,2023,2187122.0,156.4518120159735,2296371,149.00867499197648,2023,32.0,99.0,0.32323232323232326,7.0,33.0,0.21212121212121213,-0.17676767676767674,0.0,-0.28787878787878785,0.0,0.44583333333333336,1,2014-01-01,1.0,1.0,2023,0.0
Oklahoma,2023-03-01,1326908.0,2023,915687.0,144.9084676314068,885167,149.9048202203652,2023,20.0,101.0,0.19801980198019803,8.0,48.0,0.16666666666666666,-0.30198019801980197,0.0,-0.33333333333333337,0.0,0.31766666666666665,1,2021-07-01,1.0,1.0,2023,0.0
Oregon,2023-03-01,1404587.0,2023,737782.0,190.3796785500324,797451,176.1345838176891,2023,35.0,60.0,0.5833333333333334,17.0,30.0,0.5666666666666667,0.08333333333333337,1.0,0.06666666666666665,1.0,0.55975,1,2014-01-01,1.0,1.0,2023,0.0
Rhode Island,2023-03-01,370167.0,2023,166359.0,222.51095522334228,188712,196.15445758616303,2023,64.0,75.0,0.8533333333333334,33.0,38.0,0.868421052631579,0.3533333333333334,1.0,0.368421052631579,1.0,0.5852499999999999,1,2014-01-01,1.0,1.0,2023,0.0
South Carolina,2023-03-01,1323486.0,2023,1063038.0,124.50034711835325,1124024,117.74535063308255,2023,36.0,124.0,0.2903225806451613,16.0,46.0,0.34782608695652173,-0.2096774193548387,0.0,-0.15217391304347827,0.0,0.4215,0,,0.0,1.0,2023,0.0
South Dakota,2023-03-01,146957.0,2023,158748.0,92.5725048504548,166237,88.40210061538647,2023,7.0,70.0,0.1,4.0,35.0,0.11428571428571428,-0.4,0.0,-0.38571428571428573,0.0,0.34808333333333336,1,2023-07-01,0.0,1.0,2023,0.0
Tennessee,2023-03-01,1801567.0,2023,1393277.0,129.30429483871478,1514870,118.92551836131153,2023,24.0,99.0,0.24242424242424243,6.0,33.0,0.18181818181818182,-0.25757575757575757,0.0,-0.3181818181818182,0.0,0.3625,0,,0.0,1.0,2023,0.0
Texas,2023-03-01,5922450.0,2023,6023586.0,98.32100014841657,6299251,94.0183205908131,2023,64.0,150.0,0.4266666666666667,12.0,31.0,0.3870967741935484,-0.0733333333333333,0.0,-0.11290322580645162,0.0,0.45316666666666666,0,,0.0,1.0,2023,0.0
Utah,2023-03-01,486792.0,2023,451465.0,107.82496982047334,456764,106.57407326321689,2023,14.0,75.0,0.18666666666666668,6.0,29.0,0.20689655172413793,-0.31333333333333335,0.0,-0.2931034482758621,0.0,0.38375000000000004,1,2020-01-01,1.0,1.0,2023,0.0
Wyoming,2023-03-01,85018.0,2023,96051.0,88.51339392614341,93266,91.15647717281753,2023,5.0,62.0,0.08064516129032258,2.0,31.0,0.06451612903225806,-0.41935483870967744,0.0,-0.43548387096774194,0.0,0.26216666666666666,0,,0.0,1.0,2023,0.0
Alabama,2023-04-01,1201648.0,2023,1116599.0,107.61678991294099,1174119,102.34465160686439,2023,28.0,105.0,0.26666666666666666,7.0,35.0,0.2,-0.23333333333333334,0.0,-0.3,0.0,0.35029166666666667,0,,0.0,1.0,2023,0.0
Arkansas,2023-04-01,1073908.0,2023,706692.0,151.96266548935037,761746,140.9798016661722,2023,18.0,100.0,0.18,6.0,35.0,0.17142857142857143,-0.32,0.0,-0.32857142857142857,0.0,0.3409375,1,2014-01-01,1.0,1.0,2023,0.0
California,2023-04-01,14344876.0,2023,6705321.0,213.93272596494634,7534254,190.39543928303985,2023,62.0,80.0,0.775,32.0,40.0,0.8,0.275,1.0,0.30000000000000004,1.0,0.6144583333333333,1,2014-01-01,1.0,1.0,2023,0.0
Connecticut,2023-04-01,1021298.0,2023,520053.0,196.383445533436,530145,192.64503107640363,2023,96.0,151.0,0.6357615894039735,24.0,36.0,0.6666666666666666,0.13576158940397354,1.0,0.16666666666666663,1.0,0.5776874999999999,1,2014-01-01,1.0,1.0,2023,0.0
Delaware,2023-04-01,308105.0,2023,147229.0,209.2692336428285,165961,185.64903802700633,2023,26.0,41.0,0.6341463414634146,15.0,21.0,0.7142857142857143,0.13414634146341464,1.0,0.2142857142857143,1.0,0.5739166666666666,1,2014-01-01,1.0,1.0,2023,0.0
Florida,2023-04-01,5118562.0,2023,4070991.0,125.73257961022266,4384883,116.7320085849497,2023,35.0,120.0,0.2916666666666667,12.0,40.0,0.3,-0.20833333333333331,0.0,-0.2,0.0,0.451,0,,0.0,1.0,2023,0.0
Georgia,2023-04-01,2542085.0,2023,2123949.0,119.68672505789924,2209726,115.04073355701114,2023,79.0,180.0,0.4388888888888889,23.0,56.0,0.4107142857142857,-0.061111111111111116,0.0,-0.0892857142857143,0.0,0.48693749999999997,0,,0.0,1.0,2023,1.0
Hawaii,2023-04-01,461504.0,2023,203721.0,226.5372740169153,185180,249.2191381358678,2023,45.0,51.0,0.8823529411764706,23.0,25.0,0.92,0.38235294117647056,1.0,0.42000000000000004,1.0,0.6178541666666667,1,2014-01-01,1.0,1.0,2023,0.0
Idaho,2023-04-01,443371.0,2023,307164.0,144.34341263950202,341618,129.78560848667223,2023,11.0,70.0,0.15714285714285714,7.0,35.0,0.2,-0.34285714285714286,0.0,-0.3,0.0,0.30945833333333334,1,2020-01-01,1.0,1.0,2023,0.0
Indiana,2023-04-01,2059657.0,2023,1220463.0,168.7602983457917,1293314,159.25421050108483,2023,30.0,100.0,0.3,10.0,50.0,0.2,-0.2,0.0,-0.3,0.0,0.3997291666666667,1,2015-02-01,1.0,1.0,2023,1.0
Mississippi,2023-04-01,791146.0,2023,759514.0,104.16476852302921,831252,95.17522965358279,2023,42.0,122.0,0.3442622950819672,16.0,52.0,0.3076923076923077,-0.1557377049180328,0.0,-0.1923076923076923,0.0,0.4003125,0,,0.0,1.0,2023,0.0
North Dakota,2023-04-01,135554.0,2023,105296.0,128.73613432609025,122160,110.96430910281599,2023,12.0,94.0,0.1276595744680851,4.0,47.0,0.0851063829787234,-0.37234042553191493,0.0,-0.4148936170212766,0.0,0.3135833333333333,1,2014-01-01,1.0,1.0,2023,0.0
Ohio,2023-04-01,3446663.0,2023,2187122.0,157.5889685166168,2296371,150.09173169318024,2023,32.0,99.0,0.32323232323232326,7.0,33.0,0.21212121212121213,-0.17676767676767674,0.0,-0.28787878787878785,0.0,0.44554166666666667,1,2014-01-01,1.0,1.0,2023,0.0
Oklahoma,2023-04-01,1336866.0,2023,915687.0,145.9959571338241,885167,151.0298056750873,2023,20.0,101.0,0.19801980198019803,8.0,48.0,0.16666666666666666,-0.30198019801980197,0.0,-0.33333333333333337,0.0,0.31733333333333336,1,2021-07-01,1.0,1.0,2023,0.0
Oregon,2023-04-01,1411181.0,2023,737782.0,191.2734384953821,797451,176.96146847894104,2023,35.0,60.0,0.5833333333333334,17.0,30.0,0.5666666666666667,0.08333333333333337,1.0,0.06666666666666665,1.0,0.5595625,1,2014-01-01,1.0,1.0,2023,0.0
Rhode Island,2023-04-01,372312.0,2023,166359.0,223.8003354191838,188712,197.2911102632583,2023,64.0,75.0,0.8533333333333334,33.0,38.0,0.868421052631579,0.3533333333333334,1.0,0.368421052631579,1.0,0.5849375,1,2014-01-01,1.0,1.0,2023,0.0
South Carolina,2023-04-01,1328045.0,2023,1063038.0,124.92921231414115,1124024,118.1509469548693,2023,36.0,124.0,0.2903225806451613,16.0,46.0,0.34782608695652173,-0.2096774193548387,0.0,-0.15217391304347827,0.0,0.42112499999999997,0,,0.0,1.0,2023,0.0
South Dakota,2023-04-01,133859.0,2023,158748.0,84.32169224179202,166237,80.52298826374394,2023,7.0,70.0,0.1,4.0,35.0,0.11428571428571428,-0.4,0.0,-0.38571428571428573,0.0,0.3477291666666667,1,2023-07-01,0.0,1.0,2023,0.0
Tennessee,2023-04-01,1812491.0,2023,1393277.0,130.08834567713384,1514870,119.6466363450329,2023,24.0,99.0,0.24242424242424243,6.0,33.0,0.18181818181818182,-0.25757575757575757,0.0,-0.3181818181818182,0.0,0.362125,0,,0.0,1.0,2023,0.0
Texas,2023-04-01,5950574.0,2023,6023586.0,98.78789810587912,6299251,94.4647863690461,2023,64.0,150.0,0.4266666666666667,12.0,31.0,0.3870967741935484,-0.0733333333333333,0.0,-0.11290322580645162,0.0,0.4527083333333333,0,,0.0,1.0,2023,0.0
Utah,2023-04-01,488964.0,2023,451465.0,108.30607023800295,456764,107.04959234965979,2023,14.0,75.0,0.18666666666666668,6.0,29.0,0.20689655172413793,-0.31333333333333335,0.0,-0.2931034482758621,0.0,0.38406250000000003,1,2020-01-01,1.0,1.0,2023,0.0
Wyoming,2023-04-01,85281.0,2023,96051.0,88.78720679638941,93266,91.4384663221324,2023,5.0,62.0,0.08064516129032258,2.0,31.0,0.06451612903225806,-0.41935483870967744,0.0,-0.43548387096774194,0.0,0.26195833333333335,0,,0.0,1.0,2023,0.0
Alabama,2023-05-01,1198884.0,2023,1116599.0,107.3692525248545,1174119,102.10924105648576,2023,28.0,105.0,0.26666666666666666,7.0,35.0,0.2,-0.23333333333333334,0.0,-0.3,0.0,0.34975,0,,0.0,0.0,2023,0.0
Arkansas,2023-05-01,1024969.0,2023,706692.0,145.03758355832528,761746,134.5552191937995,2023,18.0,100.0,0.18,6.0,35.0,0.17142857142857143,-0.32,0.0,-0.32857142857142857,0.0,0.340625,1,2014-01-01,1.0,0.0,2023,0.0
California,2023-05-01,14401941.0,2023,6705321.0,214.7837665042434,7534254,191.15284671846743,2023,62.0,80.0,0.775,32.0,40.0,0.8,0.275,1.0,0.30000000000000004,1.0,0.61375,1,2014-01-01,1.0,0.0,2023,0.0
Connecticut,2023-05-01,1008465.0,2023,520053.0,193.91581242681036,530145,190.22437257731374,2023,96.0,151.0,0.6357615894039735,24.0,36.0,0.6666666666666666,0.13576158940397354,1.0,0.16666666666666663,1.0,0.577125,1,2014-01-01,1.0,0.0,2023,0.0
Delaware,2023-05-01,309636.0,2023,147229.0,210.30911029756365,165961,186.57154391694434,2023,26.0,41.0,0.6341463414634146,15.0,21.0,0.7142857142857143,0.13414634146341464,1.0,0.2142857142857143,1.0,0.5734999999999999,1,2014-01-01,1.0,0.0,2023,0.0
Florida,2023-05-01,4862823.0,2023,4070991.0,119.45059569033683,4384883,110.89972069950326,2023,35.0,120.0,0.2916666666666667,12.0,40.0,0.3,-0.20833333333333331,0.0,-0.2,0.0,0.45,0,,0.0,0.0,2023,0.0
Georgia,2023-05-01,2552798.0,2023,2123949.0,120.19111570004742,2209726,115.52554479605163,2023,79.0,180.0,0.4388888888888889,23.0,56.0,0.4107142857142857,-0.061111111111111116,0.0,-0.0892857142857143,0.0,0.486625,0,,0.0,0.0,2023,1.0
Hawaii,2023-05-01,461349.0,2023,203721.0,226.46118956808579,185180,249.13543579220217,2023,45.0,51.0,0.8823529411764706,23.0,25.0,0.92,0.38235294117647056,1.0,0.42000000000000004,1.0,0.617125,1,2014-01-01,1.0,0.0,2023,0.0
Idaho,2023-05-01,432712.0,2023,307164.0,140.87327942076547,341618,126.66545673822809,2023,11.0,70.0,0.15714285714285714,7.0,35.0,0.2,-0.34285714285714286,0.0,-0.3,0.0,0.30874999999999997,1,2020-01-01,1.0,0.0,2023,0.0
Indiana,2023-05-01,2056226.0,2023,1220463.0,168.47917552600939,1293314,158.98892303029274,2023,30.0,100.0,0.3,10.0,50.0,0.2,-0.2,0.0,-0.3,0.0,0.399375,1,2015-02-01,1.0,0.0,2023,1.0
Mississippi,2023-05-01,794342.0,2023,759514.0,104.58556392640557,831252,95.55970993152498,2023,42.0,122.0,0.3442622950819672,16.0,52.0,0.3076923076923077,-0.1557377049180328,0.0,-0.1923076923076923,0.0,0.399875,0,,0.0,0.0,2023,0.0
North Dakota,2023-05-01,136252.0,2023,105296.0,129.39902750341895,122160,111.53569089718403,2023,12.0,94.0,0.1276595744680851,4.0,47.0,0.0851063829787234,-0.37234042553191493,0.0,-0.4148936170212766,0.0,0.3135,1,2014-01-01,1.0,0.0,2023,0.0
Ohio,2023-05-01,3405703.0,2023,2187122.0,155.71618775724446,2296371,148.3080477849616,2023,32.0,99.0,0.32323232323232326,7.0,33.0,0.21212121212121213,-0.17676767676767674,0.0,-0.28787878787878785,0.0,0.44525000000000003,1,2014-01-01,1.0,0.0,2023,0.0
Oklahoma,2023-05-01,1313103.0,2023,915687.0,143.40085640617372,885167,148.3452275107409,2023,20.0,101.0,0.19801980198019803,8.0,48.0,0.16666666666666666,-0.30198019801980197,0.0,-0.33333333333333337,0.0,0.317,1,2021-07-01,1.0,0.0,2023,0.0
Oregon,2023-05-01,1417860.0,2023,737782.0,192.17871945913564,797451,177.799012102311,2023,35.0,60.0,0.5833333333333334,17.0,30.0,0.5666666666666667,0.08333333333333337,1.0,0.06666666666666665,1.0,0.559375,1,2014-01-01,1.0,0.0,2023,0.0
Rhode Island,2023-05-01,373989.0,2023,166359.0,224.808396299569,188712,198.1797659926237,2023,64.0,75.0,0.8533333333333334,33.0,38.0,0.868421052631579,0.3533333333333334,1.0,0.368421052631579,1.0,0.584625,1,2014-01-01,1.0,0.0,2023,0.0
South Carolina,2023-05-01,1334277.0,2023,1063038.0,125.51545664407104,1124024,118.70538351494272,2023,36.0,124.0,0.2903225806451613,16.0,46.0,0.34782608695652173,-0.2096774193548387,0.0,-0.15217391304347827,0.0,0.42074999999999996,0,,0.0,0.0,2023,0.0
South Dakota,2023-05-01,125793.0,2023,158748.0,79.24068334719178,166237,75.6708795274217,2023,7.0,70.0,0.1,4.0,35.0,0.11428571428571428,-0.4,0.0,-0.38571428571428573,0.0,0.347375,1,2023-07-01,0.0,0.0,2023,0.0
Tennessee,2023-05-01,1814686.0,2023,1393277.0,130.24588793183264,1514870,119.79153326688099,2023,24.0,99.0,0.24242424242424243,6.0,33.0,0.18181818181818182,-0.25757575757575757,0.0,-0.3181818181818182,0.0,0.36175,0,,0.0,0.0,2023,0.0
Texas,2023-05-01,5976306.0,2023,6023586.0,99.2150854989038,6299251,94.87327937877059,2023,64.0,150.0,0.4266666666666667,12.0,31.0,0.3870967741935484,-0.0733333333333333,0.0,-0.11290322580645162,0.0,0.45225000000000004,0,,0.0,0.0,2023,0.0
Utah,2023-05-01,470162.0,2023,451465.0,104.14140631056672,456764,102.93324342548887,2023,14.0,75.0,0.18666666666666668,6.0,29.0,0.20689655172413793,-0.31333333333333335,0.0,-0.2931034482758621,0.0,0.384375,1,2020-01-01,1.0,0.0,2023,0.0
Wyoming,2023-05-01,85193.0,2023,96051.0,88.69558880178239,93266,91.34411253833122,2023,5.0,62.0,0.08064516129032258,2.0,31.0,0.06451612903225806,-0.41935483870967744,0.0,-0.43548387096774194,0.0,0.26175000000000004,0,,0.0,0.0,2023,0.0
Alabama,2023-06-01,1204334.0,2023,1116599.0,107.85734180310031,1174119,102.57341887832494,2023,28.0,105.0,0.26666666666666666,7.0,35.0,0.2,-0.23333333333333334,0.0,-0.3,0.0,0.34920833333333334,0,,0.0,0.0,2023,0.0
Arkansas,2023-06-01,982471.0,2023,706692.0,139.02393121756012,761746,128.97619416445903,2023,18.0,100.0,0.18,6.0,35.0,0.17142857142857143,-0.32,0.0,-0.32857142857142857,0.0,0.3403125,1,2014-01-01,1.0,0.0,2023,0.0
California,2023-06-01,14462560.0,2023,6705321.0,215.687809726037,7534254,191.95742538013718,2023,62.0,80.0,0.775,32.0,40.0,0.8,0.275,1.0,0.30000000000000004,1.0,0.6130416666666667,1,2014-01-01,1.0,0.0,2023,0.0
Connecticut,2023-06-01,1000711.0,2023,520053.0,192.42481054815568,530145,188.7617538597931,2023,96.0,151.0,0.6357615894039735,24.0,36.0,0.6666666666666666,0.13576158940397354,1.0,0.16666666666666663,1.0,0.5765625,1,2014-01-01,1.0,0.0,2023,0.0
Delaware,2023-06-01,309753.0,2023,147229.0,210.38857833714823,165961,186.6420424075536,2023,26.0,41.0,0.6341463414634146,15.0,21.0,0.7142857142857143,0.13414634146341464,1.0,0.2142857142857143,1.0,0.5730833333333333,1,2014-01-01,1.0,0.0,2023,0.0
Florida,2023-06-01,4717983.0,2023,4070991.0,115.89273963022764,4384883,107.59655388752675,2023,35.0,120.0,0.2916666666666667,12.0,40.0,0.3,-0.20833333333333331,0.0,-0.2,0.0,0.449,0,,0.0,0.0,2023,0.0
Georgia,2023-06-01,2548372.0,2023,2123949.0,119.98273028213013,2209726,115.32524846971977,2023,79.0,180.0,0.4388888888888889,23.0,56.0,0.4107142857142857,-0.061111111111111116,0.0,-0.0892857142857143,0.0,0.4863125,0,,0.0,0.0,2023,1.0
Hawaii,2023-06-01,443621.0,2023,203721.0,217.7590920916351,185180,239.56204773733663,2023,45.0,51.0,0.8823529411764706,23.0,25.0,0.92,0.38235294117647056,1.0,0.42000000000000004,1.0,0.6163958333333334,1,2014-01-01,1.0,0.0,2023,0.0
Idaho,2023-06-01,385133.0,2023,307164.0,125.38350848406714,341618,112.73791193672464,2023,11.0,70.0,0.15714285714285714,7.0,35.0,0.2,-0.34285714285714286,0.0,-0.3,0.0,0.30804166666666666,1,2020-01-01,1.0,0.0,2023,0.0
Indiana,2023-06-01,2012845.0,2023,1220463.0,164.924704804652,1293314,155.63467185849686,2023,30.0,100.0,0.3,10.0,50.0,0.2,-0.2,0.0,-0.3,0.0,0.3990208333333333,1,2015-02-01,1.0,0.0,2023,1.0
Mississippi,2023-06-01,796813.0,2023,759514.0,104.91090355148161,831252,95.8569723742018,2023,42.0,122.0,0.3442622950819672,16.0,52.0,0.3076923076923077,-0.1557377049180328,0.0,-0.1923076923076923,0.0,0.3994375,0,,0.0,0.0,2023,0.0
North Dakota,2023-06-01,132222.0,2023,105296.0,125.57172162285366,122160,108.23673870333988,2023,12.0,94.0,0.1276595744680851,4.0,47.0,0.0851063829787234,-0.37234042553191493,0.0,-0.4148936170212766,0.0,0.3134166666666667,1,2014-01-01,1.0,0.0,2023,0.0
Ohio,2023-06-01,3360787.0,2023,2187122.0,153.662530028046,2296371,146.35209206177922,2023,32.0,99.0,0.32323232323232326,7.0,33.0,0.21212121212121213,-0.17676767676767674,0.0,-0.28787878787878785,0.0,0.44495833333333334,1,2014-01-01,1.0,0.0,2023,0.0
Oklahoma,2023-06-01,1288071.0,2023,915687.0,140.6671712058815,885167,145.51728656852322,2023,20.0,101.0,0.19801980198019803,8.0,48.0,0.16666666666666666,-0.30198019801980197,0.0,-0.33333333333333337,0.0,0.31666666666666665,1,2021-07-01,1.0,0.0,2023,0.0
Oregon,2023-06-01,1423935.0,2023,737782.0,193.0021334215256,797451,178.56081439486564,2023,35.0,60.0,0.5833333333333334,17.0,30.0,0.5666666666666667,0.08333333333333337,1.0,0.06666666666666665,1.0,0.5591875000000001,1,2014-01-01,1.0,0.0,2023,0.0
Rhode Island,2023-06-01,372991.0,2023,166359.0,224.2084888704549,188712,197.65091780066982,2023,64.0,75.0,0.8533333333333334,33.0,38.0,0.868421052631579,0.3533333333333334,1.0,0.368421052631579,1.0,0.5843125,1,2014-01-01,1.0,0.0,2023,0.0
South Carolina,2023-06-01,1262925.0,2023,1063038.0,118.80337297443742,1124024,112.3574763528181,2023,36.0,124.0,0.2903225806451613,16.0,46.0,0.34782608695652173,-0.2096774193548387,0.0,-0.15217391304347827,0.0,0.420375,0,,0.0,0.0,2023,0.0
South Dakota,2023-06-01,117908.0,2023,158748.0,74.27369163706,166237,70.9276514855297,2023,7.0,70.0,0.1,4.0,35.0,0.11428571428571428,-0.4,0.0,-0.38571428571428573,0.0,0.34702083333333333,1,2023-07-01,0.0,0.0,2023,0.0
Tennessee,2023-06-01,1797729.0,2023,1393277.0,129.02882915601134,1514870,118.6721632879389,2023,24.0,99.0,0.24242424242424243,6.0,33.0,0.18181818181818182,-0.25757575757575757,0.0,-0.3181818181818182,0.0,0.361375,0,,0.0,0.0,2023,0.0
Texas,2023-06-01,5646527.0,2023,6023586.0,93.74029025235134,6299251,89.63806966891778,2023,64.0,150.0,0.4266666666666667,12.0,31.0,0.3870967741935484,-0.0733333333333333,0.0,-0.11290322580645162,0.0,0.4517916666666667,0,,0.0,0.0,2023,0.0
Utah,2023-06-01,451184.0,2023,451465.0,99.93775818723489,456764,98.77836256797822,2023,14.0,75.0,0.18666666666666668,6.0,29.0,0.20689655172413793,-0.31333333333333335,0.0,-0.2931034482758621,0.0,0.3846875,1,2020-01-01,1.0,0.0,2023,0.0
Wyoming,2023-06-01,84816.0,2023,96051.0,88.30308898397726,93266,90.9398923509103,2023,5.0,62.0,0.08064516129032258,2.0,31.0,0.06451612903225806,-0.41935483870967744,0.0,-0.43548387096774194,0.0,0.2615416666666667,0,,0.0,0.0,2023,0.0
Alabama,2023-07-01,1184172.0,2023,1116599.0,106.05168014658798,1174119,100.85621644824758,2023,28.0,105.0,0.26666666666666666,7.0,35.0,0.2,-0.23333333333333334,0.0,-0.3,0.0,0.3486666666666667,0,,0.0,0.0,2023,0.0
Arkansas,2023-07-01,936514.0,2023,706692.0,132.52081529152727,761746,122.94308076445428,2023,18.0,100.0,0.18,6.0,35.0,0.17142857142857143,-0.32,0.0,-0.32857142857142857,0.0,0.34,1,2014-01-01,1.0,0.0,2023,0.0
California,2023-07-01,14399877.0,2023,6705321.0,214.75298498013743,7534254,191.12545183637292,2023,62.0,80.0,0.775,32.0,40.0,0.8,0.275,1.0,0.30000000000000004,1.0,0.6123333333333333,1,2014-01-01,1.0,0.0,2023,0.0
Connecticut,2023-07-01,996632.0,2023,520053.0,191.6404674138982,530145,187.99234171783192,2023,96.0,151.0,0.6357615894039735,24.0,36.0,0.6666666666666666,0.13576158940397354,1.0,0.16666666666666663,1.0,0.576,1,2014-01-01,1.0,0.0,2023,0.0
Delaware,2023-07-01,310479.0,2023,147229.0,210.88168771098083,165961,187.07949458005194,2023,26.0,41.0,0.6341463414634146,15.0,21.0,0.7142857142857143,0.13414634146341464,1.0,0.2142857142857143,1.0,0.5726666666666667,1,2014-01-01,1.0,0.0,2023,0.0
Florida,2023-07-01,4632565.0,2023,4070991.0,113.79452816279868,4384883,105.6485429599832,2023,35.0,120.0,0.2916666666666667,12.0,40.0,0.3,-0.20833333333333331,0.0,-0.2,0.0,0.448,0,,0.0,0.0,2023,0.0
Georgia,2023-07-01,2539809.0,2023,2123949.0,119.57956617602402,2209726,114.93773436163579,2023,79.0,180.0,0.4388888888888889,23.0,56.0,0.4107142857142857,-0.061111111111111116,0.0,-0.0892857142857143,0.0,0.486,0,,0.0,0.0,2023,1.0
Hawaii,2023-07-01,438194.0,2023,203721.0,215.0951546477781,185180,236.63138567879903,2023,45.0,51.0,0.8823529411764706,23.0,25.0,0.92,0.38235294117647056,1.0,0.42000000000000004,1.0,0.6156666666666667,1,2014-01-01,1.0,0.0,2023,0.0
Idaho,2023-07-01,363567.0,2023,307164.0,118.36250341836933,341618,106.42501273352107,2023,11.0,70.0,0.15714285714285714,7.0,35.0,0.2,-0.34285714285714286,0.0,-0.3,0.0,0.30733333333333335,1,2020-01-01,1.0,0.0,2023,0.0
Indiana,2023-07-01,1978780.0,2023,1220463.0,162.13355095566192,1293314,153.0007407327223,2023,30.0,100.0,0.3,10.0,50.0,0.2,-0.2,0.0,-0.3,0.0,0.39866666666666667,1,2015-02-01,1.0,0.0,2023,1.0
Mississippi,2023-07-01,772413.0,2023,759514.0,101.69832287489105,831252,92.92164109078836,2023,42.0,122.0,0.3442622950819672,16.0,52.0,0.3076923076923077,-0.1557377049180328,0.0,-0.1923076923076923,0.0,0.399,0,,0.0,0.0,2023,0.0
North Dakota,2023-07-01,120309.0,2023,105296.0,114.25790153472117,122160,98.48477406679764,2023,12.0,94.0,0.1276595744680851,4.0,47.0,0.0851063829787234,-0.37234042553191493,0.0,-0.4148936170212766,0.0,0.31333333333333335,1,2014-01-01,1.0,0.0,2023,0.0
Ohio,2023-07-01,3295451.0,2023,2187122.0,150.67522525035184,2296371,143.50690720271245,2023,32.0,99.0,0.32323232323232326,7.0,33.0,0.21212121212121213,-0.17676767676767674,0.0,-0.28787878787878785,0.0,0.44466666666666665,1,2014-01-01,1.0,0.0,2023,0.0
Oklahoma,2023-07-01,1267103.0,2023,915687.0,138.37730578243438,885167,143.14846802919675,2023,20.0,101.0,0.19801980198019803,8.0,48.0,0.16666666666666666,-0.30198019801980197,0.0,-0.33333333333333337,0.0,0.31633333333333336,1,2021-07-01,1.0,0.0,2023,0.0
Oregon,2023-07-01,1462700.0,2023,737782.0,198.25639552062805,797451,183.42192811846746,2023,35.0,60.0,0.5833333333333334,17.0,30.0,0.5666666666666667,0.08333333333333337,1.0,0.06666666666666665,1.0,0.559,1,2014-01-01,1.0,0.0,2023,0.0
Rhode Island,2023-07-01,373260.0,2023,166359.0,224.3701873658774,188712,197.79346305481369,2023,64.0,75.0,0.8533333333333334,33.0,38.0,0.868421052631579,0.3533333333333334,1.0,0.368421052631579,1.0,0.584,1,2014-01-01,1.0,0.0,2023,0.0
South Carolina,2023-07-01,1264991.0,2023,1063038.0,118.9977216242505,1124024,112.54128025736105,2023,36.0,124.0,0.2903225806451613,16.0,46.0,0.34782608695652173,-0.2096774193548387,0.0,-0.15217391304347827,0.0,0.42,0,,0.0,0.0,2023,0.0
South Dakota,2023-07-01,116043.0,2023,158748.0,73.09887368659763,166237,69.80575924733964,2023,7.0,70.0,0.1,4.0,35.0,0.11428571428571428,-0.4,0.0,-0.38571428571428573,0.0,0.3466666666666667,1,2023-07-01,1.0,0.0,2023,0.0
Tennessee,2023-07-01,1783668.0,2023,1393277.0,128.019625673861,1514870,117.74396482866516,2023,24.0,99.0,0.24242424242424243,6.0,33.0,0.18181818181818182,-0.25757575757575757,0.0,-0.3181818181818182,0.0,0.361,0,,0.0,0.0,2023,0.0
Texas,2023-07-01,5627147.0,2023,6023586.0,93.41855499365327,6299251,89.33041404446338,2023,64.0,150.0,0.4266666666666667,12.0,31.0,0.3870967741935484,-0.0733333333333333,0.0,-0.11290322580645162,0.0,0.45133333333333336,0,,0.0,0.0,2023,0.0
Utah,2023-07-01,435900.0,2023,451465.0,96.55233517548426,456764,95.43221444772355,2023,14.0,75.0,0.18666666666666668,6.0,29.0,0.20689655172413793,-0.31333333333333335,0.0,-0.2931034482758621,0.0,0.385,1,2020-01-01,1.0,0.0,2023,0.0
Wyoming,2023-07-01,85818.0,2023,96051.0,89.34628478620733,93266,92.01423884373727,2023,5.0,62.0,0.08064516129032258,2.0,31.0,0.06451612903225806,-0.41935483870967744,0.0,-0.43548387096774194,0.0,0.26133333333333336,0,,0.0,0.0,2023,0.0
Alabama,2023-08-01,1162135.0,2023,1116599.0,104.07809786682596,1174119,98.97931981340903,2023,28.0,105.0,0.26666666666666666,7.0,35.0,0.2,-0.23333333333333334,0.0,-0.3,0.0,0.348125,0,,0.0,0.0,2023,0.0
Arkansas,2023-08-01,892739.0,2023,706692.0,126.32646188155519,761746,117.19641455288246,2023,18.0,100.0,0.18,6.0,35.0,0.17142857142857143,-0.32,0.0,-0.32857142857142857,0.0,0.33968750000000003,1,2014-01-01,1.0,0.0,2023,0.0
California,2023-08-01,14397473.0,2023,6705321.0,214.71713285613023,7534254,191.09354423145277,2023,62.0,80.0,0.775,32.0,40.0,0.8,0.275,1.0,0.30000000000000004,1.0,0.611625,1,2014-01-01,1.0,0.0,2023,0.0
Connecticut,2023-08-01,976859.0,2023,520053.0,187.83835493690066,530145,184.2626073998623,2023,96.0,151.0,0.6357615894039735,24.0,36.0,0.6666666666666666,0.13576158940397354,1.0,0.16666666666666663,1.0,0.5754374999999999,1,2014-01-01,1.0,0.0,2023,0.0
Delaware,2023-08-01,303388.0,2023,147229.0,206.06538114094369,165961,182.8068040081706,2023,26.0,41.0,0.6341463414634146,15.0,21.0,0.7142857142857143,0.13414634146341464,1.0,0.2142857142857143,1.0,0.5722499999999999,1,2014-01-01,1.0,0.0,2023,0.0
Florida,2023-08-01,4506017.0,2023,4070991.0,110.68599758633708,4384883,102.76253665149105,2023,35.0,120.0,0.2916666666666667,12.0,40.0,0.3,-0.20833333333333331,0.0,-0.2,0.0,0.447,0,,0.0,0.0,2023,0.0
Georgia,2023-08-01,2408413.0,2023,2123949.0,113.39316527845067,2209726,108.99147677132821,2023,79.0,180.0,0.4388888888888889,23.0,56.0,0.4107142857142857,-0.061111111111111116,0.0,-0.0892857142857143,0.0,0.4856875,0,,0.0,0.0,2023,1.0
Hawaii,2023-08-01,437390.0,2023,203721.0,214.70049724868815,185180,236.19721352197863,2023,45.0,51.0,0.8823529411764706,23.0,25.0,0.92,0.38235294117647056,1.0,0.42000000000000004,1.0,0.6149375,1,2014-01-01,1.0,0.0,2023,0.0
Idaho,2023-08-01,344660.0,2023,307164.0,112.20715969319322,341618,100.89046830085067,2023,11.0,70.0,0.15714285714285714,7.0,35.0,0.2,-0.34285714285714286,0.0,-0.3,0.0,0.306625,1,2020-01-01,1.0,0.0,2023,0.0
Indiana,2023-08-01,1950151.0,2023,1220463.0,159.78780184241555,1293314,150.78712516836592,2023,30.0,100.0,0.3,10.0,50.0,0.2,-0.2,0.0,-0.3,0.0,0.3983125,1,2015-02-01,1.0,0.0,2023,1.0
Mississippi,2023-08-01,755685.0,2023,759514.0,99.49586182743175,831252,90.90925495517604,2023,42.0,122.0,0.3442622950819672,16.0,52.0,0.3076923076923077,-0.1557377049180328,0.0,-0.1923076923076923,0.0,0.3985625,0,,0.0,0.0,2023,0.0
North Dakota,2023-08-01,122146.0,2023,105296.0,116.00250721774805,122160,99.98853962017027,2023,12.0,94.0,0.1276595744680851,4.0,47.0,0.0851063829787234,-0.37234042553191493,0.0,-0.4148936170212766,0.0,0.31325000000000003,1,2014-01-01,1.0,0.0,2023,0.0
Ohio,2023-08-01,3236545.0,2023,2187122.0,147.98191413190486,2296371,140.94172936341732,2023,32.0,99.0,0.32323232323232326,7.0,33.0,0.21212121212121213,-0.17676767676767674,0.0,-0.28787878787878785,0.0,0.444375,1,2014-01-01,1.0,0.0,2023,0.0
Oklahoma,2023-08-01,1208647.0,2023,915687.0,131.99346501588425,885167,136.5445164584762,2023,20.0,101.0,0.19801980198019803,8.0,48.0,0.16666666666666666,-0.30198019801980197,0.0,-0.33333333333333337,0.0,0.316,1,2021-07-01,1.0,0.0,2023,0.0
Oregon,2023-08-01,1462907.0,2023,737782.0,198.28445258897617,797451,183.44788582621376,2023,35.0,60.0,0.5833333333333334,17.0,30.0,0.5666666666666667,0.08333333333333337,1.0,0.06666666666666665,1.0,0.5588125,1,2014-01-01,1.0,0.0,2023,0.0
Rhode Island,2023-08-01,371940.0,2023,166359.0,223.5767226299749,188712,197.09398448429351,2023,64.0,75.0,0.8533333333333334,33.0,38.0,0.868421052631579,0.3533333333333334,1.0,0.368421052631579,1.0,0.5836874999999999,1,2014-01-01,1.0,0.0,2023,0.0
South Carolina,2023-08-01,1263559.0,2023,1063038.0,118.86301336358625,1124024,112.41388084240194,2023,36.0,124.0,0.2903225806451613,16.0,46.0,0.34782608695652173,-0.2096774193548387,0.0,-0.15217391304347827,0.0,0.41962499999999997,0,,0.0,0.0,2023,0.0
South Dakota,2023-08-01,116080.0,2023,158748.0,73.12218106684809,166237,69.82801662686406,2023,7.0,70.0,0.1,4.0,35.0,0.11428571428571428,-0.4,0.0,-0.38571428571428573,0.0,0.3463125,1,2023-07-01,1.0,0.0,2023,0.0
Tennessee,2023-08-01,1759852.0,2023,1393277.0,126.31027426706964,1514870,116.17181672354724,2023,24.0,99.0,0.24242424242424243,6.0,33.0,0.18181818181818182,-0.25757575757575757,0.0,-0.3181818181818182,0.0,0.360625,0,,0.0,0.0,2023,0.0
Texas,2023-08-01,5539533.0,2023,6023586.0,91.96403936127085,6299251,87.93955027351664,2023,64.0,150.0,0.4266666666666667,12.0,31.0,0.3870967741935484,-0.0733333333333333,0.0,-0.11290322580645162,0.0,0.450875,0,,0.0,0.0,2023,0.0
Utah,2023-08-01,421154.0,2023,451465.0,93.28607976255081,456764,92.20385144188245,2023,14.0,75.0,0.18666666666666668,6.0,29.0,0.20689655172413793,-0.31333333333333335,0.0,-0.2931034482758621,0.0,0.3853125,1,2020-01-01,1.0,0.0,2023,0.0
Wyoming,2023-08-01,76785.0,2023,96051.0,79.94190586251054,93266,82.3290373769648,2023,5.0,62.0,0.08064516129032258,2.0,31.0,0.06451612903225806,-0.41935483870967744,0.0,-0.43548387096774194,0.0,0.261125,0,,0.0,0.0,2023,0.0
Alabama,2023-09-01,1140768.0,2023,1116599.0,102.16451922310516,1174119,97.15948724107182,2023,28.0,105.0,0.26666666666666666,7.0,35.0,0.2,-0.23333333333333334,0.0,-0.3,0.0,0.34758333333333336,0,,0.0,0.0,2023,0.0
Arkansas,2023-09-01,874573.0,2023,706692.0,123.7558936566425,761746,114.81163012342697,2023,18.0,100.0,0.18,6.0,35.0,0.17142857142857143,-0.32,0.0,-0.32857142857142857,0.0,0.339375,1,2014-01-01,1.0,0.0,2023,0.0
California,2023-09-01,14219930.0,2023,6705321.0,212.06934015537811,7534254,188.7370667354724,2023,62.0,80.0,0.775,32.0,40.0,0.8,0.275,1.0,0.30000000000000004,1.0,0.6109166666666667,1,2014-01-01,1.0,0.0,2023,0.0
Connecticut,2023-09-01,962196.0,2023,520053.0,185.01883461877924,530145,181.49676032028975,2023,96.0,151.0,0.6357615894039735,24.0,36.0,0.6666666666666666,0.13576158940397354,1.0,0.16666666666666663,1.0,0.5748749999999999,1,2014-01-01,1.0,0.0,2023,0.0
Delaware,2023-09-01,297267.0,2023,147229.0,201.90791216404378,165961,179.11858810202398,2023,26.0,41.0,0.6341463414634146,15.0,21.0,0.7142857142857143,0.13414634146341464,1.0,0.2142857142857143,1.0,0.5718333333333333,1,2014-01-01,1.0,0.0,2023,0.0
Florida,2023-09-01,4385300.0,2023,4070991.0,107.72069994750663,4384883,100.00950994587541,2023,35.0,120.0,0.2916666666666667,12.0,40.0,0.3,-0.20833333333333331,0.0,-0.2,0.0,0.446,0,,0.0,0.0,2023,0.0
Georgia,2023-09-01,2345972.0,2023,2123949.0,110.45331126124027,2209726,106.16574181595367,2023,79.0,180.0,0.4388888888888889,23.0,56.0,0.4107142857142857,-0.061111111111111116,0.0,-0.0892857142857143,0.0,0.485375,0,,0.0,0.0,2023,1.0
Hawaii,2023-09-01,454974.0,2023,203721.0,223.3319098178391,185180,245.69283939950316,2023,45.0,51.0,0.8823529411764706,23.0,25.0,0.92,0.38235294117647056,1.0,0.42000000000000004,1.0,0.6142083333333334,1,2014-01-01,1.0,0.0,2023,0.0
Idaho,2023-09-01,314488.0,2023,307164.0,102.38439400450574,341618,92.05838099865932,2023,11.0,70.0,0.15714285714285714,7.0,35.0,0.2,-0.34285714285714286,0.0,-0.3,0.0,0.30591666666666667,1,2020-01-01,1.0,0.0,2023,0.0
Indiana,2023-09-01,1923847.0,2023,1220463.0,157.63255420279026,1293314,148.75328033254104,2023,30.0,100.0,0.3,10.0,50.0,0.2,-0.2,0.0,-0.3,0.0,0.39795833333333336,1,2015-02-01,1.0,0.0,2023,1.0
Mississippi,2023-09-01,737742.0,2023,759514.0,97.13343006185534,831252,88.75070375770524,2023,42.0,122.0,0.3442622950819672,16.0,52.0,0.3076923076923077,-0.1557377049180328,0.0,-0.1923076923076923,0.0,0.398125,0,,0.0,0.0,2023,0.0
North Dakota,2023-09-01,122118.0,2023,105296.0,115.97591551435953,122160,99.9656188605108,2023,12.0,94.0,0.1276595744680851,4.0,47.0,0.0851063829787234,-0.37234042553191493,0.0,-0.4148936170212766,0.0,0.31316666666666665,1,2014-01-01,1.0,0.0,2023,0.0
Ohio,2023-09-01,3183112.0,2023,2187122.0,145.53884054021677,2296371,138.6148840932062,2023,32.0,99.0,0.32323232323232326,7.0,33.0,0.21212121212121213,-0.17676767676767674,0.0,-0.28787878787878785,0.0,0.44408333333333333,1,2014-01-01,1.0,0.0,2023,0.0
Oklahoma,2023-09-01,1138968.0,2023,915687.0,124.38398710476397,885167,128.67266854729107,2023,20.0,101.0,0.19801980198019803,8.0,48.0,0.16666666666666666,-0.30198019801980197,0.0,-0.33333333333333337,0.0,0.31566666666666665,1,2021-07-01,1.0,0.0,2023,0.0
Oregon,2023-09-01,1467556.0,2023,737782.0,198.9145845249681,797451,184.0308683542939,2023,35.0,60.0,0.5833333333333334,17.0,30.0,0.5666666666666667,0.08333333333333337,1.0,0.06666666666666665,1.0,0.558625,1,2014-01-01,1.0,0.0,2023,0.0
Rhode Island,2023-09-01,368687.0,2023,166359.0,221.62131294369405,188712,195.37019373436772,2023,64.0,75.0,0.8533333333333334,33.0,38.0,0.868421052631579,0.3533333333333334,1.0,0.368421052631579,1.0,0.583375,1,2014-01-01,1.0,0.0,2023,0.0
South Carolina,2023-09-01,1265187.0,2023,1063038.0,119.01615934707885,1124024,112.55871760745322,2023,36.0,124.0,0.2903225806451613,16.0,46.0,0.34782608695652173,-0.2096774193548387,0.0,-0.15217391304347827,0.0,0.41925,0,,0.0,0.0,2023,0.0
South Dakota,2023-09-01,116220.0,2023,158748.0,73.21037115428226,166237,69.91223373857805,2023,7.0,70.0,0.1,4.0,35.0,0.11428571428571428,-0.4,0.0,-0.38571428571428573,0.0,0.34595833333333337,1,2023-07-01,1.0,0.0,2023,0.0
Tennessee,2023-09-01,1739261.0,2023,1393277.0,124.83239154884491,1514870,114.8125581733086,2023,24.0,99.0,0.24242424242424243,6.0,33.0,0.18181818181818182,-0.25757575757575757,0.0,-0.3181818181818182,0.0,0.36024999999999996,0,,0.0,0.0,2023,0.0
Texas,2023-09-01,5222862.0,2023,6023586.0,86.70685535161282,6299251,82.91242879510595,2023,64.0,150.0,0.4266666666666667,12.0,31.0,0.3870967741935484,-0.0733333333333333,0.0,-0.11290322580645162,0.0,0.4504166666666667,0,,0.0,0.0,2023,0.0
Utah,2023-09-01,408249.0,2023,451465.0,90.42760789872969,456764,89.37854121603279,2023,14.0,75.0,0.18666666666666668,6.0,29.0,0.20689655172413793,-0.31333333333333335,0.0,-0.2931034482758621,0.0,0.385625,1,2020-01-01,1.0,0.0,2023,0.0
Wyoming,2023-09-01,75996.0,2023,96051.0,79.1204672517725,93266,81.48306992902022,2023,5.0,62.0,0.08064516129032258,2.0,31.0,0.06451612903225806,-0.41935483870967744,0.0,-0.43548387096774194,0.0,0.2609166666666667,0,,0.0,0.0,2023,0.0
Alabama,2023-10-01,1123210.0,2023,1116599.0,100.59206572816204,1174119,95.66406812256679,2023,28.0,105.0,0.26666666666666666,7.0,35.0,0.2,-0.23333333333333334,0.0,-0.3,0.0,0.3470416666666667,0,,0.0,0.0,2023,0.0
Arkansas,2023-10-01,856988.0,2023,706692.0,121.26753946556632,761746,112.50311783717932,2023,18.0,100.0,0.18,6.0,35.0,0.17142857142857143,-0.32,0.0,-0.32857142857142857,0.0,0.3390625,1,2014-01-01,1.0,0.0,2023,0.0
California,2023-10-01,14085764.0,2023,6705321.0,210.06845160731308,7534254,186.9563197630449,2023,62.0,80.0,0.775,32.0,40.0,0.8,0.275,1.0,0.30000000000000004,1.0,0.6102083333333334,1,2014-01-01,1.0,0.0,2023,0.0
Connecticut,2023-10-01,963462.0,2023,520053.0,185.26227134542057,530145,181.7355629120335,2023,96.0,151.0,0.6357615894039735,24.0,36.0,0.6666666666666666,0.13576158940397354,1.0,0.16666666666666663,1.0,0.5743125,1,2014-01-01,1.0,0.0,2023,0.0
Delaware,2023-10-01,296149.0,2023,147229.0,201.14855089690212,165961,178.44493585842457,2023,26.0,41.0,0.6341463414634146,15.0,21.0,0.7142857142857143,0.13414634146341464,1.0,0.2142857142857143,1.0,0.5714166666666666,1,2014-01-01,1.0,0.0,2023,0.0
Florida,2023-10-01,4346232.0,2023,4070991.0,106.76103189616484,4384883,99.11853976491504,2023,35.0,120.0,0.2916666666666667,12.0,40.0,0.3,-0.20833333333333331,0.0,-0.2,0.0,0.445,0,,0.0,0.0,2023,0.0
Georgia,2023-10-01,2330313.0,2023,2123949.0,109.71605250408555,2209726,105.45710192123367,2023,79.0,180.0,0.4388888888888889,23.0,56.0,0.4107142857142857,-0.061111111111111116,0.0,-0.0892857142857143,0.0,0.4850625,0,,0.0,0.0,2023,1.0
Hawaii,2023-10-01,463445.0,2023,203721.0,227.49004766322568,185180,250.26730748460957,2023,45.0,51.0,0.8823529411764706,23.0,25.0,0.92,0.38235294117647056,1.0,0.42000000000000004,1.0,0.6134791666666667,1,2014-01-01,1.0,0.0,2023,0.0
Idaho,2023-10-01,318932.0,2023,307164.0,103.83117813285412,341618,93.35924921988888,2023,11.0,70.0,0.15714285714285714,7.0,35.0,0.2,-0.34285714285714286,0.0,-0.3,0.0,0.3052083333333333,1,2020-01-01,1.0,0.0,2023,0.0
Indiana,2023-10-01,1905514.0,2023,1220463.0,156.1304193572439,1293314,147.33575914279132,2023,30.0,100.0,0.3,10.0,50.0,0.2,-0.2,0.0,-0.3,0.0,0.39760416666666665,1,2015-02-01,1.0,0.0,2023,1.0
Mississippi,2023-10-01,722940.0,2023,759514.0,95.18455222681872,831252,86.9700163127427,2023,42.0,122.0,0.3442622950819672,16.0,52.0,0.3076923076923077,-0.1557377049180328,0.0,-0.1923076923076923,0.0,0.3976875,0,,0.0,0.0,2023,0.0
North Dakota,2023-10-01,119893.0,2023,105296.0,113.86282479866281,122160,98.14423706614276,2023,12.0,94.0,0.1276595744680851,4.0,47.0,0.0851063829787234,-0.37234042553191493,0.0,-0.4148936170212766,0.0,0.3130833333333333,1,2014-01-01,1.0,0.0,2023,0.0
Ohio,2023-10-01,3152322.0,2023,2187122.0,144.13105441763193,2296371,137.2740728741131,2023,32.0,99.0,0.32323232323232326,7.0,33.0,0.21212121212121213,-0.17676767676767674,0.0,-0.28787878787878785,0.0,0.4437916666666667,1,2014-01-01,1.0,0.0,2023,0.0
Oklahoma,2023-10-01,1087062.0,2023,915687.0,118.7154562639854,885167,122.80869033752953,2023,20.0,101.0,0.19801980198019803,8.0,48.0,0.16666666666666666,-0.30198019801980197,0.0,-0.33333333333333337,0.0,0.31533333333333335,1,2021-07-01,1.0,0.0,2023,0.0
Oregon,2023-10-01,1459217.0,2023,737782.0,197.78430484885777,797451,182.98516147073613,2023,35.0,60.0,0.5833333333333334,17.0,30.0,0.5666666666666667,0.08333333333333337,1.0,0.06666666666666665,1.0,0.5584375,1,2014-01-01,1.0,0.0,2023,0.0
Rhode Island,2023-10-01,362738.0,2023,166359.0,218.0453116452972,188712,192.21777099495526,2023,64.0,75.0,0.8533333333333334,33.0,38.0,0.868421052631579,0.3533333333333334,1.0,0.368421052631579,1.0,0.5830624999999999,1,2014-01-01,1.0,0.0,2023,0.0
South Carolina,2023-10-01,1244479.0,2023,1063038.0,117.06815748825537,1124024,110.71640819057245,2023,36.0,124.0,0.2903225806451613,16.0,46.0,0.34782608695652173,-0.2096774193548387,0.0,-0.15217391304347827,0.0,0.418875,0,,0.0,0.0,2023,0.0
South Dakota,2023-10-01,117430.0,2023,158748.0,73.97258548139189,166237,70.6401102041062,2023,7.0,70.0,0.1,4.0,35.0,0.11428571428571428,-0.4,0.0,-0.38571428571428573,0.0,0.34560416666666666,1,2023-07-01,1.0,0.0,2023,0.0
Tennessee,2023-10-01,1695432.0,2023,1393277.0,121.68664235467894,1514870,111.9193066071676,2023,24.0,99.0,0.24242424242424243,6.0,33.0,0.18181818181818182,-0.25757575757575757,0.0,-0.3181818181818182,0.0,0.359875,0,,0.0,0.0,2023,0.0
Texas,2023-10-01,4932433.0,2023,6023586.0,81.88532545231362,6299251,78.30189652706329,2023,64.0,150.0,0.4266666666666667,12.0,31.0,0.3870967741935484,-0.0733333333333333,0.0,-0.11290322580645162,0.0,0.44995833333333335,0,,0.0,0.0,2023,0.0
Utah,2023-10-01,393085.0,2023,451465.0,87.06876502054422,456764,86.05866486850978,2023,14.0,75.0,0.18666666666666668,6.0,29.0,0.20689655172413793,-0.31333333333333335,0.0,-0.2931034482758621,0.0,0.3859375,1,2020-01-01,1.0,0.0,2023,0.0
Wyoming,2023-10-01,76195.0,2023,96051.0,79.32764885321339,93266,81.69643814466151,2023,5.0,62.0,0.08064516129032258,2.0,31.0,0.06451612903225806,-0.41935483870967744,0.0,-0.43548387096774194,0.0,0.2607083333333333,0,,0.0,0.0,2023,0.0
Alabama,2023-11-01,1105197.0,2023,1116599.0,98.9788634953103,1174119,94.1298965437064,2023,28.0,105.0,0.26666666666666666,7.0,35.0,0.2,-0.23333333333333334,0.0,-0.3,0.0,0.34650000000000003,0,,0.0,0.0,2023,0.0
Arkansas,2023-11-01,856456.0,2023,706692.0,121.19225914542686,761746,112.43327828436252,2023,18.0,100.0,0.18,6.0,35.0,0.17142857142857143,-0.32,0.0,-0.32857142857142857,0.0,0.33875,1,2014-01-01,1.0,0.0,2023,0.0
California,2023-11-01,13976686.0,2023,6705321.0,208.44171367783883,7534254,185.50855864429312,2023,62.0,80.0,0.775,32.0,40.0,0.8,0.275,1.0,0.30000000000000004,1.0,0.6094999999999999,1,2014-01-01,1.0,0.0,2023,0.0
Connecticut,2023-11-01,984604.0,2023,520053.0,189.3276262227119,530145,185.7235284686265,2023,96.0,151.0,0.6357615894039735,24.0,36.0,0.6666666666666666,0.13576158940397354,1.0,0.16666666666666663,1.0,0.57375,1,2014-01-01,1.0,0.0,2023,0.0
Delaware,2023-11-01,292466.0,2023,147229.0,198.6470056850213,165961,176.22573978223798,2023,26.0,41.0,0.6341463414634146,15.0,21.0,0.7142857142857143,0.13414634146341464,1.0,0.2142857142857143,1.0,0.571,1,2014-01-01,1.0,0.0,2023,0.0
Florida,2023-11-01,4227277.0,2023,4070991.0,103.83901610197614,4384883,96.4056965716075,2023,35.0,120.0,0.2916666666666667,12.0,40.0,0.3,-0.20833333333333331,0.0,-0.2,0.0,0.444,0,,0.0,0.0,2023,0.0
Georgia,2023-11-01,2223045.0,2023,2123949.0,104.66564875145308,2209726,100.60274441265568,2023,79.0,180.0,0.4388888888888889,23.0,56.0,0.4107142857142857,-0.061111111111111116,0.0,-0.0892857142857143,0.0,0.48475,0,,0.0,0.0,2023,1.0
Hawaii,2023-11-01,466007.0,2023,203721.0,228.747649972266,185180,251.65082622313423,2023,45.0,51.0,0.8823529411764706,23.0,25.0,0.92,0.38235294117647056,1.0,0.42000000000000004,1.0,0.61275,1,2014-01-01,1.0,0.0,2023,0.0
Idaho,2023-11-01,336928.0,2023,307164.0,109.68993762289851,341618,98.62712152169968,2023,11.0,70.0,0.15714285714285714,7.0,35.0,0.2,-0.34285714285714286,0.0,-0.3,0.0,0.3045,1,2020-01-01,1.0,0.0,2023,0.0
Indiana,2023-11-01,1881314.0,2023,1220463.0,154.147565309231,1293314,145.46459715119454,2023,30.0,100.0,0.3,10.0,50.0,0.2,-0.2,0.0,-0.3,0.0,0.39725,1,2015-02-01,1.0,0.0,2023,1.0
Mississippi,2023-11-01,713800.0,2023,759514.0,93.9811511045221,831252,85.87047008608701,2023,42.0,122.0,0.3442622950819672,16.0,52.0,0.3076923076923077,-0.1557377049180328,0.0,-0.1923076923076923,0.0,0.39725,0,,0.0,0.0,2023,0.0
North Dakota,2023-11-01,116560.0,2023,105296.0,110.69746239173377,122160,95.4158480681074,2023,12.0,94.0,0.1276595744680851,4.0,47.0,0.0851063829787234,-0.37234042553191493,0.0,-0.4148936170212766,0.0,0.313,1,2014-01-01,1.0,0.0,2023,0.0
Ohio,2023-11-01,3109108.0,2023,2187122.0,142.15521584987027,2296371,135.39223409457793,2023,32.0,99.0,0.32323232323232326,7.0,33.0,0.21212121212121213,-0.17676767676767674,0.0,-0.28787878787878785,0.0,0.4435,1,2014-01-01,1.0,0.0,2023,0.0
Oklahoma,2023-11-01,1035122.0,2023,915687.0,113.04321236405018,885167,116.94087104467292,2023,20.0,101.0,0.19801980198019803,8.0,48.0,0.16666666666666666,-0.30198019801980197,0.0,-0.33333333333333337,0.0,0.315,1,2021-07-01,1.0,0.0,2023,0.0
Oregon,2023-11-01,1463655.0,2023,737782.0,198.3858375509297,797451,183.54168469285258,2023,35.0,60.0,0.5833333333333334,17.0,30.0,0.5666666666666667,0.08333333333333337,1.0,0.06666666666666665,1.0,0.55825,1,2014-01-01,1.0,0.0,2023,0.0
Rhode Island,2023-11-01,356334.0,2023,166359.0,214.1958054568734,188712,188.82424011191657,2023,64.0,75.0,0.8533333333333334,33.0,38.0,0.868421052631579,0.3533333333333334,1.0,0.368421052631579,1.0,0.58275,1,2014-01-01,1.0,0.0,2023,0.0
South Carolina,2023-11-01,1213125.0,2023,1063038.0,114.11868625580648,1124024,107.92696597225682,2023,36.0,124.0,0.2903225806451613,16.0,46.0,0.34782608695652173,-0.2096774193548387,0.0,-0.15217391304347827,0.0,0.4185,0,,0.0,0.0,2023,0.0
South Dakota,2023-11-01,119111.0,2023,158748.0,75.03149645979792,166237,71.65131709547212,2023,7.0,70.0,0.1,4.0,35.0,0.11428571428571428,-0.4,0.0,-0.38571428571428573,0.0,0.34525,1,2023-07-01,1.0,0.0,2023,0.0
Tennessee,2023-11-01,1670564.0,2023,1393277.0,119.90178550281101,1514870,110.27771359918673,2023,24.0,99.0,0.24242424242424243,6.0,33.0,0.18181818181818182,-0.25757575757575757,0.0,-0.3181818181818182,0.0,0.3595,0,,0.0,0.0,2023,0.0
Texas,2023-11-01,4684154.0,2023,6023586.0,77.76354483857291,6299251,74.36049142985412,2023,64.0,150.0,0.4266666666666667,12.0,31.0,0.3870967741935484,-0.0733333333333333,0.0,-0.11290322580645162,0.0,0.4495,0,,0.0,0.0,2023,0.0
Utah,2023-11-01,381222.0,2023,451465.0,84.44109731651402,456764,83.46148120254661,2023,14.0,75.0,0.18666666666666668,6.0,29.0,0.20689655172413793,-0.31333333333333335,0.0,-0.2931034482758621,0.0,0.38625,1,2020-01-01,1.0,0.0,2023,0.0
Wyoming,2023-11-01,75800.0,2023,96051.0,78.91640899105683,93266,81.27291831964489,2023,5.0,62.0,0.08064516129032258,2.0,31.0,0.06451612903225806,-0.41935483870967744,0.0,-0.43548387096774194,0.0,0.2605,0,,0.0,0.0,2023,0.0
Alabama,2023-12-01,1087049.0,2023,1116599.0,97.35357097758461,1174119,92.58422698210317,2023,28.0,105.0,0.26666666666666666,7.0,35.0,0.2,-0.23333333333333334,0.0,-0.3,0.0,0.34595833333333337,0,,0.0,0.0,2023,0.0
Arkansas,2023-12-01,831483.0,2023,706692.0,117.65847073406803,761746,109.15488889997454,2023,18.0,100.0,0.18,6.0,35.0,0.17142857142857143,-0.32,0.0,-0.32857142857142857,0.0,0.3384375,1,2014-01-01,1.0,0.0,2023,0.0
California,2023-12-01,13805628.0,2023,6705321.0,205.89063521343724,7534254,183.23815469985482,2023,62.0,80.0,0.775,32.0,40.0,0.8,0.275,1.0,0.30000000000000004,1.0,0.6087916666666666,1,2014-01-01,1.0,0.0,2023,0.0
Connecticut,2023-12-01,980628.0,2023,520053.0,188.56308876210696,530145,184.97354497354496,2023,96.0,151.0,0.6357615894039735,24.0,36.0,0.6666666666666666,0.13576158940397354,1.0,0.16666666666666663,1.0,0.5731875,1,2014-01-01,1.0,0.0,2023,0.0
Delaware,2023-12-01,289484.0,2023,147229.0,196.6215894966345,165961,174.42893209850507,2023,26.0,41.0,0.6341463414634146,15.0,21.0,0.7142857142857143,0.13414634146341464,1.0,0.2142857142857143,1.0,0.5705833333333333,1,2014-01-01,1.0,0.0,2023,0.0
Florida,2023-12-01,4155117.0,2023,4070991.0,102.06647472323078,4384883,94.76004262827537,2023,35.0,120.0,0.2916666666666667,12.0,40.0,0.3,-0.20833333333333331,0.0,-0.2,0.0,0.443,0,,0.0,0.0,2023,0.0
Georgia,2023-12-01,2151282.0,2023,2123949.0,101.2868953068082,2209726,97.35514719924552,2023,79.0,180.0,0.4388888888888889,23.0,56.0,0.4107142857142857,-0.061111111111111116,0.0,-0.0892857142857143,0.0,0.48443749999999997,0,,0.0,0.0,2023,1.0
Hawaii,2023-12-01,469301.0,2023,203721.0,230.36456722674637,185180,253.42963602980882,2023,45.0,51.0,0.8823529411764706,23.0,25.0,0.92,0.38235294117647056,1.0,0.42000000000000004,1.0,0.6120208333333333,1,2014-01-01,1.0,0.0,2023,0.0
Idaho,2023-12-01,338380.0,2023,307164.0,110.16264926879451,341618,99.05215767319052,2023,11.0,70.0,0.15714285714285714,7.0,35.0,0.2,-0.34285714285714286,0.0,-0.3,0.0,0.3037916666666667,1,2020-01-01,1.0,0.0,2023,0.0
Indiana,2023-12-01,1861409.0,2023,1220463.0,152.51662688668154,1293314,143.92552775273444,2023,30.0,100.0,0.3,10.0,50.0,0.2,-0.2,0.0,-0.3,0.0,0.39689583333333334,1,2015-02-01,1.0,0.0,2023,1.0
Mississippi,2023-12-01,700646.0,2023,759514.0,92.24925412829784,831252,84.28803780321732,2023,42.0,122.0,0.3442622950819672,16.0,52.0,0.3076923076923077,-0.1557377049180328,0.0,-0.1923076923076923,0.0,0.3968125,0,,0.0,0.0,2023,0.0
North Dakota,2023-12-01,114896.0,2023,105296.0,109.11715544750038,122160,94.05370006548789,2023,12.0,94.0,0.1276595744680851,4.0,47.0,0.0851063829787234,-0.37234042553191493,0.0,-0.4148936170212766,0.0,0.3129166666666667,1,2014-01-01,1.0,0.0,2023,0.0
Ohio,2023-12-01,3062594.0,2023,2187122.0,140.02849406663185,2296371,133.3666903126716,2023,32.0,99.0,0.32323232323232326,7.0,33.0,0.21212121212121213,-0.17676767676767674,0.0,-0.28787878787878785,0.0,0.4432083333333333,1,2014-01-01,1.0,0.0,2023,0.0
Oklahoma,2023-12-01,1039621.0,2023,915687.0,113.53453745657632,885167,117.44913671657437,2023,20.0,101.0,0.19801980198019803,8.0,48.0,0.16666666666666666,-0.30198019801980197,0.0,-0.33333333333333337,0.0,0.31466666666666665,1,2021-07-01,1.0,0.0,2023,0.0
Oregon,2023-12-01,1461809.0,2023,737782.0,198.13562813947752,797451,183.31019711555945,2023,35.0,60.0,0.5833333333333334,17.0,30.0,0.5666666666666667,0.08333333333333337,1.0,0.06666666666666665,1.0,0.5580625,1,2014-01-01,1.0,0.0,2023,0.0
Rhode Island,2023-12-01,351551.0,2023,166359.0,211.32069800852372,188712,186.28969010979694,2023,64.0,75.0,0.8533333333333334,33.0,38.0,0.868421052631579,0.3533333333333334,1.0,0.368421052631579,1.0,0.5824374999999999,1,2014-01-01,1.0,0.0,2023,0.0
South Carolina,2023-12-01,1209326.0,2023,1063038.0,113.76131427098561,1124024,107.58898386511319,2023,36.0,124.0,0.2903225806451613,16.0,46.0,0.34782608695652173,-0.2096774193548387,0.0,-0.15217391304347827,0.0,0.41812499999999997,0,,0.0,0.0,2023,0.0
South Dakota,2023-12-01,121314.0,2023,158748.0,76.41923047849421,166237,72.97653350337168,2023,7.0,70.0,0.1,4.0,35.0,0.11428571428571428,-0.4,0.0,-0.38571428571428573,0.0,0.34489583333333335,1,2023-07-01,1.0,0.0,2023,0.0
Tennessee,2023-12-01,1640064.0,2023,1393277.0,117.71270178148352,1514870,108.26433951428176,2023,24.0,99.0,0.24242424242424243,6.0,33.0,0.18181818181818182,-0.25757575757575757,0.0,-0.3181818181818182,0.0,0.35912499999999997,0,,0.0,0.0,2023,0.0
Texas,2023-12-01,4465981.0,2023,6023586.0,74.14156617005219,6299251,70.89701616906517,2023,64.0,150.0,0.4266666666666667,12.0,31.0,0.3870967741935484,-0.0733333333333333,0.0,-0.11290322580645162,0.0,0.4490416666666667,0,,0.0,0.0,2023,0.0
Utah,2023-12-01,369439.0,2023,451465.0,81.83114970152725,456764,80.88181205173788,2023,14.0,75.0,0.18666666666666668,6.0,29.0,0.20689655172413793,-0.31333333333333335,0.0,-0.2931034482758621,0.0,0.38656250000000003,1,2020-01-01,1.0,0.0,2023,0.0
Wyoming,2023-12-01,75000.0,2023,96051.0,78.08351813099291,93266,80.41515664872514,2023,5.0,62.0,0.08064516129032258,2.0,31.0,0.06451612903225806,-0.41935483870967744,0.0,-0.43548387096774194,0.0,0.2602916666666667,0,,0.0,0.0,2023,0.0
Alabama,2024-01-01,1070043.0,2024,1116599.0,95.8305533141262,1174119,91.13582183747985,2023,28.0,105.0,0.26666666666666666,7.0,35.0,0.2,-0.23333333333333334,0.0,-0.3,0.0,0.3454166666666667,0,,0.0,0.0,2024,0.0
Arkansas,2024-01-01,834095.0,2024,706692.0,118.02808012542947,761746,109.49778535102253,2023,18.0,100.0,0.18,6.0,35.0,0.17142857142857143,-0.32,0.0,-0.32857142857142857,0.0,0.338125,1,2014-01-01,1.0,0.0,2024,0.0
California,2024-01-01,13836944.0,2024,6705321.0,206.3576672913944,7534254,183.65380301752504,2023,62.0,80.0,0.775,32.0,40.0,0.8,0.275,1.0,0.30000000000000004,1.0,0.6080833333333333,1,2014-01-01,1.0,0.0,2024,0.0
Connecticut,2024-01-01,974364.0,2024,520053.0,187.3585961430854,530145,183.79198143904026,2023,96.0,151.0,0.6357615894039735,24.0,36.0,0.6666666666666666,0.13576158940397354,1.0,0.16666666666666663,1.0,0.5726249999999999,1,2014-01-01,1.0,0.0,2024,0.0
Delaware,2024-01-01,280711.0,2024,147229.0,190.66284495581712,165961,169.14275040521568,2023,26.0,41.0,0.6341463414634146,15.0,21.0,0.7142857142857143,0.13414634146341464,1.0,0.2142857142857143,1.0,0.5701666666666666,1,2014-01-01,1.0,0.0,2024,0.0
Florida,2024-01-01,4081001.0,2024,4070991.0,100.24588607540524,4384883,93.06978088126867,2023,35.0,120.0,0.2916666666666667,12.0,40.0,0.3,-0.20833333333333331,0.0,-0.2,0.0,0.442,0,,0.0,0.0,2024,0.0
Georgia,2024-01-01,2120803.0,2024,2123949.0,99.85187968261008,2209726,95.97583591811836,2023,79.0,180.0,0.4388888888888889,23.0,56.0,0.4107142857142857,-0.061111111111111116,0.0,-0.0892857142857143,0.0,0.48412499999999997,0,,0.0,0.0,2024,1.0
Hawaii,2024-01-01,466569.0,2024,203721.0,229.0235174576995,185180,251.9543147208122,2023,45.0,51.0,0.8823529411764706,23.0,25.0,0.92,0.38235294117647056,1.0,0.42000000000000004,1.0,0.6112916666666667,1,2014-01-01,1.0,0.0,2024,0.0
Idaho,2024-01-01,338912.0,2024,307164.0,110.3358466486958,341618,99.2078871722216,2023,11.0,70.0,0.15714285714285714,7.0,35.0,0.2,-0.34285714285714286,0.0,-0.3,0.0,0.3030833333333333,1,2020-01-01,1.0,0.0,2024,0.0
Indiana,2024-01-01,1850202.0,2024,1220463.0,151.59836881576908,1293314,143.05899418084084,2023,30.0,100.0,0.3,10.0,50.0,0.2,-0.2,0.0,-0.3,0.0,0.3965416666666667,1,2015-02-01,1.0,0.0,2024,1.0
Mississippi,2024-01-01,697486.0,2024,759514.0,91.83319859805086,831252,83.90788834192279,2023,42.0,122.0,0.3442622950819672,16.0,52.0,0.3076923076923077,-0.1557377049180328,0.0,-0.1923076923076923,0.0,0.39637500000000003,0,,0.0,0.0,2024,0.0
North Dakota,2024-01-01,113148.0,2024,105296.0,107.45707339310135,122160,92.62278978388998,2023,12.0,94.0,0.1276595744680851,4.0,47.0,0.0851063829787234,-0.37234042553191493,0.0,-0.4148936170212766,0.0,0.31283333333333335,1,2014-01-01,1.0,0.0,2024,0.0
Ohio,2024-01-01,3036482.0,2024,2187122.0,138.83459633253196,2296371,132.22959182118223,2023,32.0,99.0,0.32323232323232326,7.0,33.0,0.21212121212121213,-0.17676767676767674,0.0,-0.28787878787878785,0.0,0.4429166666666667,1,2014-01-01,1.0,0.0,2024,0.0
Oklahoma,2024-01-01,1019342.0,2024,915687.0,111.31991608486307,885167,115.15815659643887,2023,20.0,101.0,0.19801980198019803,8.0,48.0,0.16666666666666666,-0.30198019801980197,0.0,-0.33333333333333337,0.0,0.31433333333333335,1,2021-07-01,1.0,0.0,2024,0.0
Oregon,2024-01-01,1380877.0,2024,737782.0,187.16599212233425,797451,173.16136038452518,2023,35.0,60.0,0.5833333333333334,17.0,30.0,0.5666666666666667,0.08333333333333337,1.0,0.06666666666666665,1.0,0.557875,1,2014-01-01,1.0,0.0,2024,0.0
Rhode Island,2024-01-01,348662.0,2024,166359.0,209.58409223426443,188712,184.75878587477214,2023,64.0,75.0,0.8533333333333334,33.0,38.0,0.868421052631579,0.3533333333333334,1.0,0.368421052631579,1.0,0.582125,1,2014-01-01,1.0,0.0,2024,0.0
South Carolina,2024-01-01,1204898.0,2024,1063038.0,113.34477224708806,1124024,107.19504209874522,2023,36.0,124.0,0.2903225806451613,16.0,46.0,0.34782608695652173,-0.2096774193548387,0.0,-0.15217391304347827,0.0,0.41774999999999995,0,,0.0,0.0,2024,0.0
South Dakota,2024-01-01,124064.0,2024,158748.0,78.15153576737974,166237,74.6307981977538,2023,7.0,70.0,0.1,4.0,35.0,0.11428571428571428,-0.4,0.0,-0.38571428571428573,0.0,0.3445416666666667,1,2023-07-01,1.0,0.0,2024,0.0
Tennessee,2024-01-01,1603808.0,2024,1393277.0,115.11049130933763,1514870,105.87099883158291,2023,24.0,99.0,0.24242424242424243,6.0,33.0,0.18181818181818182,-0.25757575757575757,0.0,-0.3181818181818182,0.0,0.35875,0,,0.0,0.0,2024,0.0
Texas,2024-01-01,4295157.0,2024,6023586.0,71.30564749967876,6299251,68.18520170096413,2023,64.0,150.0,0.4266666666666667,12.0,31.0,0.3870967741935484,-0.0733333333333333,0.0,-0.11290322580645162,0.0,0.44858333333333333,0,,0.0,0.0,2024,0.0
Utah,2024-01-01,361056.0,2024,451465.0,79.974305870887,456764,79.0465097949926,2023,14.0,75.0,0.18666666666666668,6.0,29.0,0.20689655172413793,-0.31333333333333335,0.0,-0.2931034482758621,0.0,0.386875,1,2020-01-01,1.0,0.0,2024,0.0
Wyoming,2024-01-01,74715.0,2024,96051.0,77.78680076209513,93266,80.10957905346,2023,5.0,62.0,0.08064516129032258,2.0,31.0,0.06451612903225806,-0.41935483870967744,0.0,-0.43548387096774194,0.0,0.26008333333333333,0,,0.0,0.0,2024,0.0
Alabama,2024-02-01,1056159.0,2024,1116599.0,94.58713468308677,1174119,89.95331819006421,2023,28.0,105.0,0.26666666666666666,7.0,35.0,0.2,-0.23333333333333334,0.0,-0.3,0.0,0.34487500000000004,0,,0.0,0.0,2024,0.0
Arkansas,2024-02-01,832512.0,2024,706692.0,117.80407872170619,761746,109.28997329818601,2023,18.0,100.0,0.18,6.0,35.0,0.17142857142857143,-0.32,0.0,-0.32857142857142857,0.0,0.3378125,1,2014-01-01,1.0,0.0,2024,0.0
California,2024-02-01,13839566.0,2024,6705321.0,206.39677056475,7534254,183.68860407413925,2023,62.0,80.0,0.775,32.0,40.0,0.8,0.275,1.0,0.30000000000000004,1.0,0.607375,1,2014-01-01,1.0,0.0,2024,0.0
Connecticut,2024-02-01,969682.0,2024,520053.0,186.4583032883187,530145,182.90882683039547,2023,96.0,151.0,0.6357615894039735,24.0,36.0,0.6666666666666666,0.13576158940397354,1.0,0.16666666666666663,1.0,0.5720624999999999,1,2014-01-01,1.0,0.0,2024,0.0
Delaware,2024-02-01,277898.0,2024,147229.0,188.7522159357192,165961,167.44777387458498,2023,26.0,41.0,0.6341463414634146,15.0,21.0,0.7142857142857143,0.13414634146341464,1.0,0.2142857142857143,1.0,0.56975,1,2014-01-01,1.0,0.0,2024,0.0
Florida,2024-02-01,4100852.0,2024,4070991.0,100.73350690286469,4384883,93.52249535506421,2023,35.0,120.0,0.2916666666666667,12.0,40.0,0.3,-0.20833333333333331,0.0,-0.2,0.0,0.441,0,,0.0,0.0,2024,0.0
Georgia,2024-02-01,2079149.0,2024,2123949.0,97.89072148154216,2209726,94.09080582841493,2023,79.0,180.0,0.4388888888888889,23.0,56.0,0.4107142857142857,-0.061111111111111116,0.0,-0.0892857142857143,0.0,0.4838125,0,,0.0,0.0,2024,1.0
Hawaii,2024-02-01,461670.0,2024,203721.0,226.61875800727466,185180,249.3087806458581,2023,45.0,51.0,0.8823529411764706,23.0,25.0,0.92,0.38235294117647056,1.0,0.42000000000000004,1.0,0.6105625,1,2014-01-01,1.0,0.0,2024,0.0
Idaho,2024-02-01,335633.0,2024,307164.0,109.26833873761248,341618,98.24804313590033,2023,11.0,70.0,0.15714285714285714,7.0,35.0,0.2,-0.34285714285714286,0.0,-0.3,0.0,0.302375,1,2020-01-01,1.0,0.0,2024,0.0
Indiana,2024-02-01,1836542.0,2024,1220463.0,150.47912144817172,1293314,142.00279282525358,2023,30.0,100.0,0.3,10.0,50.0,0.2,-0.2,0.0,-0.3,0.0,0.3961875,1,2015-02-01,1.0,0.0,2024,1.0
Mississippi,2024-02-01,698026.0,2024,759514.0,91.9042966949918,831252,83.97285059163767,2023,42.0,122.0,0.3442622950819672,16.0,52.0,0.3076923076923077,-0.1557377049180328,0.0,-0.1923076923076923,0.0,0.3959375,0,,0.0,0.0,2024,0.0
North Dakota,2024-02-01,111190.0,2024,105296.0,105.59755356328826,122160,91.0199738048461,2023,12.0,94.0,0.1276595744680851,4.0,47.0,0.0851063829787234,-0.37234042553191493,0.0,-0.4148936170212766,0.0,0.31275,1,2014-01-01,1.0,0.0,2024,0.0
Ohio,2024-02-01,3014826.0,2024,2187122.0,137.84443666151225,2296371,131.28653862986425,2023,32.0,99.0,0.32323232323232326,7.0,33.0,0.21212121212121213,-0.17676767676767674,0.0,-0.28787878787878785,0.0,0.442625,1,2014-01-01,1.0,0.0,2024,0.0
Oklahoma,2024-02-01,995111.0,2024,915687.0,108.67370618999723,885167,112.42070705301937,2023,20.0,101.0,0.19801980198019803,8.0,48.0,0.16666666666666666,-0.30198019801980197,0.0,-0.33333333333333337,0.0,0.314,1,2021-07-01,1.0,0.0,2024,0.0
Oregon,2024-02-01,1376453.0,2024,737782.0,186.56635699976417,797451,172.60659275616933,2023,35.0,60.0,0.5833333333333334,17.0,30.0,0.5666666666666667,0.08333333333333337,1.0,0.06666666666666665,1.0,0.5576875,1,2014-01-01,1.0,0.0,2024,0.0
Rhode Island,2024-02-01,340876.0,2024,166359.0,204.9038525117367,188712,180.63292212471916,2023,64.0,75.0,0.8533333333333334,33.0,38.0,0.868421052631579,0.3533333333333334,1.0,0.368421052631579,1.0,0.5818125,1,2014-01-01,1.0,0.0,2024,0.0
South Carolina,2024-02-01,1190289.0,2024,1063038.0,111.97050340627521,1124024,105.89533675437535,2023,36.0,124.0,0.2903225806451613,16.0,46.0,0.34782608695652173,-0.2096774193548387,0.0,-0.15217391304347827,0.0,0.417375,0,,0.0,0.0,2024,0.0
South Dakota,2024-02-01,126820.0,2024,158748.0,79.88762063144102,166237,76.28867219692367,2023,7.0,70.0,0.1,4.0,35.0,0.11428571428571428,-0.4,0.0,-0.38571428571428573,0.0,0.34418750000000004,1,2023-07-01,1.0,0.0,2024,0.0
Tennessee,2024-02-01,1560078.0,2024,1393277.0,111.97184766561136,1514870,102.98428247968472,2023,24.0,99.0,0.24242424242424243,6.0,33.0,0.18181818181818182,-0.25757575757575757,0.0,-0.3181818181818182,0.0,0.358375,0,,0.0,0.0,2024,0.0
Texas,2024-02-01,4280418.0,2024,6023586.0,71.06095936872156,6299251,67.95122150236593,2023,64.0,150.0,0.4266666666666667,12.0,31.0,0.3870967741935484,-0.0733333333333333,0.0,-0.11290322580645162,0.0,0.448125,0,,0.0,0.0,2024,0.0
Utah,2024-02-01,354900.0,2024,451465.0,78.61074501899373,456764,77.69876785385888,2023,14.0,75.0,0.18666666666666668,6.0,29.0,0.20689655172413793,-0.31333333333333335,0.0,-0.2931034482758621,0.0,0.3871875,1,2020-01-01,1.0,0.0,2024,0.0
Wyoming,2024-02-01,74289.0,2024,96051.0,77.34328637911109,93266,79.65282096369523,2023,5.0,62.0,0.08064516129032258,2.0,31.0,0.06451612903225806,-0.41935483870967744,0.0,-0.43548387096774194,0.0,0.259875,0,,0.0,0.0,2024,0.0
Alabama,2024-03-01,1040632.0,2024,1116599.0,93.19657280724772,1174119,88.6308798341565,2023,28.0,105.0,0.26666666666666666,7.0,35.0,0.2,-0.23333333333333334,0.0,-0.3,0.0,0.3443333333333334,0,,0.0,0.0,2024,0.0
Arkansas,2024-03-01,834534.0,2024,706692.0,118.09020053998066,761746,109.55541610983188,2023,18.0,100.0,0.18,6.0,35.0,0.17142857142857143,-0.32,0.0,-0.32857142857142857,0.0,0.3375,1,2014-01-01,1.0,0.0,2024,0.0
California,2024-03-01,13790911.0,2024,6705321.0,205.6711528053616,7534254,183.0428201650754,2023,62.0,80.0,0.775,32.0,40.0,0.8,0.275,1.0,0.30000000000000004,1.0,0.6066666666666667,1,2014-01-01,1.0,0.0,2024,0.0
Connecticut,2024-03-01,961117.0,2024,520053.0,184.81135576566234,530145,181.29323109715267,2023,96.0,151.0,0.6357615894039735,24.0,36.0,0.6666666666666666,0.13576158940397354,1.0,0.16666666666666663,1.0,0.5714999999999999,1,2014-01-01,1.0,0.0,2024,0.0
Delaware,2024-03-01,274751.0,2024,147229.0,186.61472943509773,165961,165.55154524255698,2023,26.0,41.0,0.6341463414634146,15.0,21.0,0.7142857142857143,0.13414634146341464,1.0,0.2142857142857143,1.0,0.5693333333333332,1,2014-01-01,1.0,0.0,2024,0.0
Florida,2024-03-01,4029584.0,2024,4070991.0,98.98287665091866,4384883,91.89718402976773,2023,35.0,120.0,0.2916666666666667,12.0,40.0,0.3,-0.20833333333333331,0.0,-0.2,0.0,0.44,0,,0.0,0.0,2024,0.0
Georgia,2024-03-01,2050815.0,2024,2123949.0,96.55669698283715,2209726,92.8085654058467,2023,79.0,180.0,0.4388888888888889,23.0,56.0,0.4107142857142857,-0.061111111111111116,0.0,-0.0892857142857143,0.0,0.4835,0,,0.0,0.0,2024,1.0
Hawaii,2024-03-01,455538.0,2024,203721.0,223.60875903809622,185180,245.99740792742196,2023,45.0,51.0,0.8823529411764706,23.0,25.0,0.92,0.38235294117647056,1.0,0.42000000000000004,1.0,0.6098333333333333,1,2014-01-01,1.0,0.0,2024,0.0
Idaho,2024-03-01,334419.0,2024,307164.0,108.87311013009338,341618,97.89267544450234,2023,11.0,70.0,0.15714285714285714,7.0,35.0,0.2,-0.34285714285714286,0.0,-0.3,0.0,0.30166666666666664,1,2020-01-01,1.0,0.0,2024,0.0
Indiana,2024-03-01,1833547.0,2024,1220463.0,150.2337227757007,1293314,141.77121719860762,2023,30.0,100.0,0.3,10.0,50.0,0.2,-0.2,0.0,-0.3,0.0,0.39583333333333337,1,2015-02-01,1.0,0.0,2024,1.0
Mississippi,2024-03-01,685536.0,2024,759514.0,90.25982404537638,831252,82.47029781582481,2023,42.0,122.0,0.3442622950819672,16.0,52.0,0.3076923076923077,-0.1557377049180328,0.0,-0.1923076923076923,0.0,0.3955,0,,0.0,0.0,2024,0.0
North Dakota,2024-03-01,109328.0,2024,105296.0,103.82920528795016,122160,89.49574328749182,2023,12.0,94.0,0.1276595744680851,4.0,47.0,0.0851063829787234,-0.37234042553191493,0.0,-0.4148936170212766,0.0,0.31266666666666665,1,2014-01-01,1.0,0.0,2024,0.0
Ohio,2024-03-01,2985495.0,2024,2187122.0,136.50335920904274,2296371,130.0092624406074,2023,32.0,99.0,0.32323232323232326,7.0,33.0,0.21212121212121213,-0.17676767676767674,0.0,-0.28787878787878785,0.0,0.44233333333333336,1,2014-01-01,1.0,0.0,2024,0.0
Oklahoma,2024-03-01,976509.0,2024,915687.0,106.64222600080595,885167,110.3191827078958,2023,20.0,101.0,0.19801980198019803,8.0,48.0,0.16666666666666666,-0.30198019801980197,0.0,-0.33333333333333337,0.0,0.31366666666666665,1,2021-07-01,1.0,0.0,2024,0.0
Oregon,2024-03-01,1364666.0,2024,737782.0,184.9687306006381,797451,171.12850820928182,2023,35.0,60.0,0.5833333333333334,17.0,30.0,0.5666666666666667,0.08333333333333337,1.0,0.06666666666666665,1.0,0.5575,1,2014-01-01,1.0,0.0,2024,0.0
Rhode Island,2024-03-01,336537.0,2024,166359.0,202.2956377472815,188712,178.33365127813812,2023,64.0,75.0,0.8533333333333334,33.0,38.0,0.868421052631579,0.3533333333333334,1.0,0.368421052631579,1.0,0.5814999999999999,1,2014-01-01,1.0,0.0,2024,0.0
South Carolina,2024-03-01,1178276.0,2024,1063038.0,110.84044032292356,1124024,104.82658733265482,2023,36.0,124.0,0.2903225806451613,16.0,46.0,0.34782608695652173,-0.2096774193548387,0.0,-0.15217391304347827,0.0,0.417,0,,0.0,0.0,2024,0.0
South Dakota,2024-03-01,125947.0,2024,158748.0,79.33769244336936,166237,75.7635183503071,2023,7.0,70.0,0.1,4.0,35.0,0.11428571428571428,-0.4,0.0,-0.38571428571428573,0.0,0.3438333333333333,1,2023-07-01,1.0,0.0,2024,0.0
Tennessee,2024-03-01,1532758.0,2024,1393277.0,110.01100283719605,1514870,101.18082739773048,2023,24.0,99.0,0.24242424242424243,6.0,33.0,0.18181818181818182,-0.25757575757575757,0.0,-0.3181818181818182,0.0,0.358,0,,0.0,0.0,2024,0.0
Texas,2024-03-01,4360449.0,2024,6023586.0,72.38958653532961,6299251,69.22170588217551,2023,64.0,150.0,0.4266666666666667,12.0,31.0,0.3870967741935484,-0.0733333333333333,0.0,-0.11290322580645162,0.0,0.44766666666666666,0,,0.0,0.0,2024,0.0
Utah,2024-03-01,344565.0,2024,451465.0,76.32153101569335,456764,75.43611142734541,2023,14.0,75.0,0.18666666666666668,6.0,29.0,0.20689655172413793,-0.31333333333333335,0.0,-0.2931034482758621,0.0,0.3875,1,2020-01-01,1.0,0.0,2024,0.0
Wyoming,2024-03-01,73834.0,2024,96051.0,76.86957970244974,93266,79.16496901335964,2023,5.0,62.0,0.08064516129032258,2.0,31.0,0.06451612903225806,-0.41935483870967744,0.0,-0.43548387096774194,0.0,0.25966666666666666,0,,0.0,0.0,2024,0.0
Alabama,2024-04-01,1015099.0,2024,1116599.0,90.90989692808252,1174119,86.45622803140056,2023,28.0,105.0,0.26666666666666666,7.0,35.0,0.2,-0.23333333333333334,0.0,-0.3,0.0,0.34379166666666666,0,,0.0,0.0,2024,0.0
Arkansas,2024-04-01,833752.0,2024,706692.0,117.97954412955008,761746,109.45275721828536,2023,18.0,100.0,0.18,6.0,35.0,0.17142857142857143,-0.32,0.0,-0.32857142857142857,0.0,0.33718750000000003,1,2014-01-01,1.0,0.0,2024,0.0
California,2024-04-01,13718156.0,2024,6705321.0,204.58611899415408,7534254,182.07716384395854,2023,62.0,80.0,0.775,32.0,40.0,0.8,0.275,1.0,0.30000000000000004,1.0,0.6059583333333333,1,2014-01-01,1.0,0.0,2024,0.0
Connecticut,2024-04-01,952326.0,2024,520053.0,183.12095113382674,530145,179.63500551735845,2023,96.0,151.0,0.6357615894039735,24.0,36.0,0.6666666666666666,0.13576158940397354,1.0,0.16666666666666663,1.0,0.5709375,1,2014-01-01,1.0,0.0,2024,0.0
Delaware,2024-04-01,270248.0,2024,147229.0,183.55622873211118,165961,162.83825718090395,2023,26.0,41.0,0.6341463414634146,15.0,21.0,0.7142857142857143,0.13414634146341464,1.0,0.2142857142857143,1.0,0.5689166666666666,1,2014-01-01,1.0,0.0,2024,0.0
Florida,2024-04-01,3901821.0,2024,4070991.0,95.84450076160816,4384883,88.98346888617097,2023,35.0,120.0,0.2916666666666667,12.0,40.0,0.3,-0.20833333333333331,0.0,-0.2,0.0,0.439,0,,0.0,0.0,2024,0.0
Georgia,2024-04-01,2034673.0,2024,2123949.0,95.79669756665533,2209726,92.07806759752114,2023,79.0,180.0,0.4388888888888889,23.0,56.0,0.4107142857142857,-0.061111111111111116,0.0,-0.0892857142857143,0.0,0.4831875,0,,0.0,0.0,2024,1.0
Hawaii,2024-04-01,443952.0,2024,203721.0,217.92156920494205,185180,239.7407927421968,2023,45.0,51.0,0.8823529411764706,23.0,25.0,0.92,0.38235294117647056,1.0,0.42000000000000004,1.0,0.6091041666666667,1,2014-01-01,1.0,0.0,2024,0.0
Idaho,2024-04-01,333770.0,2024,307164.0,108.66182234897319,341618,97.7026971646693,2023,11.0,70.0,0.15714285714285714,7.0,35.0,0.2,-0.34285714285714286,0.0,-0.3,0.0,0.3009583333333333,1,2020-01-01,1.0,0.0,2024,0.0
Indiana,2024-04-01,1817412.0,2024,1220463.0,148.91168351682927,1293314,140.52364700297068,2023,30.0,100.0,0.3,10.0,50.0,0.2,-0.2,0.0,-0.3,0.0,0.39547916666666666,1,2015-02-01,1.0,0.0,2024,1.0
Mississippi,2024-04-01,651694.0,2024,759514.0,85.80407997745927,831252,78.39908956610029,2023,42.0,122.0,0.3442622950819672,16.0,52.0,0.3076923076923077,-0.1557377049180328,0.0,-0.1923076923076923,0.0,0.3950625,0,,0.0,0.0,2024,0.0
North Dakota,2024-04-01,106308.0,2024,105296.0,100.96110013675734,122160,87.02357563850688,2023,12.0,94.0,0.1276595744680851,4.0,47.0,0.0851063829787234,-0.37234042553191493,0.0,-0.4148936170212766,0.0,0.3125833333333333,1,2014-01-01,1.0,0.0,2024,0.0
Ohio,2024-04-01,2942399.0,2024,2187122.0,134.53291585928906,2296371,128.13256220358122,2023,32.0,99.0,0.32323232323232326,7.0,33.0,0.21212121212121213,-0.17676767676767674,0.0,-0.28787878787878785,0.0,0.44204166666666667,1,2014-01-01,1.0,0.0,2024,0.0
Oklahoma,2024-04-01,984417.0,2024,915687.0,107.5058398776001,885167,111.21257344659257,2023,20.0,101.0,0.19801980198019803,8.0,48.0,0.16666666666666666,-0.30198019801980197,0.0,-0.33333333333333337,0.0,0.31333333333333335,1,2021-07-01,1.0,0.0,2024,0.0
Oregon,2024-04-01,1350074.0,2024,737782.0,182.99091059418635,797451,169.2986779124987,2023,35.0,60.0,0.5833333333333334,17.0,30.0,0.5666666666666667,0.08333333333333337,1.0,0.06666666666666665,1.0,0.5573125,1,2014-01-01,1.0,0.0,2024,0.0
Rhode Island,2024-04-01,330528.0,2024,166359.0,198.68356986998,188712,175.14943405824746,2023,64.0,75.0,0.8533333333333334,33.0,38.0,0.868421052631579,0.3533333333333334,1.0,0.368421052631579,1.0,0.5811875,1,2014-01-01,1.0,0.0,2024,0.0
South Carolina,2024-04-01,1167844.0,2024,1063038.0,109.85910193238624,1124024,103.89849327060632,2023,36.0,124.0,0.2903225806451613,16.0,46.0,0.34782608695652173,-0.2096774193548387,0.0,-0.15217391304347827,0.0,0.41662499999999997,0,,0.0,0.0,2024,0.0
South Dakota,2024-04-01,128701.0,2024,158748.0,81.07251744903873,166237,77.42018924788103,2023,7.0,70.0,0.1,4.0,35.0,0.11428571428571428,-0.4,0.0,-0.38571428571428573,0.0,0.34347916666666667,1,2023-07-01,1.0,0.0,2024,0.0
Tennessee,2024-04-01,1501400.0,2024,1393277.0,107.76033767872433,1514870,99.11081478938787,2023,24.0,99.0,0.24242424242424243,6.0,33.0,0.18181818181818182,-0.25757575757575757,0.0,-0.3181818181818182,0.0,0.35762499999999997,0,,0.0,0.0,2024,0.0
Texas,2024-04-01,4373607.0,2024,6023586.0,72.60802784255094,6299251,69.43058785877876,2023,64.0,150.0,0.4266666666666667,12.0,31.0,0.3870967741935484,-0.0733333333333333,0.0,-0.11290322580645162,0.0,0.4472083333333333,0,,0.0,0.0,2024,0.0
Utah,2024-04-01,340180.0,2024,451465.0,75.35024863499939,456764,74.47609706544299,2023,14.0,75.0,0.18666666666666668,6.0,29.0,0.20689655172413793,-0.31333333333333335,0.0,-0.2931034482758621,0.0,0.3878125,1,2020-01-01,1.0,0.0,2024,0.0
Wyoming,2024-04-01,68135.0,2024,96051.0,70.93627343806936,93266,73.05448931014517,2023,5.0,62.0,0.08064516129032258,2.0,31.0,0.06451612903225806,-0.41935483870967744,0.0,-0.43548387096774194,0.0,0.25945833333333335,0,,0.0,0.0,2024,0.0
Alabama,2024-05-01,996574.0,2024,1116599.0,89.2508411703754,1174119,84.87844928836003,2023,28.0,105.0,0.26666666666666666,7.0,35.0,0.2,-0.23333333333333334,0.0,-0.3,0.0,0.34325,0,,0.0,0.0,2024,0.0
Arkansas,2024-05-01,833504.0,2024,706692.0,117.9444510479813,761746,109.42020043426548,2023,18.0,100.0,0.18,6.0,35.0,0.17142857142857143,-0.32,0.0,-0.32857142857142857,0.0,0.33687500000000004,1,2014-01-01,1.0,0.0,2024,0.0
California,2024-05-01,13662057.0,2024,6705321.0,203.74948492398798,7534254,181.33257785044145,2023,62.0,80.0,0.775,32.0,40.0,0.8,0.275,1.0,0.30000000000000004,1.0,0.60525,1,2014-01-01,1.0,0.0,2024,0.0
Connecticut,2024-05-01,946784.0,2024,520053.0,182.0552905184664,530145,178.58963113865073,2023,96.0,151.0,0.6357615894039735,24.0,36.0,0.6666666666666666,0.13576158940397354,1.0,0.16666666666666663,1.0,0.570375,1,2014-01-01,1.0,0.0,2024,0.0
Delaware,2024-05-01,265507.0,2024,147229.0,180.33607509390131,165961,159.9815619332253,2023,26.0,41.0,0.6341463414634146,15.0,21.0,0.7142857142857143,0.13414634146341464,1.0,0.2142857142857143,1.0,0.5685,1,2014-01-01,1.0,0.0,2024,0.0
Florida,2024-05-01,3867608.0,2024,4070991.0,95.00409114144442,4384883,88.20322001750104,2023,35.0,120.0,0.2916666666666667,12.0,40.0,0.3,-0.20833333333333331,0.0,-0.2,0.0,0.438,0,,0.0,0.0,2024,0.0
Georgia,2024-05-01,2015688.0,2024,2123949.0,94.90284371234902,2209726,91.21891130393543,2023,79.0,180.0,0.4388888888888889,23.0,56.0,0.4107142857142857,-0.061111111111111116,0.0,-0.0892857142857143,0.0,0.482875,0,,0.0,0.0,2024,1.0
Hawaii,2024-05-01,429976.0,2024,203721.0,211.06120625757777,185180,232.19354141915974,2023,45.0,51.0,0.8823529411764706,23.0,25.0,0.92,0.38235294117647056,1.0,0.42000000000000004,1.0,0.608375,1,2014-01-01,1.0,0.0,2024,0.0
Idaho,2024-05-01,331346.0,2024,307164.0,107.87266736987407,341618,96.99313268036227,2023,11.0,70.0,0.15714285714285714,7.0,35.0,0.2,-0.34285714285714286,0.0,-0.3,0.0,0.30025,1,2020-01-01,1.0,0.0,2024,0.0
Indiana,2024-05-01,1804750.0,2024,1220463.0,147.874208394683,1293314,139.54461174935088,2023,30.0,100.0,0.3,10.0,50.0,0.2,-0.2,0.0,-0.3,0.0,0.395125,1,2015-02-01,1.0,0.0,2024,1.0
Mississippi,2024-05-01,633603.0,2024,759514.0,83.42216206679535,831252,76.22273390018911,2023,42.0,122.0,0.3442622950819672,16.0,52.0,0.3076923076923077,-0.1557377049180328,0.0,-0.1923076923076923,0.0,0.394625,0,,0.0,0.0,2024,0.0
North Dakota,2024-05-01,104754.0,2024,105296.0,99.4852605986932,122160,85.75147347740668,2023,12.0,94.0,0.1276595744680851,4.0,47.0,0.0851063829787234,-0.37234042553191493,0.0,-0.4148936170212766,0.0,0.3125,1,2014-01-01,1.0,0.0,2024,0.0
Ohio,2024-05-01,2915347.0,2024,2187122.0,133.29603926987156,2296371,126.95452955990125,2023,32.0,99.0,0.32323232323232326,7.0,33.0,0.21212121212121213,-0.17676767676767674,0.0,-0.28787878787878785,0.0,0.44175,1,2014-01-01,1.0,0.0,2024,0.0
Oklahoma,2024-05-01,991317.0,2024,915687.0,108.259372471161,885167,111.99208736882417,2023,20.0,101.0,0.19801980198019803,8.0,48.0,0.16666666666666666,-0.30198019801980197,0.0,-0.33333333333333337,0.0,0.313,1,2021-07-01,1.0,0.0,2024,0.0
Oregon,2024-05-01,1333943.0,2024,737782.0,180.80449238392913,797451,167.27585770160175,2023,35.0,60.0,0.5833333333333334,17.0,30.0,0.5666666666666667,0.08333333333333337,1.0,0.06666666666666665,1.0,0.5571250000000001,1,2014-01-01,1.0,0.0,2024,0.0
Rhode Island,2024-05-01,319818.0,2024,166359.0,192.24568553549852,188712,169.47411929289075,2023,64.0,75.0,0.8533333333333334,33.0,38.0,0.868421052631579,0.3533333333333334,1.0,0.368421052631579,1.0,0.5808749999999999,1,2014-01-01,1.0,0.0,2024,0.0
South Carolina,2024-05-01,1143670.0,2024,1063038.0,107.58505340354718,1124024,101.74782744852425,2023,36.0,124.0,0.2903225806451613,16.0,46.0,0.34782608695652173,-0.2096774193548387,0.0,-0.15217391304347827,0.0,0.41625,0,,0.0,0.0,2024,0.0
South Dakota,2024-05-01,130827.0,2024,158748.0,82.41174691964623,166237,78.6990862443379,2023,7.0,70.0,0.1,4.0,35.0,0.11428571428571428,-0.4,0.0,-0.38571428571428573,0.0,0.343125,1,2023-07-01,1.0,0.0,2024,0.0
Tennessee,2024-05-01,1456825.0,2024,1393277.0,104.56104564993178,1514870,96.16831807349806,2023,24.0,99.0,0.24242424242424243,6.0,33.0,0.18181818181818182,-0.25757575757575757,0.0,-0.3181818181818182,0.0,0.35724999999999996,0,,0.0,0.0,2024,0.0
Texas,2024-05-01,4344285.0,2024,6023586.0,72.12124140005638,6299251,68.96510394648506,2023,64.0,150.0,0.4266666666666667,12.0,31.0,0.3870967741935484,-0.0733333333333333,0.0,-0.11290322580645162,0.0,0.44675,0,,0.0,0.0,2024,0.0
Utah,2024-05-01,341011.0,2024,451465.0,75.5343160599382,456764,74.65802909160966,2023,14.0,75.0,0.18666666666666668,6.0,29.0,0.20689655172413793,-0.31333333333333335,0.0,-0.2931034482758621,0.0,0.388125,1,2020-01-01,1.0,0.0,2024,0.0
Wyoming,2024-05-01,67911.0,2024,96051.0,70.70306399725146,93266,72.81431604228766,2023,5.0,62.0,0.08064516129032258,2.0,31.0,0.06451612903225806,-0.41935483870967744,0.0,-0.43548387096774194,0.0,0.25925,0,,0.0,0.0,2024,0.0
Alabama,2024-06-01,974585.0,2024,1116599.0,87.28155765856856,1174119,83.00564082516337,2023,28.0,105.0,0.26666666666666666,7.0,35.0,0.2,-0.23333333333333334,0.0,-0.3,0.0,0.34270833333333334,0,,0.0,0.0,2024,0.0
Arkansas,2024-06-01,831669.0,2024,706692.0,117.68479054524461,761746,109.17930648798944,2023,18.0,100.0,0.18,6.0,35.0,0.17142857142857143,-0.32,0.0,-0.32857142857142857,0.0,0.3365625,1,2014-01-01,1.0,0.0,2024,0.0
California,2024-06-01,13569483.0,2024,6705321.0,202.36887987912883,7534254,180.10386960673213,2023,62.0,80.0,0.775,32.0,40.0,0.8,0.275,1.0,0.30000000000000004,1.0,0.6045416666666666,1,2014-01-01,1.0,0.0,2024,0.0
Connecticut,2024-06-01,942161.0,2024,520053.0,181.16634266122875,530145,177.7176055607428,2023,96.0,151.0,0.6357615894039735,24.0,36.0,0.6666666666666666,0.13576158940397354,1.0,0.16666666666666663,1.0,0.5698124999999999,1,2014-01-01,1.0,0.0,2024,0.0
Delaware,2024-06-01,252239.0,2024,147229.0,171.32426356220583,165961,151.98691258789717,2023,26.0,41.0,0.6341463414634146,15.0,21.0,0.7142857142857143,0.13414634146341464,1.0,0.2142857142857143,1.0,0.5680833333333333,1,2014-01-01,1.0,0.0,2024,0.0
Florida,2024-06-01,3796115.0,2024,4070991.0,93.24793397971158,4384883,86.57277742644445,2023,35.0,120.0,0.2916666666666667,12.0,40.0,0.3,-0.20833333333333331,0.0,-0.2,0.0,0.437,0,,0.0,0.0,2024,0.0
Georgia,2024-06-01,2024157.0,2024,2123949.0,95.30158210013518,2209726,91.60217149094503,2023,79.0,180.0,0.4388888888888889,23.0,56.0,0.4107142857142857,-0.061111111111111116,0.0,-0.0892857142857143,0.0,0.4825625,0,,0.0,0.0,2024,1.0
Hawaii,2024-06-01,419336.0,2024,203721.0,205.8383769959896,185180,226.44778053785507,2023,45.0,51.0,0.8823529411764706,23.0,25.0,0.92,0.38235294117647056,1.0,0.42000000000000004,1.0,0.6076458333333333,1,2014-01-01,1.0,0.0,2024,0.0
Idaho,2024-06-01,324920.0,2024,307164.0,105.78062533369797,341618,95.11208425785527,2023,11.0,70.0,0.15714285714285714,7.0,35.0,0.2,-0.34285714285714286,0.0,-0.3,0.0,0.29954166666666665,1,2020-01-01,1.0,0.0,2024,0.0
Indiana,2024-06-01,1814179.0,2024,1220463.0,148.64678404834885,1293314,140.27366903938255,2023,30.0,100.0,0.3,10.0,50.0,0.2,-0.2,0.0,-0.3,0.0,0.39477083333333335,1,2015-02-01,1.0,0.0,2024,1.0
Mississippi,2024-06-01,618907.0,2024,759514.0,81.48724052486195,831252,74.45479830424469,2023,42.0,122.0,0.3442622950819672,16.0,52.0,0.3076923076923077,-0.1557377049180328,0.0,-0.1923076923076923,0.0,0.3941875,0,,0.0,0.0,2024,0.0
North Dakota,2024-06-01,104660.0,2024,105296.0,99.3959884516031,122160,85.67452521283563,2023,12.0,94.0,0.1276595744680851,4.0,47.0,0.0851063829787234,-0.37234042553191493,0.0,-0.4148936170212766,0.0,0.3124166666666667,1,2014-01-01,1.0,0.0,2024,0.0
Ohio,2024-06-01,2895711.0,2024,2187122.0,132.3982384155982,2296371,126.0994412488226,2023,32.0,99.0,0.32323232323232326,7.0,33.0,0.21212121212121213,-0.17676767676767674,0.0,-0.28787878787878785,0.0,0.44145833333333334,1,2014-01-01,1.0,0.0,2024,0.0
Oklahoma,2024-06-01,989605.0,2024,915687.0,108.07240902186008,885167,111.79867753768498,2023,20.0,101.0,0.19801980198019803,8.0,48.0,0.16666666666666666,-0.30198019801980197,0.0,-0.33333333333333337,0.0,0.31266666666666665,1,2021-07-01,1.0,0.0,2024,0.0
Oregon,2024-06-01,1318085.0,2024,737782.0,178.65507697395708,797451,165.28727156903685,2023,35.0,60.0,0.5833333333333334,17.0,30.0,0.5666666666666667,0.08333333333333337,1.0,0.06666666666666665,1.0,0.5569375000000001,1,2014-01-01,1.0,0.0,2024,0.0
Rhode Island,2024-06-01,317487.0,2024,166359.0,190.84449894505258,188712,168.2389037263131,2023,64.0,75.0,0.8533333333333334,33.0,38.0,0.868421052631579,0.3533333333333334,1.0,0.368421052631579,1.0,0.5805625,1,2014-01-01,1.0,0.0,2024,0.0
South Carolina,2024-06-01,1117476.0,2024,1063038.0,105.12098344555886,1124024,99.41745016120652,2023,36.0,124.0,0.2903225806451613,16.0,46.0,0.34782608695652173,-0.2096774193548387,0.0,-0.15217391304347827,0.0,0.415875,0,,0.0,0.0,2024,0.0
South Dakota,2024-06-01,133438.0,2024,158748.0,84.05649205029356,166237,80.26973537780397,2023,7.0,70.0,0.1,4.0,35.0,0.11428571428571428,-0.4,0.0,-0.38571428571428573,0.0,0.34277083333333336,1,2023-07-01,1.0,0.0,2024,0.0
Tennessee,2024-06-01,1456541.0,2024,1393277.0,104.54066205069057,1514870,96.14957059021566,2023,24.0,99.0,0.24242424242424243,6.0,33.0,0.18181818181818182,-0.25757575757575757,0.0,-0.3181818181818182,0.0,0.356875,0,,0.0,0.0,2024,0.0
Texas,2024-06-01,4300313.0,2024,6023586.0,71.39124435178647,6299251,68.26705270197996,2023,64.0,150.0,0.4266666666666667,12.0,31.0,0.3870967741935484,-0.0733333333333333,0.0,-0.11290322580645162,0.0,0.4462916666666667,0,,0.0,0.0,2024,0.0
Utah,2024-06-01,340602.0,2024,451465.0,75.44372210470358,456764,74.56848613288263,2023,14.0,75.0,0.18666666666666668,6.0,29.0,0.20689655172413793,-0.31333333333333335,0.0,-0.2931034482758621,0.0,0.3884375,1,2020-01-01,1.0,0.0,2024,0.0
Wyoming,2024-06-01,67548.0,2024,96051.0,70.32513976949745,93266,72.42510668410782,2023,5.0,62.0,0.08064516129032258,2.0,31.0,0.06451612903225806,-0.41935483870967744,0.0,-0.43548387096774194,0.0,0.25904166666666667,0,,0.0,0.0,2024,0.0
Alabama,2024-07-01,975887.0,2024,1116599.0,87.39816173935317,1174119,83.11653248094954,2023,28.0,105.0,0.26666666666666666,7.0,35.0,0.2,-0.23333333333333334,0.0,-0.3,0.0,0.3421666666666667,0,,0.0,0.0,2024,0.0
Arkansas,2024-07-01,832794.0,2024,706692.0,117.84398295155457,761746,109.32699351227313,2023,18.0,100.0,0.18,6.0,35.0,0.17142857142857143,-0.32,0.0,-0.32857142857142857,0.0,0.33625,1,2014-01-01,1.0,0.0,2024,0.0
California,2024-07-01,13554050.0,2024,6705321.0,202.1387193842025,7534254,179.89903180859048,2023,62.0,80.0,0.775,32.0,40.0,0.8,0.275,1.0,0.30000000000000004,1.0,0.6038333333333333,1,2014-01-01,1.0,0.0,2024,0.0
Connecticut,2024-07-01,941447.0,2024,520053.0,181.02904896231732,530145,177.5829254260627,2023,96.0,151.0,0.6357615894039735,24.0,36.0,0.6666666666666666,0.13576158940397354,1.0,0.16666666666666663,1.0,0.5692499999999999,1,2014-01-01,1.0,0.0,2024,0.0
Delaware,2024-07-01,250910.0,2024,147229.0,170.42158813820646,165961,151.18612204072042,2023,26.0,41.0,0.6341463414634146,15.0,21.0,0.7142857142857143,0.13414634146341464,1.0,0.2142857142857143,1.0,0.5676666666666667,1,2014-01-01,1.0,0.0,2024,0.0
Florida,2024-07-01,3796877.0,2024,4070991.0,93.26665178085631,4384883,86.59015531315202,2023,35.0,120.0,0.2916666666666667,12.0,40.0,0.3,-0.20833333333333331,0.0,-0.2,0.0,0.436,0,,0.0,0.0,2024,0.0
Georgia,2024-07-01,2022501.0,2024,2123949.0,95.22361412632789,2209726,91.52723007286876,2023,79.0,180.0,0.4388888888888889,23.0,56.0,0.4107142857142857,-0.061111111111111116,0.0,-0.0892857142857143,0.0,0.48224999999999996,0,,0.0,0.0,2024,1.0
Hawaii,2024-07-01,407552.0,2024,203721.0,200.05399541529835,185180,220.08424235878604,2023,45.0,51.0,0.8823529411764706,23.0,25.0,0.92,0.38235294117647056,1.0,0.42000000000000004,1.0,0.6069166666666667,1,2014-01-01,1.0,0.0,2024,0.0
Idaho,2024-07-01,321164.0,2024,307164.0,104.55782578687607,341618,94.01261057672605,2023,11.0,70.0,0.15714285714285714,7.0,35.0,0.2,-0.34285714285714286,0.0,-0.3,0.0,0.29883333333333334,1,2020-01-01,1.0,0.0,2024,0.0
Indiana,2024-07-01,1790270.0,2024,1220463.0,146.6877734105827,1293314,138.425007384131,2023,30.0,100.0,0.3,10.0,50.0,0.2,-0.2,0.0,-0.3,0.0,0.3944166666666667,1,2015-02-01,1.0,0.0,2024,1.0
Mississippi,2024-07-01,609320.0,2024,759514.0,80.22498597787533,831252,73.30147777088055,2023,42.0,122.0,0.3442622950819672,16.0,52.0,0.3076923076923077,-0.1557377049180328,0.0,-0.1923076923076923,0.0,0.39375,0,,0.0,0.0,2024,0.0
North Dakota,2024-07-01,105346.0,2024,105296.0,100.04748518462239,122160,86.23608382449247,2023,12.0,94.0,0.1276595744680851,4.0,47.0,0.0851063829787234,-0.37234042553191493,0.0,-0.4148936170212766,0.0,0.31233333333333335,1,2014-01-01,1.0,0.0,2024,0.0
Ohio,2024-07-01,2883680.0,2024,2187122.0,131.8481547897191,2296371,125.57552764775379,2023,32.0,99.0,0.32323232323232326,7.0,33.0,0.21212121212121213,-0.17676767676767674,0.0,-0.28787878787878785,0.0,0.44116666666666665,1,2014-01-01,1.0,0.0,2024,0.0
Oklahoma,2024-07-01,987674.0,2024,915687.0,107.8615291032853,885167,111.58052661249233,2023,20.0,101.0,0.19801980198019803,8.0,48.0,0.16666666666666666,-0.30198019801980197,0.0,-0.33333333333333337,0.0,0.31233333333333335,1,2021-07-01,1.0,0.0,2024,0.0
Oregon,2024-07-01,1287121.0,2024,737782.0,174.45817328153845,797451,161.40439976876323,2023,35.0,60.0,0.5833333333333334,17.0,30.0,0.5666666666666667,0.08333333333333337,1.0,0.06666666666666665,1.0,0.5567500000000001,1,2014-01-01,1.0,0.0,2024,0.0
Rhode Island,2024-07-01,318081.0,2024,166359.0,191.2015580762087,188712,168.5536690830472,2023,64.0,75.0,0.8533333333333334,33.0,38.0,0.868421052631579,0.3533333333333334,1.0,0.368421052631579,1.0,0.5802499999999999,1,2014-01-01,1.0,0.0,2024,0.0
South Carolina,2024-07-01,1087398.0,2024,1063038.0,102.29154555152309,1124024,96.7415286506338,2023,36.0,124.0,0.2903225806451613,16.0,46.0,0.34782608695652173,-0.2096774193548387,0.0,-0.15217391304347827,0.0,0.4155,0,,0.0,0.0,2024,0.0
South Dakota,2024-07-01,135981.0,2024,158748.0,85.65840199561569,166237,81.79947905700897,2023,7.0,70.0,0.1,4.0,35.0,0.11428571428571428,-0.4,0.0,-0.38571428571428573,0.0,0.3424166666666667,1,2023-07-01,1.0,0.0,2024,0.0
Tennessee,2024-07-01,1459868.0,2024,1393277.0,104.77945160940718,1514870,96.369193396133,2023,24.0,99.0,0.24242424242424243,6.0,33.0,0.18181818181818182,-0.25757575757575757,0.0,-0.3181818181818182,0.0,0.3565,0,,0.0,0.0,2024,0.0
Texas,2024-07-01,4305215.0,2024,6023586.0,71.47262444663362,6299251,68.34487147757726,2023,64.0,150.0,0.4266666666666667,12.0,31.0,0.3870967741935484,-0.0733333333333333,0.0,-0.11290322580645162,0.0,0.44583333333333336,0,,0.0,0.0,2024,0.0
Utah,2024-07-01,341019.0,2024,451465.0,75.53608806884255,456764,74.65978054312512,2023,14.0,75.0,0.18666666666666668,6.0,29.0,0.20689655172413793,-0.31333333333333335,0.0,-0.2931034482758621,0.0,0.38875000000000004,1,2020-01-01,1.0,0.0,2024,0.0
Wyoming,2024-07-01,66620.0,2024,96051.0,69.3589863718233,93266,71.43010314584093,2023,5.0,62.0,0.08064516129032258,2.0,31.0,0.06451612903225806,-0.41935483870967744,0.0,-0.43548387096774194,0.0,0.25883333333333336,0,,0.0,0.0,2024,0.0
Alabama,2024-08-01,962386.0,2024,1116599.0,86.18904369428954,1174119,81.96664903642646,2023,28.0,105.0,0.26666666666666666,7.0,35.0,0.2,-0.23333333333333334,0.0,-0.3,0.0,0.341625,0,,0.0,0.0,2024,0.0
Arkansas,2024-08-01,832730.0,2024,706692.0,117.83492667244005,761746,109.31859176155831,2023,18.0,100.0,0.18,6.0,35.0,0.17142857142857143,-0.32,0.0,-0.32857142857142857,0.0,0.3359375,1,2014-01-01,1.0,0.0,2024,0.0
California,2024-08-01,13567369.0,2024,6705321.0,202.3373526785668,7534254,180.075811088928,2023,62.0,80.0,0.775,32.0,40.0,0.8,0.275,1.0,0.30000000000000004,1.0,0.603125,1,2014-01-01,1.0,0.0,2024,0.0
Connecticut,2024-08-01,939791.0,2024,520053.0,180.7106198791277,530145,177.27055805487177,2023,96.0,151.0,0.6357615894039735,24.0,36.0,0.6666666666666666,0.13576158940397354,1.0,0.16666666666666663,1.0,0.5686874999999999,1,2014-01-01,1.0,0.0,2024,0.0
Delaware,2024-08-01,251307.0,2024,147229.0,170.69123610158326,165961,151.42533486783037,2023,26.0,41.0,0.6341463414634146,15.0,21.0,0.7142857142857143,0.13414634146341464,1.0,0.2142857142857143,1.0,0.5672499999999999,1,2014-01-01,1.0,0.0,2024,0.0
Florida,2024-08-01,3808822.0,2024,4070991.0,93.56006928042828,4384883,86.86256851095001,2023,35.0,120.0,0.2916666666666667,12.0,40.0,0.3,-0.20833333333333331,0.0,-0.2,0.0,0.435,0,,0.0,0.0,2024,0.0
Georgia,2024-08-01,2017493.0,2024,2123949.0,94.98782692051458,2209726,91.30059563945937,2023,79.0,180.0,0.4388888888888889,23.0,56.0,0.4107142857142857,-0.061111111111111116,0.0,-0.0892857142857143,0.0,0.48193749999999996,0,,0.0,0.0,2024,1.0
Hawaii,2024-08-01,402594.0,2024,203721.0,197.62027478757713,185180,217.40684739172696,2023,45.0,51.0,0.8823529411764706,23.0,25.0,0.92,0.38235294117647056,1.0,0.42000000000000004,1.0,0.6061875,1,2014-01-01,1.0,0.0,2024,0.0
Idaho,2024-08-01,317463.0,2024,307164.0,103.35293198421691,341618,92.92923674981998,2023,11.0,70.0,0.15714285714285714,7.0,35.0,0.2,-0.34285714285714286,0.0,-0.3,0.0,0.298125,1,2020-01-01,1.0,0.0,2024,0.0
Indiana,2024-08-01,1790825.0,2024,1220463.0,146.73324795589872,1293314,138.4679203967482,2023,30.0,100.0,0.3,10.0,50.0,0.2,-0.2,0.0,-0.3,0.0,0.39406250000000004,1,2015-02-01,1.0,0.0,2024,1.0
Mississippi,2024-08-01,610264.0,2024,759514.0,80.34927598437949,831252,73.41504140741917,2023,42.0,122.0,0.3442622950819672,16.0,52.0,0.3076923076923077,-0.1557377049180328,0.0,-0.1923076923076923,0.0,0.3933125,0,,0.0,0.0,2024,0.0
North Dakota,2024-08-01,106054.0,2024,105296.0,100.71987539887554,122160,86.81565160445318,2023,12.0,94.0,0.1276595744680851,4.0,47.0,0.0851063829787234,-0.37234042553191493,0.0,-0.4148936170212766,0.0,0.31225,1,2014-01-01,1.0,0.0,2024,0.0
Ohio,2024-08-01,2877085.0,2024,2187122.0,131.54661696969808,2296371,125.28833537786359,2023,32.0,99.0,0.32323232323232326,7.0,33.0,0.21212121212121213,-0.17676767676767674,0.0,-0.28787878787878785,0.0,0.440875,1,2014-01-01,1.0,0.0,2024,0.0
Oklahoma,2024-08-01,987423.0,2024,915687.0,107.83411799009923,885167,111.55217038140826,2023,20.0,101.0,0.19801980198019803,8.0,48.0,0.16666666666666666,-0.30198019801980197,0.0,-0.33333333333333337,0.0,0.312,1,2021-07-01,1.0,0.0,2024,0.0
Oregon,2024-08-01,1293500.0,2024,737782.0,175.32279182739617,797451,162.20432352583418,2023,35.0,60.0,0.5833333333333334,17.0,30.0,0.5666666666666667,0.08333333333333337,1.0,0.06666666666666665,1.0,0.5565625000000001,1,2014-01-01,1.0,0.0,2024,0.0
Rhode Island,2024-08-01,318769.0,2024,166359.0,191.61512151431543,188712,168.9182457925304,2023,64.0,75.0,0.8533333333333334,33.0,38.0,0.868421052631579,0.3533333333333334,1.0,0.368421052631579,1.0,0.5799375,1,2014-01-01,1.0,0.0,2024,0.0
South Carolina,2024-08-01,1068723.0,2024,1063038.0,100.53478803203649,1124024,95.08008725792332,2023,36.0,124.0,0.2903225806451613,16.0,46.0,0.34782608695652173,-0.2096774193548387,0.0,-0.15217391304347827,0.0,0.41512499999999997,0,,0.0,0.0,2024,0.0
South Dakota,2024-08-01,138437.0,2024,158748.0,87.20550810088946,166237,83.27688781679169,2023,7.0,70.0,0.1,4.0,35.0,0.11428571428571428,-0.4,0.0,-0.38571428571428573,0.0,0.34206250000000005,1,2023-07-01,1.0,0.0,2024,0.0
Tennessee,2024-08-01,1451649.0,2024,1393277.0,104.18954737643699,1514870,95.82663858944991,2023,24.0,99.0,0.24242424242424243,6.0,33.0,0.18181818181818182,-0.25757575757575757,0.0,-0.3181818181818182,0.0,0.35612499999999997,0,,0.0,0.0,2024,0.0
Texas,2024-08-01,4311942.0,2024,6023586.0,71.58430210841183,6299251,68.45166195155583,2023,64.0,150.0,0.4266666666666667,12.0,31.0,0.3870967741935484,-0.0733333333333333,0.0,-0.11290322580645162,0.0,0.445375,0,,0.0,0.0,2024,0.0
Utah,2024-08-01,342499.0,2024,451465.0,75.86390971614632,456764,74.98379907348215,2023,14.0,75.0,0.18666666666666668,6.0,29.0,0.20689655172413793,-0.31333333333333335,0.0,-0.2931034482758621,0.0,0.38906250000000003,1,2020-01-01,1.0,0.0,2024,0.0
Wyoming,2024-08-01,65653.0,2024,96051.0,68.35222954472103,93266,70.39328372611669,2023,5.0,62.0,0.08064516129032258,2.0,31.0,0.06451612903225806,-0.41935483870967744,0.0,-0.43548387096774194,0.0,0.258625,0,,0.0,0.0,2024,0.0
Alabama,2024-09-01,962028.0,2024,1116599.0,86.15698204995705,1174119,81.93615808959738,2023,28.0,105.0,0.26666666666666666,7.0,35.0,0.2,-0.23333333333333334,0.0,-0.3,0.0,0.34108333333333335,0,,0.0,0.0,2024,0.0
Arkansas,2024-09-01,827996.0,2024,706692.0,117.16504502668772,761746,108.69712476337257,2023,18.0,100.0,0.18,6.0,35.0,0.17142857142857143,-0.32,0.0,-0.32857142857142857,0.0,0.335625,1,2014-01-01,1.0,0.0,2024,0.0
California,2024-09-01,13539795.0,2024,6705321.0,201.92612702658082,7534254,179.70982926776824,2023,62.0,80.0,0.775,32.0,40.0,0.8,0.275,1.0,0.30000000000000004,1.0,0.6024166666666666,1,2014-01-01,1.0,0.0,2024,0.0
Connecticut,2024-09-01,937556.0,2024,520053.0,180.28085598967797,530145,176.84897528034782,2023,96.0,151.0,0.6357615894039735,24.0,36.0,0.6666666666666666,0.13576158940397354,1.0,0.16666666666666663,1.0,0.568125,1,2014-01-01,1.0,0.0,2024,0.0
Delaware,2024-09-01,251745.0,2024,147229.0,170.9887318395153,165961,151.6892522942137,2023,26.0,41.0,0.6341463414634146,15.0,21.0,0.7142857142857143,0.13414634146341464,1.0,0.2142857142857143,1.0,0.5668333333333333,1,2014-01-01,1.0,0.0,2024,0.0
Florida,2024-09-01,3797328.0,2024,4070991.0,93.27773016447347,4384883,86.60044065029786,2023,35.0,120.0,0.2916666666666667,12.0,40.0,0.3,-0.20833333333333331,0.0,-0.2,0.0,0.434,0,,0.0,0.0,2024,0.0
Georgia,2024-09-01,1999306.0,2024,2123949.0,94.1315445898183,2209726,90.47755242052634,2023,79.0,180.0,0.4388888888888889,23.0,56.0,0.4107142857142857,-0.061111111111111116,0.0,-0.0892857142857143,0.0,0.48162499999999997,0,,0.0,0.0,2024,1.0
Hawaii,2024-09-01,403108.0,2024,203721.0,197.87258063724406,185180,217.68441516362458,2023,45.0,51.0,0.8823529411764706,23.0,25.0,0.92,0.38235294117647056,1.0,0.42000000000000004,1.0,0.6054583333333333,1,2014-01-01,1.0,0.0,2024,0.0
Idaho,2024-09-01,315795.0,2024,307164.0,102.80989959760909,341618,92.44097207992553,2023,11.0,70.0,0.15714285714285714,7.0,35.0,0.2,-0.34285714285714286,0.0,-0.3,0.0,0.29741666666666666,1,2020-01-01,1.0,0.0,2024,0.0
Indiana,2024-09-01,1792386.0,2024,1220463.0,146.8611502356073,1293314,138.58861807728053,2023,30.0,100.0,0.3,10.0,50.0,0.2,-0.2,0.0,-0.3,0.0,0.3937083333333333,1,2015-02-01,1.0,0.0,2024,1.0
Mississippi,2024-09-01,610135.0,2024,759514.0,80.33229143899915,831252,73.39952264776505,2023,42.0,122.0,0.3442622950819672,16.0,52.0,0.3076923076923077,-0.1557377049180328,0.0,-0.1923076923076923,0.0,0.39287500000000003,0,,0.0,0.0,2024,0.0
North Dakota,2024-09-01,106273.0,2024,105296.0,100.92786050752164,122160,86.99492468893256,2023,12.0,94.0,0.1276595744680851,4.0,47.0,0.0851063829787234,-0.37234042553191493,0.0,-0.4148936170212766,0.0,0.31216666666666665,1,2014-01-01,1.0,0.0,2024,0.0
Ohio,2024-09-01,2871534.0,2024,2187122.0,131.29281311239154,2296371,125.04660614508718,2023,32.0,99.0,0.32323232323232326,7.0,33.0,0.21212121212121213,-0.17676767676767674,0.0,-0.28787878787878785,0.0,0.4405833333333333,1,2014-01-01,1.0,0.0,2024,0.0
Oklahoma,2024-09-01,987371.0,2024,915687.0,107.82843919374197,885167,111.54629578373347,2023,20.0,101.0,0.19801980198019803,8.0,48.0,0.16666666666666666,-0.30198019801980197,0.0,-0.33333333333333337,0.0,0.31166666666666665,1,2021-07-01,1.0,0.0,2024,0.0
Oregon,2024-09-01,1299661.0,2024,737782.0,176.15786234958296,797451,162.97691018006122,2023,35.0,60.0,0.5833333333333334,17.0,30.0,0.5666666666666667,0.08333333333333337,1.0,0.06666666666666665,1.0,0.5563750000000001,1,2014-01-01,1.0,0.0,2024,0.0
Rhode Island,2024-09-01,317826.0,2024,166359.0,191.04827511586387,188712,168.41854254101486,2023,64.0,75.0,0.8533333333333334,33.0,38.0,0.868421052631579,0.3533333333333334,1.0,0.368421052631579,1.0,0.579625,1,2014-01-01,1.0,0.0,2024,0.0
South Carolina,2024-09-01,1066584.0,2024,1063038.0,100.33357227116998,1124024,94.88978883013174,2023,36.0,124.0,0.2903225806451613,16.0,46.0,0.34782608695652173,-0.2096774193548387,0.0,-0.15217391304347827,0.0,0.41474999999999995,0,,0.0,0.0,2024,0.0
South Dakota,2024-09-01,140438.0,2024,158748.0,88.46599642200216,166237,84.48059096350391,2023,7.0,70.0,0.1,4.0,35.0,0.11428571428571428,-0.4,0.0,-0.38571428571428573,0.0,0.34170833333333334,1,2023-07-01,1.0,0.0,2024,0.0
Tennessee,2024-09-01,1450843.0,2024,1393277.0,104.13169814760452,1514870,95.77343270379637,2023,24.0,99.0,0.24242424242424243,6.0,33.0,0.18181818181818182,-0.25757575757575757,0.0,-0.3181818181818182,0.0,0.35575,0,,0.0,0.0,2024,0.0
Texas,2024-09-01,4293010.0,2024,6023586.0,71.2700042798426,6299251,68.15111828374516,2023,64.0,150.0,0.4266666666666667,12.0,31.0,0.3870967741935484,-0.0733333333333333,0.0,-0.11290322580645162,0.0,0.4449166666666667,0,,0.0,0.0,2024,0.0
Utah,2024-09-01,343713.0,2024,451465.0,76.13281206738064,456764,75.24958184095068,2023,14.0,75.0,0.18666666666666668,6.0,29.0,0.20689655172413793,-0.31333333333333335,0.0,-0.2931034482758621,0.0,0.389375,1,2020-01-01,1.0,0.0,2024,0.0
Wyoming,2024-09-01,64306.0,2024,96051.0,66.9498495590884,93266,68.9490275127056,2023,5.0,62.0,0.08064516129032258,2.0,31.0,0.06451612903225806,-0.41935483870967744,0.0,-0.43548387096774194,0.0,0.2584166666666667,0,,0.0,0.0,2024,0.0
Alabama,2024-10-01,962449.0,2024,1116599.0,86.19468582723073,1174119,81.97201476170643,2023,28.0,105.0,0.26666666666666666,7.0,35.0,0.2,-0.23333333333333334,0.0,-0.3,0.0,0.3405416666666667,0,,0.0,0.0,2024,0.0
Arkansas,2024-10-01,826212.0,2024,706692.0,116.91260124637041,761746,108.46292596219737,2023,18.0,100.0,0.18,6.0,35.0,0.17142857142857143,-0.32,0.0,-0.32857142857142857,0.0,0.3353125,1,2014-01-01,1.0,0.0,2024,0.0
California,2024-10-01,13530999.0,2024,6705321.0,201.7949476244314,7534254,179.593082473726,2023,62.0,80.0,0.775,32.0,40.0,0.8,0.275,1.0,0.30000000000000004,1.0,0.6017083333333333,1,2014-01-01,1.0,0.0,2024,0.0
Connecticut,2024-10-01,933797.0,2024,520053.0,179.55804504540885,530145,176.13992398306124,2023,96.0,151.0,0.6357615894039735,24.0,36.0,0.6666666666666666,0.13576158940397354,1.0,0.16666666666666663,1.0,0.5675625,1,2014-01-01,1.0,0.0,2024,0.0
Delaware,2024-10-01,250651.0,2024,147229.0,170.2456717086987,165961,151.03006127945721,2023,26.0,41.0,0.6341463414634146,15.0,21.0,0.7142857142857143,0.13414634146341464,1.0,0.2142857142857143,1.0,0.5664166666666666,1,2014-01-01,1.0,0.0,2024,0.0
Florida,2024-10-01,3765231.0,2024,4070991.0,92.48929806034944,4384883,85.86844848539859,2023,35.0,120.0,0.2916666666666667,12.0,40.0,0.3,-0.20833333333333331,0.0,-0.2,0.0,0.433,0,,0.0,0.0,2024,0.0
Georgia,2024-10-01,2003247.0,2024,2123949.0,94.31709518448889,2209726,90.6559003242936,2023,79.0,180.0,0.4388888888888889,23.0,56.0,0.4107142857142857,-0.061111111111111116,0.0,-0.0892857142857143,0.0,0.4813125,0,,0.0,0.0,2024,1.0
Hawaii,2024-10-01,402962.0,2024,203721.0,197.8009139951208,185180,217.60557295604275,2023,45.0,51.0,0.8823529411764706,23.0,25.0,0.92,0.38235294117647056,1.0,0.42000000000000004,1.0,0.6047291666666667,1,2014-01-01,1.0,0.0,2024,0.0
Idaho,2024-10-01,317061.0,2024,307164.0,103.2220572723366,341618,92.81156145167995,2023,11.0,70.0,0.15714285714285714,7.0,35.0,0.2,-0.34285714285714286,0.0,-0.3,0.0,0.29670833333333335,1,2020-01-01,1.0,0.0,2024,0.0
Indiana,2024-10-01,1787157.0,2024,1220463.0,146.43270627622468,1293314,138.18430790975742,2023,30.0,100.0,0.3,10.0,50.0,0.2,-0.2,0.0,-0.3,0.0,0.39335416666666667,1,2015-02-01,1.0,0.0,2024,1.0
Mississippi,2024-10-01,608862.0,2024,759514.0,80.16468425861801,831252,73.24638015908533,2023,42.0,122.0,0.3442622950819672,16.0,52.0,0.3076923076923077,-0.1557377049180328,0.0,-0.1923076923076923,0.0,0.3924375,0,,0.0,0.0,2024,0.0
North Dakota,2024-10-01,106816.0,2024,105296.0,101.44354961252088,122160,87.43942370661428,2023,12.0,94.0,0.1276595744680851,4.0,47.0,0.0851063829787234,-0.37234042553191493,0.0,-0.4148936170212766,0.0,0.3120833333333333,1,2014-01-01,1.0,0.0,2024,0.0
Ohio,2024-10-01,2875313.0,2024,2187122.0,131.4655972552057,2296371,125.21117014628733,2023,32.0,99.0,0.32323232323232326,7.0,33.0,0.21212121212121213,-0.17676767676767674,0.0,-0.28787878787878785,0.0,0.4402916666666667,1,2014-01-01,1.0,0.0,2024,0.0
Oklahoma,2024-10-01,994551.0,2024,915687.0,108.61254992153432,885167,112.35744215498318,2023,20.0,101.0,0.19801980198019803,8.0,48.0,0.16666666666666666,-0.30198019801980197,0.0,-0.33333333333333337,0.0,0.31133333333333335,1,2021-07-01,1.0,0.0,2024,0.0
Oregon,2024-10-01,1304530.0,2024,737782.0,176.8178133920318,797451,163.5874806100939,2023,35.0,60.0,0.5833333333333334,17.0,30.0,0.5666666666666667,0.08333333333333337,1.0,0.06666666666666665,1.0,0.5561875000000001,1,2014-01-01,1.0,0.0,2024,0.0
Rhode Island,2024-10-01,307040.0,2024,166359.0,184.56470644810318,188712,162.70295476705243,2023,64.0,75.0,0.8533333333333334,33.0,38.0,0.868421052631579,0.3533333333333334,1.0,0.368421052631579,1.0,0.5793125,1,2014-01-01,1.0,0.0,2024,0.0
South Carolina,2024-10-01,1062413.0,2024,1063038.0,99.94120624098105,1124024,94.51871134424175,2023,36.0,124.0,0.2903225806451613,16.0,46.0,0.34782608695652173,-0.2096774193548387,0.0,-0.15217391304347827,0.0,0.414375,0,,0.0,0.0,2024,0.0
South Dakota,2024-10-01,142007.0,2024,158748.0,89.45435533046086,166237,85.42442416549866,2023,7.0,70.0,0.1,4.0,35.0,0.11428571428571428,-0.4,0.0,-0.38571428571428573,0.0,0.3413541666666667,1,2023-07-01,1.0,0.0,2024,0.0
Tennessee,2024-10-01,1443418.0,2024,1393277.0,103.59878186462564,1514870,95.28329163558588,2023,24.0,99.0,0.24242424242424243,6.0,33.0,0.18181818181818182,-0.25757575757575757,0.0,-0.3181818181818182,0.0,0.355375,0,,0.0,0.0,2024,0.0
Texas,2024-10-01,4245262.0,2024,6023586.0,70.47732032048684,6299251,67.39312340467144,2023,64.0,150.0,0.4266666666666667,12.0,31.0,0.3870967741935484,-0.0733333333333333,0.0,-0.11290322580645162,0.0,0.44445833333333334,0,,0.0,0.0,2024,0.0
Utah,2024-10-01,343306.0,2024,451465.0,76.0426611143721,456764,75.1604767451025,2023,14.0,75.0,0.18666666666666668,6.0,29.0,0.20689655172413793,-0.31333333333333335,0.0,-0.2931034482758621,0.0,0.3896875,1,2020-01-01,1.0,0.0,2024,0.0
Wyoming,2024-10-01,63994.0,2024,96051.0,66.62502212366347,93266,68.6145004610469,2023,5.0,62.0,0.08064516129032258,2.0,31.0,0.06451612903225806,-0.41935483870967744,0.0,-0.43548387096774194,0.0,0.2582083333333333,0,,0.0,0.0,2024,0.0
Alabama,2024-11-01,960142.0,2024,1116599.0,85.98807629238429,1174119,81.77552701216827,2023,28.0,105.0,0.26666666666666666,7.0,35.0,0.2,-0.23333333333333334,0.0,-0.3,0.0,0.34,0,,0.0,0.0,2024,0.0
Arkansas,2024-11-01,824423.0,2024,706692.0,116.65944994424729,761746,108.22807077424758,2023,18.0,100.0,0.18,6.0,35.0,0.17142857142857143,-0.32,0.0,-0.32857142857142857,0.0,0.335,1,2014-01-01,1.0,0.0,2024,0.0
California,2024-11-01,13502553.0,2024,6705321.0,201.37071737505187,7534254,179.21552684578992,2023,62.0,80.0,0.775,32.0,40.0,0.8,0.275,1.0,0.30000000000000004,1.0,0.601,1,2014-01-01,1.0,0.0,2024,0.0
Connecticut,2024-11-01,929526.0,2024,520053.0,178.73678259715837,530145,175.33429533429535,2023,96.0,151.0,0.6357615894039735,24.0,36.0,0.6666666666666666,0.13576158940397354,1.0,0.16666666666666663,1.0,0.567,1,2014-01-01,1.0,0.0,2024,0.0
Delaware,2024-11-01,249009.0,2024,147229.0,169.1304022984602,165961,150.04067220612072,2023,26.0,41.0,0.6341463414634146,15.0,21.0,0.7142857142857143,0.13414634146341464,1.0,0.2142857142857143,1.0,0.566,1,2014-01-01,1.0,0.0,2024,0.0
Florida,2024-11-01,3788467.0,2024,4070991.0,93.06006817504631,4384883,86.39836000185181,2023,35.0,120.0,0.2916666666666667,12.0,40.0,0.3,-0.20833333333333331,0.0,-0.2,0.0,0.432,0,,0.0,0.0,2024,0.0
Georgia,2024-11-01,1967089.0,2024,2123949.0,92.61470025881036,2209726,89.01958885400272,2023,79.0,180.0,0.4388888888888889,23.0,56.0,0.4107142857142857,-0.061111111111111116,0.0,-0.0892857142857143,0.0,0.481,0,,0.0,0.0,2024,1.0
Hawaii,2024-11-01,403249.0,2024,203721.0,197.94179294230835,185180,217.7605572956043,2023,45.0,51.0,0.8823529411764706,23.0,25.0,0.92,0.38235294117647056,1.0,0.42000000000000004,1.0,0.604,1,2014-01-01,1.0,0.0,2024,0.0
Idaho,2024-11-01,318399.0,2024,307164.0,103.65765519396804,341618,93.20322699623557,2023,11.0,70.0,0.15714285714285714,7.0,35.0,0.2,-0.34285714285714286,0.0,-0.3,0.0,0.296,1,2020-01-01,1.0,0.0,2024,0.0
Indiana,2024-11-01,1783049.0,2024,1220463.0,146.09611270476861,1293314,137.8666742956467,2023,30.0,100.0,0.3,10.0,50.0,0.2,-0.2,0.0,-0.3,0.0,0.393,1,2015-02-01,1.0,0.0,2024,1.0
Mississippi,2024-11-01,607165.0,2024,759514.0,79.94125190582399,831252,73.04223027433318,2023,42.0,122.0,0.3442622950819672,16.0,52.0,0.3076923076923077,-0.1557377049180328,0.0,-0.1923076923076923,0.0,0.392,0,,0.0,0.0,2024,0.0
North Dakota,2024-11-01,107408.0,2024,105296.0,102.0057741984501,122160,87.92403405370007,2023,12.0,94.0,0.1276595744680851,4.0,47.0,0.0851063829787234,-0.37234042553191493,0.0,-0.4148936170212766,0.0,0.312,1,2014-01-01,1.0,0.0,2024,0.0
Ohio,2024-11-01,2846555.0,2024,2187122.0,130.15071861560534,2296371,123.95884637107855,2023,32.0,99.0,0.32323232323232326,7.0,33.0,0.21212121212121213,-0.17676767676767674,0.0,-0.28787878787878785,0.0,0.44,1,2014-01-01,1.0,0.0,2024,0.0
Oklahoma,2024-11-01,989193.0,2024,915687.0,108.02741548149095,885167,111.7521326484155,2023,20.0,101.0,0.19801980198019803,8.0,48.0,0.16666666666666666,-0.30198019801980197,0.0,-0.33333333333333337,0.0,0.311,1,2021-07-01,1.0,0.0,2024,0.0
Oregon,2024-11-01,1312806.0,2024,737782.0,177.93955396038396,797451,164.62528732172885,2023,35.0,60.0,0.5833333333333334,17.0,30.0,0.5666666666666667,0.08333333333333337,1.0,0.06666666666666665,1.0,0.556,1,2014-01-01,1.0,0.0,2024,0.0
Rhode Island,2024-11-01,306161.0,2024,166359.0,184.03633106714997,188712,162.23716562804697,2023,64.0,75.0,0.8533333333333334,33.0,38.0,0.868421052631579,0.3533333333333334,1.0,0.368421052631579,1.0,0.579,1,2014-01-01,1.0,0.0,2024,0.0
South Carolina,2024-11-01,1063774.0,2024,1063038.0,100.06923553062073,1124024,94.63979416809606,2023,36.0,124.0,0.2903225806451613,16.0,46.0,0.34782608695652173,-0.2096774193548387,0.0,-0.15217391304347827,0.0,0.414,0,,0.0,0.0,2024,0.0
South Dakota,2024-11-01,143371.0,2024,158748.0,90.31357875374808,166237,86.24493945391218,2023,7.0,70.0,0.1,4.0,35.0,0.11428571428571428,-0.4,0.0,-0.38571428571428573,0.0,0.341,1,2023-07-01,1.0,0.0,2024,0.0
Tennessee,2024-11-01,1444552.0,2024,1393277.0,103.68017271511695,1514870,95.35814954418531,2023,24.0,99.0,0.24242424242424243,6.0,33.0,0.18181818181818182,-0.25757575757575757,0.0,-0.3181818181818182,0.0,0.355,0,,0.0,0.0,2024,0.0
Texas,2024-11-01,4219924.0,2024,6023586.0,70.05667388163795,6299251,66.99088510681666,2023,64.0,150.0,0.4266666666666667,12.0,31.0,0.3870967741935484,-0.0733333333333333,0.0,-0.11290322580645162,0.0,0.444,0,,0.0,0.0,2024,0.0
Utah,2024-11-01,343710.0,2024,451465.0,76.1321475640415,456764,75.2489250466324,2023,14.0,75.0,0.18666666666666668,6.0,29.0,0.20689655172413793,-0.31333333333333335,0.0,-0.2931034482758621,0.0,0.39,1,2020-01-01,1.0,0.0,2024,0.0
Wyoming,2024-11-01,64142.0,2024,96051.0,66.7791069327753,93266,68.77318637016705,2023,5.0,62.0,0.08064516129032258,2.0,31.0,0.06451612903225806,-0.41935483870967744,0.0,-0.43548387096774194,0.0,0.258,0,,0.0,0.0,2024,0.0
Alabama,2024-12-01,956343.0,2024,1116599.0,85.64784672026394,1174119,81.45196526076147,2023,28.0,105.0,0.26666666666666666,7.0,35.0,0.2,-0.23333333333333334,0.0,-0.3,0.0,0.34,0,,0.0,0.0,2024,0.0
Arkansas,2024-12-01,823234.0,2024,706692.0,116.4912012588228,761746,108.0719819992491,2023,18.0,100.0,0.18,6.0,35.0,0.17142857142857143,-0.32,0.0,-0.32857142857142857,0.0,0.335,1,2014-01-01,1.0,0.0,2024,0.0
California,2024-12-01,13487072.0,2024,6705321.0,201.1398410307277,7534254,179.01005195736698,2023,62.0,80.0,0.775,32.0,40.0,0.8,0.275,1.0,0.30000000000000004,1.0,0.601,1,2014-01-01,1.0,0.0,2024,0.0
Connecticut,2024-12-01,928823.0,2024,520053.0,178.60160406727778,530145,175.2016901036509,2023,96.0,151.0,0.6357615894039735,24.0,36.0,0.6666666666666666,0.13576158940397354,1.0,0.16666666666666663,1.0,0.567,1,2014-01-01,1.0,0.0,2024,0.0
Delaware,2024-12-01,249368.0,2024,147229.0,169.37424012932235,165961,150.25698808756275,2023,26.0,41.0,0.6341463414634146,15.0,21.0,0.7142857142857143,0.13414634146341464,1.0,0.2142857142857143,1.0,0.566,1,2014-01-01,1.0,0.0,2024,0.0
Florida,2024-12-01,3740669.0,2024,4070991.0,91.8859560239755,4384883,85.30829670939909,2023,35.0,120.0,0.2916666666666667,12.0,40.0,0.3,-0.20833333333333331,0.0,-0.2,0.0,0.432,0,,0.0,0.0,2024,0.0
Georgia,2024-12-01,1961283.0,2024,2123949.0,92.341341529387,2209726,88.75684134594063,2023,79.0,180.0,0.4388888888888889,23.0,56.0,0.4107142857142857,-0.061111111111111116,0.0,-0.0892857142857143,0.0,0.481,0,,0.0,0.0,2024,1.0
Hawaii,2024-12-01,398504.0,2024,203721.0,195.6126270733012,185180,215.1981855491954,2023,45.0,51.0,0.8823529411764706,23.0,25.0,0.92,0.38235294117647056,1.0,0.42000000000000004,1.0,0.604,1,2014-01-01,1.0,0.0,2024,0.0
Idaho,2024-12-01,319959.0,2024,307164.0,104.16552721021995,341618,93.6598774069282,2023,11.0,70.0,0.15714285714285714,7.0,35.0,0.2,-0.34285714285714286,0.0,-0.3,0.0,0.296,1,2020-01-01,1.0,0.0,2024,0.0
Indiana,2024-12-01,1785338.0,2024,1220463.0,146.28366447815296,1293314,138.04366147741385,2023,30.0,100.0,0.3,10.0,50.0,0.2,-0.2,0.0,-0.3,0.0,0.393,1,2015-02-01,1.0,0.0,2024,1.0
Mississippi,2024-12-01,605422.0,2024,759514.0,79.71176304847573,831252,72.83254656830901,2023,42.0,122.0,0.3442622950819672,16.0,52.0,0.3076923076923077,-0.1557377049180328,0.0,-0.1923076923076923,0.0,0.392,0,,0.0,0.0,2024,0.0
North Dakota,2024-12-01,108618.0,2024,105296.0,103.15491566631212,122160,88.91453831041257,2023,12.0,94.0,0.1276595744680851,4.0,47.0,0.0851063829787234,-0.37234042553191493,0.0,-0.4148936170212766,0.0,0.312,1,2014-01-01,1.0,0.0,2024,0.0
Ohio,2024-12-01,2838003.0,2024,2187122.0,129.75970247658793,2296371,123.58643268008522,2023,32.0,99.0,0.32323232323232326,7.0,33.0,0.21212121212121213,-0.17676767676767674,0.0,-0.28787878787878785,0.0,0.44,1,2014-01-01,1.0,0.0,2024,0.0
Oklahoma,2024-12-01,988875.0,2024,915687.0,107.99268745761378,885167,111.71620722417353,2023,20.0,101.0,0.19801980198019803,8.0,48.0,0.16666666666666666,-0.30198019801980197,0.0,-0.33333333333333337,0.0,0.311,1,2021-07-01,1.0,0.0,2024,0.0
Oregon,2024-12-01,1317097.0,2024,737782.0,178.5211620776869,797451,165.16337680935882,2023,35.0,60.0,0.5833333333333334,17.0,30.0,0.5666666666666667,0.08333333333333337,1.0,0.06666666666666665,1.0,0.556,1,2014-01-01,1.0,0.0,2024,0.0
South Carolina,2024-12-01,1063506.0,2024,1063038.0,100.04402476675341,1124024,94.61595126082717,2023,36.0,124.0,0.2903225806451613,16.0,46.0,0.34782608695652173,-0.2096774193548387,0.0,-0.15217391304347827,0.0,0.414,0,,0.0,0.0,2024,0.0
South Dakota,2024-12-01,143339.0,2024,158748.0,90.29342101947742,166237,86.22568982837755,2023,7.0,70.0,0.1,4.0,35.0,0.11428571428571428,-0.4,0.0,-0.38571428571428573,0.0,0.341,1,2023-07-01,1.0,0.0,2024,0.0
Tennessee,2024-12-01,1446477.0,2024,1393277.0,103.81833619588924,1514870,95.48522315446209,2023,24.0,99.0,0.24242424242424243,6.0,33.0,0.18181818181818182,-0.25757575757575757,0.0,-0.3181818181818182,0.0,0.355,0,,0.0,0.0,2024,0.0
Texas,2024-12-01,4214876.0,2024,6023586.0,69.9728699814363,6299251,66.91074859534888,2023,64.0,150.0,0.4266666666666667,12.0,31.0,0.3870967741935484,-0.0733333333333333,0.0,-0.11290322580645162,0.0,0.444,0,,0.0,0.0,2024,0.0
Utah,2024-12-01,343270.0,2024,451465.0,76.03468707430255,456764,75.152595213283,2023,14.0,75.0,0.18666666666666668,6.0,29.0,0.20689655172413793,-0.31333333333333335,0.0,-0.2931034482758621,0.0,0.39,1,2020-01-01,1.0,0.0,2024,0.0
Wyoming,2024-12-01,64041.0,2024,96051.0,66.67395446169223,93266,68.66489395921343,2023,5.0,62.0,0.08064516129032258,2.0,31.0,0.06451612903225806,-0.41935483870967744,0.0,-0.43548387096774194,0.0,0.258,0,,0.0,0.0,2024,0.0
Alabama,2025-01-01,956651.0,2025,1116599.0,85.67543048130976,1174119,81.47819769546358,2023,28.0,105.0,0.26666666666666666,7.0,35.0,0.2,-0.23333333333333334,0.0,-0.3,0.0,0.34,0,,0.0,0.0,2025,0.0
Arkansas,2025-01-01,825477.0,2025,706692.0,116.80859554091457,761746,108.36643710633203,2023,18.0,100.0,0.18,6.0,35.0,0.17142857142857143,-0.32,0.0,-0.32857142857142857,0.0,0.335,1,2014-01-01,1.0,0.0,2025,0.0
California,2025-01-01,13507653.0,2025,6705321.0,201.44677637356958,7534254,179.28321768817457,2023,62.0,80.0,0.775,32.0,40.0,0.8,0.275,1.0,0.30000000000000004,1.0,0.601,1,2014-01-01,1.0,0.0,2025,0.0
Connecticut,2025-01-01,929983.0,2025,520053.0,178.82465825598547,530145,175.4204981655962,2023,96.0,151.0,0.6357615894039735,24.0,36.0,0.6666666666666666,0.13576158940397354,1.0,0.16666666666666663,1.0,0.567,1,2014-01-01,1.0,0.0,2025,0.0
Delaware,2025-01-01,247850.0,2025,147229.0,168.34319325676327,165961,149.342315363248,2023,26.0,41.0,0.6341463414634146,15.0,21.0,0.7142857142857143,0.13414634146341464,1.0,0.2142857142857143,1.0,0.566,1,2014-01-01,1.0,0.0,2025,0.0
Florida,2025-01-01,3739787.0,2025,4070991.0,91.86429053761111,4384883,85.28818214761945,2023,35.0,120.0,0.2916666666666667,12.0,40.0,0.3,-0.20833333333333331,0.0,-0.2,0.0,0.432,0,,0.0,0.0,2025,0.0
Georgia,2025-01-01,1953358.0,2025,2123949.0,91.96821580932499,2209726,88.39819959578699,2023,79.0,180.0,0.4388888888888889,23.0,56.0,0.4107142857142857,-0.061111111111111116,0.0,-0.0892857142857143,0.0,0.481,0,,0.0,0.0,2025,1.0
Hawaii,2025-01-01,404525.0,2025,203721.0,198.56813975976948,185180,218.4496165892645,2023,45.0,51.0,0.8823529411764706,23.0,25.0,0.92,0.38235294117647056,1.0,0.42000000000000004,1.0,0.604,1,2014-01-01,1.0,0.0,2025,0.0
Idaho,2025-01-01,321003.0,2025,307164.0,104.505410790327,341618,93.96548191254558,2023,11.0,70.0,0.15714285714285714,7.0,35.0,0.2,-0.34285714285714286,0.0,-0.3,0.0,0.296,1,2020-01-01,1.0,0.0,2025,0.0
Indiana,2025-01-01,1779742.0,2025,1220463.0,145.8251499635794,1293314,137.61097459704294,2023,30.0,100.0,0.3,10.0,50.0,0.2,-0.2,0.0,-0.3,0.0,0.393,1,2015-02-01,1.0,0.0,2025,1.0
Mississippi,2025-01-01,605973.0,2025,759514.0,79.78430943998399,831252,72.89883212311068,2023,42.0,122.0,0.3442622950819672,16.0,52.0,0.3076923076923077,-0.1557377049180328,0.0,-0.1923076923076923,0.0,0.392,0,,0.0,0.0,2025,0.0
North Dakota,2025-01-01,109219.0,2025,105296.0,103.72568758547334,122160,89.40651604453176,2023,12.0,94.0,0.1276595744680851,4.0,47.0,0.0851063829787234,-0.37234042553191493,0.0,-0.4148936170212766,0.0,0.312,1,2014-01-01,1.0,0.0,2025,0.0
Ohio,2025-01-01,2822877.0,2025,2187122.0,129.06810868346622,2296371,122.92774120558046,2023,32.0,99.0,0.32323232323232326,7.0,33.0,0.21212121212121213,-0.17676767676767674,0.0,-0.28787878787878785,0.0,0.44,1,2014-01-01,1.0,0.0,2025,0.0
Oklahoma,2025-01-01,993379.0,2025,915687.0,108.48455858825123,885167,112.22503776123602,2023,20.0,101.0,0.19801980198019803,8.0,48.0,0.16666666666666666,-0.30198019801980197,0.0,-0.33333333333333337,0.0,0.311,1,2021-07-01,1.0,0.0,2025,0.0
Oregon,2025-01-01,1316486.0,2025,737782.0,178.43834628657245,797451,165.08675768166322,2023,35.0,60.0,0.5833333333333334,17.0,30.0,0.5666666666666667,0.08333333333333337,1.0,0.06666666666666665,1.0,0.556,1,2014-01-01,1.0,0.0,2025,0.0
Rhode Island,2025-01-01,312216.0,2025,166359.0,187.67604998827835,188712,165.4457586163042,2023,64.0,75.0,0.8533333333333334,33.0,38.0,0.868421052631579,0.3533333333333334,1.0,0.368421052631579,1.0,0.579,1,2014-01-01,1.0,0.0,2025,0.0
South Carolina,2025-01-01,1063741.0,2025,1063038.0,100.06613122014454,1124024,94.63685828772338,2023,36.0,124.0,0.2903225806451613,16.0,46.0,0.34782608695652173,-0.2096774193548387,0.0,-0.15217391304347827,0.0,0.414,0,,0.0,0.0,2025,0.0
South Dakota,2025-01-01,144398.0,2025,158748.0,90.96051603799734,166237,86.86273212341416,2023,7.0,70.0,0.1,4.0,35.0,0.11428571428571428,-0.4,0.0,-0.38571428571428573,0.0,0.341,1,2023-07-01,1.0,0.0,2025,0.0
Tennessee,2025-01-01,1441443.0,2025,1393277.0,103.45702972201506,1514870,95.15291741205516,2023,24.0,99.0,0.24242424242424243,6.0,33.0,0.18181818181818182,-0.25757575757575757,0.0,-0.3181818181818182,0.0,0.355,0,,0.0,0.0,2025,0.0
Texas,2025-01-01,4205298.0,2025,6023586.0,69.81386170961949,6299251,66.75869877228261,2023,64.0,150.0,0.4266666666666667,12.0,31.0,0.3870967741935484,-0.0733333333333333,0.0,-0.11290322580645162,0.0,0.444,0,,0.0,0.0,2025,0.0
Utah,2025-01-01,342992.0,2025,451465.0,75.97310976487657,456764,75.09173227312135,2023,14.0,75.0,0.18666666666666668,6.0,29.0,0.20689655172413793,-0.31333333333333335,0.0,-0.2931034482758621,0.0,0.39,1,2020-01-01,1.0,0.0,2025,0.0
Wyoming,2025-01-01,64227.0,2025,96051.0,66.86760158665709,93266,68.86432354770227,2023,5.0,62.0,0.08064516129032258,2.0,31.0,0.06451612903225806,-0.41935483870967744,0.0,-0.43548387096774194,0.0,0.258,0,,0.0,0.0,2025,0.0
Alabama,2025-02-01,955498.0,2025,1116599.0,85.57217049271941,1174119,81.37999640581577,2023,28.0,105.0,0.26666666666666666,7.0,35.0,0.2,-0.23333333333333334,0.0,-0.3,0.0,0.34,0,,0.0,0.0,2025,0.0
Arkansas,2025-02-01,824245.0,2025,706692.0,116.63426216796002,761746,108.20470340507202,2023,18.0,100.0,0.18,6.0,35.0,0.17142857142857143,-0.32,0.0,-0.32857142857142857,0.0,0.335,1,2014-01-01,1.0,0.0,2025,0.0
California,2025-02-01,13498666.0,2025,6705321.0,201.31274848735802,7534254,179.16393580572145,2023,62.0,80.0,0.775,32.0,40.0,0.8,0.275,1.0,0.30000000000000004,1.0,0.601,1,2014-01-01,1.0,0.0,2025,0.0
Connecticut,2025-02-01,929063.0,2025,520053.0,178.647753209769,530145,175.24696073715683,2023,96.0,151.0,0.6357615894039735,24.0,36.0,0.6666666666666666,0.13576158940397354,1.0,0.16666666666666663,1.0,0.567,1,2014-01-01,1.0,0.0,2025,0.0
Delaware,2025-02-01,247850.0,2025,147229.0,168.34319325676327,165961,149.342315363248,2023,26.0,41.0,0.6341463414634146,15.0,21.0,0.7142857142857143,0.13414634146341464,1.0,0.2142857142857143,1.0,0.566,1,2014-01-01,1.0,0.0,2025,0.0
Florida,2025-02-01,3737528.0,2025,4070991.0,91.80880036335132,4384883,85.23666423938792,2023,35.0,120.0,0.2916666666666667,12.0,40.0,0.3,-0.20833333333333331,0.0,-0.2,0.0,0.432,0,,0.0,0.0,2025,0.0
Georgia,2025-02-01,1948393.0,2025,2123949.0,91.73445313423251,2209726,88.17351110499672,2023,79.0,180.0,0.4388888888888889,23.0,56.0,0.4107142857142857,-0.061111111111111116,0.0,-0.0892857142857143,0.0,0.481,0,,0.0,0.0,2025,1.0
Hawaii,2025-02-01,403422.0,2025,203721.0,198.02671300455034,185180,217.85397991143753,2023,45.0,51.0,0.8823529411764706,23.0,25.0,0.92,0.38235294117647056,1.0,0.42000000000000004,1.0,0.604,1,2014-01-01,1.0,0.0,2025,0.0
Idaho,2025-02-01,320307.0,2025,307164.0,104.27882173692228,341618,93.76174557546733,2023,11.0,70.0,0.15714285714285714,7.0,35.0,0.2,-0.34285714285714286,0.0,-0.3,0.0,0.296,1,2020-01-01,1.0,0.0,2025,0.0
Indiana,2025-02-01,1777256.0,2025,1220463.0,145.62145677501078,1293314,137.4187552288153,2023,30.0,100.0,0.3,10.0,50.0,0.2,-0.2,0.0,-0.3,0.0,0.393,1,2015-02-01,1.0,0.0,2025,1.0
Mississippi,2025-02-01,605205.0,2025,759514.0,79.68319214655688,831252,72.80644136796062,2023,42.0,122.0,0.3442622950819672,16.0,52.0,0.3076923076923077,-0.1557377049180328,0.0,-0.1923076923076923,0.0,0.392,0,,0.0,0.0,2025,0.0
North Dakota,2025-02-01,107935.0,2025,105296.0,102.50626804437016,122160,88.35543549443354,2023,12.0,94.0,0.1276595744680851,4.0,47.0,0.0851063829787234,-0.37234042553191493,0.0,-0.4148936170212766,0.0,0.312,1,2014-01-01,1.0,0.0,2025,0.0
Ohio,2025-02-01,2818209.0,2025,2187122.0,128.85467751684635,2296371,122.72446394768093,2023,32.0,99.0,0.32323232323232326,7.0,33.0,0.21212121212121213,-0.17676767676767674,0.0,-0.28787878787878785,0.0,0.44,1,2014-01-01,1.0,0.0,2025,0.0
Oklahoma,2025-02-01,978307.0,2025,915687.0,106.8385813056208,885167,110.52230821980484,2023,20.0,101.0,0.19801980198019803,8.0,48.0,0.16666666666666666,-0.30198019801980197,0.0,-0.33333333333333337,0.0,0.311,1,2021-07-01,1.0,0.0,2025,0.0
Oregon,2025-02-01,1318386.0,2025,737782.0,178.69587493324585,797451,165.32501683489016,2023,35.0,60.0,0.5833333333333334,17.0,30.0,0.5666666666666667,0.08333333333333337,1.0,0.06666666666666665,1.0,0.556,1,2014-01-01,1.0,0.0,2025,0.0
Rhode Island,2025-02-01,317094.0,2025,166359.0,190.60826285322705,188712,168.03064987918097,2023,64.0,75.0,0.8533333333333334,33.0,38.0,0.868421052631579,0.3533333333333334,1.0,0.368421052631579,1.0,0.579,1,2014-01-01,1.0,0.0,2025,0.0
South Carolina,2025-02-01,1063443.0,2025,1063038.0,100.0380983558443,1124024,94.61034639829754,2023,36.0,124.0,0.2903225806451613,16.0,46.0,0.34782608695652173,-0.2096774193548387,0.0,-0.15217391304347827,0.0,0.414,0,,0.0,0.0,2025,0.0
South Dakota,2025-02-01,145286.0,2025,158748.0,91.51989316400837,166237,87.3969092320001,2023,7.0,70.0,0.1,4.0,35.0,0.11428571428571428,-0.4,0.0,-0.38571428571428573,0.0,0.341,1,2023-07-01,1.0,0.0,2025,0.0
Tennessee,2025-02-01,1442194.0,2025,1393277.0,103.51093142282546,1514870,95.20249262312937,2023,24.0,99.0,0.24242424242424243,6.0,33.0,0.18181818181818182,-0.25757575757575757,0.0,-0.3181818181818182,0.0,0.355,0,,0.0,0.0,2025,0.0
Texas,2025-02-01,4198734.0,2025,6023586.0,69.7048900771069,6299251,66.65449590752932,2023,64.0,150.0,0.4266666666666667,12.0,31.0,0.3870967741935484,-0.0733333333333333,0.0,-0.11290322580645162,0.0,0.444,0,,0.0,0.0,2025,0.0
Utah,2025-02-01,343600.0,2025,451465.0,76.10778244160676,456764,75.22484258829505,2023,14.0,75.0,0.18666666666666668,6.0,29.0,0.20689655172413793,-0.31333333333333335,0.0,-0.2931034482758621,0.0,0.39,1,2020-01-01,1.0,0.0,2025,0.0
Wyoming,2025-02-01,63816.0,2025,96051.0,66.43970390729925,93266,68.42364848926725,2023,5.0,62.0,0.08064516129032258,2.0,31.0,0.06451612903225806,-0.41935483870967744,0.0,-0.43548387096774194,0.0,0.258,0,,0.0,0.0,2025,0.0
Alabama,2025-03-01,953505.0,2025,1116599.0,85.3936820649132,1174119,81.21025211243494,2023,28.0,105.0,0.26666666666666666,7.0,35.0,0.2,-0.23333333333333334,0.0,-0.3,0.0,0.34,0,,0.0,0.0,2025,0.0
Arkansas,2025-03-01,828054.0,2025,706692.0,117.17325227963526,761746,108.70473884995786,2023,18.0,100.0,0.18,6.0,35.0,0.17142857142857143,-0.32,0.0,-0.32857142857142857,0.0,0.335,1,2014-01-01,1.0,0.0,2025,0.0
California,2025-03-01,13476132.0,2025,6705321.0,200.97668702214256,7534254,178.8648484640948,2023,62.0,80.0,0.775,32.0,40.0,0.8,0.275,1.0,0.30000000000000004,1.0,0.601,1,2014-01-01,1.0,0.0,2025,0.0
Connecticut,2025-03-01,927823.0,2025,520053.0,178.40931597356425,530145,175.01306246404283,2023,96.0,151.0,0.6357615894039735,24.0,36.0,0.6666666666666666,0.13576158940397354,1.0,0.16666666666666663,1.0,0.567,1,2014-01-01,1.0,0.0,2025,0.0
Delaware,2025-03-01,247380.0,2025,147229.0,168.02396267039782,165961,149.05911629840747,2023,26.0,41.0,0.6341463414634146,15.0,21.0,0.7142857142857143,0.13414634146341464,1.0,0.2142857142857143,1.0,0.566,1,2014-01-01,1.0,0.0,2025,0.0
Florida,2025-03-01,3735641.0,2025,4070991.0,91.76244801327245,4384883,85.19363002387978,2023,35.0,120.0,0.2916666666666667,12.0,40.0,0.3,-0.20833333333333331,0.0,-0.2,0.0,0.432,0,,0.0,0.0,2025,0.0
Georgia,2025-03-01,1943066.0,2025,2123949.0,91.48364673539713,2209726,87.93244049262216,2023,79.0,180.0,0.4388888888888889,23.0,56.0,0.4107142857142857,-0.061111111111111116,0.0,-0.0892857142857143,0.0,0.481,0,,0.0,0.0,2025,1.0
Hawaii,2025-03-01,401480.0,2025,203721.0,197.07344849082816,185180,216.80527054757533,2023,45.0,51.0,0.8823529411764706,23.0,25.0,0.92,0.38235294117647056,1.0,0.42000000000000004,1.0,0.604,1,2014-01-01,1.0,0.0,2025,0.0
Idaho,2025-03-01,321720.0,2025,307164.0,104.738836582412,341618,94.17536546669086,2023,11.0,70.0,0.15714285714285714,7.0,35.0,0.2,-0.34285714285714286,0.0,-0.3,0.0,0.296,1,2020-01-01,1.0,0.0,2025,0.0
Indiana,2025-03-01,1781352.0,2025,1220463.0,145.95706711305462,1293314,137.73546099400454,2023,30.0,100.0,0.3,10.0,50.0,0.2,-0.2,0.0,-0.3,0.0,0.393,1,2015-02-01,1.0,0.0,2025,1.0
Mississippi,2025-03-01,604179.0,2025,759514.0,79.54810576236909,831252,72.68301309350234,2023,42.0,122.0,0.3442622950819672,16.0,52.0,0.3076923076923077,-0.1557377049180328,0.0,-0.1923076923076923,0.0,0.392,0,,0.0,0.0,2025,0.0
North Dakota,2025-03-01,108079.0,2025,105296.0,102.64302537608265,122160,88.47331368696791,2023,12.0,94.0,0.1276595744680851,4.0,47.0,0.0851063829787234,-0.37234042553191493,0.0,-0.4148936170212766,0.0,0.312,1,2014-01-01,1.0,0.0,2025,0.0
Ohio,2025-03-01,2813897.0,2025,2187122.0,128.65752344862335,2296371,122.53668941124931,2023,32.0,99.0,0.32323232323232326,7.0,33.0,0.21212121212121213,-0.17676767676767674,0.0,-0.28787878787878785,0.0,0.44,1,2014-01-01,1.0,0.0,2025,0.0
Oklahoma,2025-03-01,979463.0,2025,915687.0,106.96482531694782,885167,110.6529050450367,2023,20.0,101.0,0.19801980198019803,8.0,48.0,0.16666666666666666,-0.30198019801980197,0.0,-0.33333333333333337,0.0,0.311,1,2021-07-01,1.0,0.0,2025,0.0
Oregon,2025-03-01,1310574.0,2025,737782.0,177.6370255712392,797451,164.34539551646435,2023,35.0,60.0,0.5833333333333334,17.0,30.0,0.5666666666666667,0.08333333333333337,1.0,0.06666666666666665,1.0,0.556,1,2014-01-01,1.0,0.0,2025,0.0
Rhode Island,2025-03-01,317723.0,2025,166359.0,190.98636082207756,188712,168.363962016194,2023,64.0,75.0,0.8533333333333334,33.0,38.0,0.868421052631579,0.3533333333333334,1.0,0.368421052631579,1.0,0.579,1,2014-01-01,1.0,0.0,2025,0.0
South Carolina,2025-03-01,1060197.0,2025,1063038.0,99.73274708900341,1124024,94.32156252891397,2023,36.0,124.0,0.2903225806451613,16.0,46.0,0.34782608695652173,-0.2096774193548387,0.0,-0.15217391304347827,0.0,0.414,0,,0.0,0.0,2025,0.0
South Dakota,2025-03-01,144264.0,2025,158748.0,90.87610552573891,166237,86.78212431648791,2023,7.0,70.0,0.1,4.0,35.0,0.11428571428571428,-0.4,0.0,-0.38571428571428573,0.0,0.341,1,2023-07-01,1.0,0.0,2025,0.0
Tennessee,2025-03-01,1445222.0,2025,1393277.0,103.72826078374939,1514870,95.40237776178813,2023,24.0,99.0,0.24242424242424243,6.0,33.0,0.18181818181818182,-0.25757575757575757,0.0,-0.3181818181818182,0.0,0.355,0,,0.0,0.0,2025,0.0
Texas,2025-03-01,4204178.0,2025,6023586.0,69.7952681342974,6299251,66.74091888067328,2023,64.0,150.0,0.4266666666666667,12.0,31.0,0.3870967741935484,-0.0733333333333333,0.0,-0.11290322580645162,0.0,0.444,0,,0.0,0.0,2025,0.0
Utah,2025-03-01,344200.0,2025,451465.0,76.24068310943262,456764,75.35620145195331,2023,14.0,75.0,0.18666666666666668,6.0,29.0,0.20689655172413793,-0.31333333333333335,0.0,-0.2931034482758621,0.0,0.39,1,2020-01-01,1.0,0.0,2025,0.0
Wyoming,2025-03-01,63417.0,2025,96051.0,66.02429959084236,93266,67.99583985589604,2023,5.0,62.0,0.08064516129032258,2.0,31.0,0.06451612903225806,-0.41935483870967744,0.0,-0.43548387096774194,0.0,0.258,0,,0.0,0.0,2025,0.0
Alabama,2025-04-01,961550.0,2025,1116599.0,86.1141734857366,1174119,81.89544671366362,2023,28.0,105.0,0.26666666666666666,7.0,35.0,0.2,-0.23333333333333334,0.0,-0.3,0.0,0.34,0,,0.0,0.0,2025,0.0
Arkansas,2025-04-01,825857.0,2025,706692.0,116.86236719815706,761746,108.4163225012012,2023,18.0,100.0,0.18,6.0,35.0,0.17142857142857143,-0.32,0.0,-0.32857142857142857,0.0,0.335,1,2014-01-01,1.0,0.0,2025,0.0
California,2025-04-01,13429081.0,2025,6705321.0,200.27499056346443,7534254,178.2403539885966,2023,62.0,80.0,0.775,32.0,40.0,0.8,0.275,1.0,0.30000000000000004,1.0,0.601,1,2014-01-01,1.0,0.0,2025,0.0
Connecticut,2025-04-01,920084.0,2025,520053.0,176.92119841631526,530145,173.5532731611163,2023,96.0,151.0,0.6357615894039735,24.0,36.0,0.6666666666666666,0.13576158940397354,1.0,0.16666666666666663,1.0,0.567,1,2014-01-01,1.0,0.0,2025,0.0
Delaware,2025-04-01,246306.0,2025,147229.0,167.29448681985207,165961,148.41197630768676,2023,26.0,41.0,0.6341463414634146,15.0,21.0,0.7142857142857143,0.13414634146341464,1.0,0.2142857142857143,1.0,0.566,1,2014-01-01,1.0,0.0,2025,0.0
Florida,2025-04-01,3715495.0,2025,4070991.0,91.26758079298136,4384883,84.73418789053208,2023,35.0,120.0,0.2916666666666667,12.0,40.0,0.3,-0.20833333333333331,0.0,-0.2,0.0,0.432,0,,0.0,0.0,2025,0.0
Georgia,2025-04-01,1934702.0,2025,2123949.0,91.0898519691386,2209726,87.55393202596159,2023,79.0,180.0,0.4388888888888889,23.0,56.0,0.4107142857142857,-0.061111111111111116,0.0,-0.0892857142857143,0.0,0.481,0,,0.0,0.0,2025,1.0
Hawaii,2025-04-01,399412.0,2025,203721.0,196.0583346832187,185180,215.6885192785398,2023,45.0,51.0,0.8823529411764706,23.0,25.0,0.92,0.38235294117647056,1.0,0.42000000000000004,1.0,0.604,1,2014-01-01,1.0,0.0,2025,0.0
Idaho,2025-04-01,320470.0,2025,307164.0,104.33188785144092,341618,93.80945968889228,2023,11.0,70.0,0.15714285714285714,7.0,35.0,0.2,-0.34285714285714286,0.0,-0.3,0.0,0.296,1,2020-01-01,1.0,0.0,2025,0.0
Indiana,2025-04-01,1754412.0,2025,1220463.0,143.74970810258074,1293314,135.65244016534268,2023,30.0,100.0,0.3,10.0,50.0,0.2,-0.2,0.0,-0.3,0.0,0.393,1,2015-02-01,1.0,0.0,2025,1.0
Mississippi,2025-04-01,601719.0,2025,759514.0,79.22421443186037,831252,72.38707395591229,2023,42.0,122.0,0.3442622950819672,16.0,52.0,0.3076923076923077,-0.1557377049180328,0.0,-0.1923076923076923,0.0,0.392,0,,0.0,0.0,2025,0.0
North Dakota,2025-04-01,107439.0,2025,105296.0,102.03521501291597,122160,87.94941060903733,2023,12.0,94.0,0.1276595744680851,4.0,47.0,0.0851063829787234,-0.37234042553191493,0.0,-0.4148936170212766,0.0,0.312,1,2014-01-01,1.0,0.0,2025,0.0
Ohio,2025-04-01,2802277.0,2025,2187122.0,128.12623164139907,2296371,122.03067361502127,2023,32.0,99.0,0.32323232323232326,7.0,33.0,0.21212121212121213,-0.17676767676767674,0.0,-0.28787878787878785,0.0,0.44,1,2014-01-01,1.0,0.0,2025,0.0
Oklahoma,2025-04-01,993802.0,2025,915687.0,108.53075341246519,885167,112.27282535385979,2023,20.0,101.0,0.19801980198019803,8.0,48.0,0.16666666666666666,-0.30198019801980197,0.0,-0.33333333333333337,0.0,0.311,1,2021-07-01,1.0,0.0,2025,0.0
Oregon,2025-04-01,1315595.0,2025,737782.0,178.31757890542193,797451,164.9750266787552,2023,35.0,60.0,0.5833333333333334,17.0,30.0,0.5666666666666667,0.08333333333333337,1.0,0.06666666666666665,1.0,0.556,1,2014-01-01,1.0,0.0,2025,0.0
Rhode Island,2025-04-01,318588.0,2025,166359.0,191.50632066795305,188712,168.82233244308787,2023,64.0,75.0,0.8533333333333334,33.0,38.0,0.868421052631579,0.3533333333333334,1.0,0.368421052631579,1.0,0.579,1,2014-01-01,1.0,0.0,2025,0.0
South Carolina,2025-04-01,1059225.0,2025,1063038.0,99.64131103497711,1124024,94.23508750702831,2023,36.0,124.0,0.2903225806451613,16.0,46.0,0.34782608695652173,-0.2096774193548387,0.0,-0.15217391304347827,0.0,0.414,0,,0.0,0.0,2025,0.0
South Dakota,2025-04-01,142487.0,2025,158748.0,89.75672134452087,166237,85.71316854851808,2023,7.0,70.0,0.1,4.0,35.0,0.11428571428571428,-0.4,0.0,-0.38571428571428573,0.0,0.341,1,2023-07-01,1.0,0.0,2025,0.0
Tennessee,2025-04-01,1441774.0,2025,1393277.0,103.48078666338422,1514870,95.17476747179626,2023,24.0,99.0,0.24242424242424243,6.0,33.0,0.18181818181818182,-0.25757575757575757,0.0,-0.3181818181818182,0.0,0.355,0,,0.0,0.0,2025,0.0
Texas,2025-04-01,4212692.0,2025,6023586.0,69.93661250955826,6299251,66.87607780671067,2023,64.0,150.0,0.4266666666666667,12.0,31.0,0.3870967741935484,-0.0733333333333333,0.0,-0.11290322580645162,0.0,0.444,0,,0.0,0.0,2025,0.0
Utah,2025-04-01,341957.0,2025,451465.0,75.74385611287697,456764,74.86513823331086,2023,14.0,75.0,0.18666666666666668,6.0,29.0,0.20689655172413793,-0.31333333333333335,0.0,-0.2931034482758621,0.0,0.39,1,2020-01-01,1.0,0.0,2025,0.0
Wyoming,2025-04-01,63078.0,2025,96051.0,65.67136208889028,93266,67.6323633478438,2023,5.0,62.0,0.08064516129032258,2.0,31.0,0.06451612903225806,-0.41935483870967744,0.0,-0.43548387096774194,0.0,0.258,0,,0.0,0.0,2025,0.0
Alabama,2025-05-01,947601.0,2025,1116599.0,84.86493360642451,1174119,80.70740700048292,2023,28.0,105.0,0.26666666666666666,7.0,35.0,0.2,-0.23333333333333334,0.0,-0.3,0.0,0.34,0,,0.0,0.0,2025,0.0
Arkansas,2025-05-01,821900.0,2025,706692.0,116.30243444102948,761746,107.89685800778737,2023,18.0,100.0,0.18,6.0,35.0,0.17142857142857143,-0.32,0.0,-0.32857142857142857,0.0,0.335,1,2014-01-01,1.0,0.0,2025,0.0
California,2025-05-01,13409214.0,2025,6705321.0,199.97870348041502,7534254,177.97666497572288,2023,62.0,80.0,0.775,32.0,40.0,0.8,0.275,1.0,0.30000000000000004,1.0,0.601,1,2014-01-01,1.0,0.0,2025,0.0
Connecticut,2025-05-01,918345.0,2025,520053.0,176.58680942134743,530145,173.22524969583793,2023,96.0,151.0,0.6357615894039735,24.0,36.0,0.6666666666666666,0.13576158940397354,1.0,0.16666666666666663,1.0,0.567,1,2014-01-01,1.0,0.0,2025,0.0
Delaware,2025-05-01,245472.0,2025,147229.0,166.72802233255678,165961,147.90944860539523,2023,26.0,41.0,0.6341463414634146,15.0,21.0,0.7142857142857143,0.13414634146341464,1.0,0.2142857142857143,1.0,0.566,1,2014-01-01,1.0,0.0,2025,0.0
Florida,2025-05-01,3699610.0,2025,4070991.0,90.87738096203111,4384883,84.37192052786813,2023,35.0,120.0,0.2916666666666667,12.0,40.0,0.3,-0.20833333333333331,0.0,-0.2,0.0,0.432,0,,0.0,0.0,2025,0.0
Georgia,2025-05-01,1927756.0,2025,2123949.0,90.76281963455808,2209726,87.2395944112528,2023,79.0,180.0,0.4388888888888889,23.0,56.0,0.4107142857142857,-0.061111111111111116,0.0,-0.0892857142857143,0.0,0.481,0,,0.0,0.0,2025,1.0
Hawaii,2025-05-01,395873.0,2025,203721.0,194.32115491284648,185180,213.7774057673615,2023,45.0,51.0,0.8823529411764706,23.0,25.0,0.92,0.38235294117647056,1.0,0.42000000000000004,1.0,0.604,1,2014-01-01,1.0,0.0,2025,0.0
Idaho,2025-05-01,318814.0,2025,307164.0,103.79276217265043,341618,93.3247077144647,2023,11.0,70.0,0.15714285714285714,7.0,35.0,0.2,-0.34285714285714286,0.0,-0.3,0.0,0.296,1,2020-01-01,1.0,0.0,2025,0.0
Indiana,2025-05-01,1725367.0,2025,1220463.0,141.3698735643768,1293314,133.40665917170926,2023,30.0,100.0,0.3,10.0,50.0,0.2,-0.2,0.0,-0.3,0.0,0.393,1,2015-02-01,1.0,0.0,2025,1.0
Mississippi,2025-05-01,599964.0,2025,759514.0,78.99314561680232,831252,72.17594664433891,2023,42.0,122.0,0.3442622950819672,16.0,52.0,0.3076923076923077,-0.1557377049180328,0.0,-0.1923076923076923,0.0,0.392,0,,0.0,0.0,2025,0.0
North Dakota,2025-05-01,107330.0,2025,105296.0,101.93169731043913,122160,87.86018336607727,2023,12.0,94.0,0.1276595744680851,4.0,47.0,0.0851063829787234,-0.37234042553191493,0.0,-0.4148936170212766,0.0,0.312,1,2014-01-01,1.0,0.0,2025,0.0
Ohio,2025-05-01,2797622.0,2025,2187122.0,127.91339486320379,2296371,121.82796246773712,2023,32.0,99.0,0.32323232323232326,7.0,33.0,0.21212121212121213,-0.17676767676767674,0.0,-0.28787878787878785,0.0,0.44,1,2014-01-01,1.0,0.0,2025,0.0
Oklahoma,2025-05-01,1010069.0,2025,915687.0,110.30723380369056,885167,114.1105576687789,2023,20.0,101.0,0.19801980198019803,8.0,48.0,0.16666666666666666,-0.30198019801980197,0.0,-0.33333333333333337,0.0,0.311,1,2021-07-01,1.0,0.0,2025,0.0
Oregon,2025-05-01,1319921.0,2025,737782.0,178.90393097147938,797451,165.5175051507867,2023,35.0,60.0,0.5833333333333334,17.0,30.0,0.5666666666666667,0.08333333333333337,1.0,0.06666666666666665,1.0,0.556,1,2014-01-01,1.0,0.0,2025,0.0
Rhode Island,2025-05-01,317946.0,2025,166359.0,191.1204082736732,188712,168.48213150197125,2023,64.0,75.0,0.8533333333333334,33.0,38.0,0.868421052631579,0.3533333333333334,1.0,0.368421052631579,1.0,0.579,1,2014-01-01,1.0,0.0,2025,0.0
South Carolina,2025-05-01,1044110.0,2025,1063038.0,98.21944276686251,1124024,92.89036533027765,2023,36.0,124.0,0.2903225806451613,16.0,46.0,0.34782608695652173,-0.2096774193548387,0.0,-0.15217391304347827,0.0,0.414,0,,0.0,0.0,2025,0.0
South Dakota,2025-05-01,140819.0,2025,158748.0,88.70599944566231,166237,84.70978181752558,2023,7.0,70.0,0.1,4.0,35.0,0.11428571428571428,-0.4,0.0,-0.38571428571428573,0.0,0.341,1,2023-07-01,1.0,0.0,2025,0.0
Tennessee,2025-05-01,1439118.0,2025,1393277.0,103.29015694653683,1514870,94.99943889574683,2023,24.0,99.0,0.24242424242424243,6.0,33.0,0.18181818181818182,-0.25757575757575757,0.0,-0.3181818181818182,0.0,0.355,0,,0.0,0.0,2025,0.0
Texas,2025-05-01,4204878.0,2025,6023586.0,69.8068891188737,6299251,66.7520313129291,2023,64.0,150.0,0.4266666666666667,12.0,31.0,0.3870967741935484,-0.0733333333333333,0.0,-0.11290322580645162,0.0,0.444,0,,0.0,0.0,2025,0.0
Utah,2025-05-01,340844.0,2025,451465.0,75.49732537406001,456764,74.62146754122479,2023,14.0,75.0,0.18666666666666668,6.0,29.0,0.20689655172413793,-0.31333333333333335,0.0,-0.2931034482758621,0.0,0.39,1,2020-01-01,1.0,0.0,2025,0.0
Wyoming,2025-05-01,62762.0,2025,96051.0,65.34237019916502,93266,67.29354748783051,2023,5.0,62.0,0.08064516129032258,2.0,31.0,0.06451612903225806,-0.41935483870967744,0.0,-0.43548387096774194,0.0,0.258,0,,0.0,0.0,2025,0.0
Alabama,2025-06-01,946316.0,2025,1116599.0,84.74985200595737,1174119,80.59796323881991,2023,28.0,105.0,0.26666666666666666,7.0,35.0,0.2,-0.23333333333333334,0.0,-0.3,0.0,0.34,0,,0.0,0.0,2025,0.0
Arkansas,2025-06-01,821198.0,2025,706692.0,116.20309837949205,761746,107.80470130463435,2023,18.0,100.0,0.18,6.0,35.0,0.17142857142857143,-0.32,0.0,-0.32857142857142857,0.0,0.335,1,2014-01-01,1.0,0.0,2025,0.0
California,2025-06-01,13382455.0,2025,6705321.0,199.5796323546628,7534254,177.62150041663048,2023,62.0,80.0,0.775,32.0,40.0,0.8,0.275,1.0,0.30000000000000004,1.0,0.601,1,2014-01-01,1.0,0.0,2025,0.0
Connecticut,2025-06-01,916189.0,2025,520053.0,176.1722362913011,530145,172.818568504843,2023,96.0,151.0,0.6357615894039735,24.0,36.0,0.6666666666666666,0.13576158940397354,1.0,0.16666666666666663,1.0,0.567,1,2014-01-01,1.0,0.0,2025,0.0
Delaware,2025-06-01,244962.0,2025,147229.0,166.38162318564957,165961,147.60214749248317,2023,26.0,41.0,0.6341463414634146,15.0,21.0,0.7142857142857143,0.13414634146341464,1.0,0.2142857142857143,1.0,0.566,1,2014-01-01,1.0,0.0,2025,0.0
Florida,2025-06-01,3695066.0,2025,4070991.0,90.76576194838063,4384883,84.26829176513945,2023,35.0,120.0,0.2916666666666667,12.0,40.0,0.3,-0.20833333333333331,0.0,-0.2,0.0,0.432,0,,0.0,0.0,2025,0.0
Georgia,2025-06-01,1921784.0,2025,2123949.0,90.48164527491008,2209726,86.96933465959128,2023,79.0,180.0,0.4388888888888889,23.0,56.0,0.4107142857142857,-0.061111111111111116,0.0,-0.0892857142857143,0.0,0.481,0,,0.0,0.0,2025,1.0
Hawaii,2025-06-01,394045.0,2025,203721.0,193.4238492840699,185180,212.7902581272276,2023,45.0,51.0,0.8823529411764706,23.0,25.0,0.92,0.38235294117647056,1.0,0.42000000000000004,1.0,0.604,1,2014-01-01,1.0,0.0,2025,0.0
Idaho,2025-06-01,315910.0,2025,307164.0,102.84733888085844,341618,92.47463541148299,2023,11.0,70.0,0.15714285714285714,7.0,35.0,0.2,-0.34285714285714286,0.0,-0.3,0.0,0.296,1,2020-01-01,1.0,0.0,2025,0.0
Indiana,2025-06-01,1683055.0,2025,1220463.0,137.90299255282625,1293314,130.13506387466614,2023,30.0,100.0,0.3,10.0,50.0,0.2,-0.2,0.0,-0.3,0.0,0.393,1,2015-02-01,1.0,0.0,2025,1.0
Mississippi,2025-06-01,599086.0,2025,759514.0,78.87754537770205,831252,72.07032283832099,2023,42.0,122.0,0.3442622950819672,16.0,52.0,0.3076923076923077,-0.1557377049180328,0.0,-0.1923076923076923,0.0,0.392,0,,0.0,0.0,2025,0.0
North Dakota,2025-06-01,107267.0,2025,105296.0,101.87186597781492,122160,87.80861165684348,2023,12.0,94.0,0.1276595744680851,4.0,47.0,0.0851063829787234,-0.37234042553191493,0.0,-0.4148936170212766,0.0,0.312,1,2014-01-01,1.0,0.0,2025,0.0
Ohio,2025-06-01,2790508.0,2025,2187122.0,127.58812722838506,2296371,121.51816932020132,2023,32.0,99.0,0.32323232323232326,7.0,33.0,0.21212121212121213,-0.17676767676767674,0.0,-0.28787878787878785,0.0,0.44,1,2014-01-01,1.0,0.0,2025,0.0
Oklahoma,2025-06-01,1008700.0,2025,915687.0,110.1577285688232,885167,113.95589758768685,2023,20.0,101.0,0.19801980198019803,8.0,48.0,0.16666666666666666,-0.30198019801980197,0.0,-0.33333333333333337,0.0,0.311,1,2021-07-01,1.0,0.0,2025,0.0
Oregon,2025-06-01,1324553.0,2025,737782.0,179.53175870379056,797451,166.09835588644316,2023,35.0,60.0,0.5833333333333334,17.0,30.0,0.5666666666666667,0.08333333333333337,1.0,0.06666666666666665,1.0,0.556,1,2014-01-01,1.0,0.0,2025,0.0
Rhode Island,2025-06-01,313733.0,2025,166359.0,188.5879333249178,188712,166.2496290643944,2023,64.0,75.0,0.8533333333333334,33.0,38.0,0.868421052631579,0.3533333333333334,1.0,0.368421052631579,1.0,0.579,1,2014-01-01,1.0,0.0,2025,0.0
South Carolina,2025-06-01,1037384.0,2025,1063038.0,97.58672784980405,1124024,92.29197953068618,2023,36.0,124.0,0.2903225806451613,16.0,46.0,0.34782608695652173,-0.2096774193548387,0.0,-0.15217391304347827,0.0,0.414,0,,0.0,0.0,2025,0.0
South Dakota,2025-06-01,139653.0,2025,158748.0,87.97150200317483,166237,84.00837358710757,2023,7.0,70.0,0.1,4.0,35.0,0.11428571428571428,-0.4,0.0,-0.38571428571428573,0.0,0.341,1,2023-07-01,1.0,0.0,2025,0.0
Tennessee,2025-06-01,1436320.0,2025,1393277.0,103.08933543006881,1514870,94.8147365780562,2023,24.0,99.0,0.24242424242424243,6.0,33.0,0.18181818181818182,-0.25757575757575757,0.0,-0.3181818181818182,0.0,0.355,0,,0.0,0.0,2025,0.0
Texas,2025-06-01,4191556.0,2025,6023586.0,69.58572518098023,6299251,66.54054585219735,2023,64.0,150.0,0.4266666666666667,12.0,31.0,0.3870967741935484,-0.0733333333333333,0.0,-0.11290322580645162,0.0,0.444,0,,0.0,0.0,2025,0.0
Utah,2025-06-01,339725.0,2025,451465.0,75.24946562856478,456764,74.37648326050214,2023,14.0,75.0,0.18666666666666668,6.0,29.0,0.20689655172413793,-0.31333333333333335,0.0,-0.2931034482758621,0.0,0.39,1,2020-01-01,1.0,0.0,2025,0.0
Wyoming,2025-06-01,62202.0,2025,96051.0,64.75934659712028,93266,66.6931143181867,2023,5.0,62.0,0.08064516129032258,2.0,31.0,0.06451612903225806,-0.41935483870967744,0.0,-0.43548387096774194,0.0,0.258,0,,0.0,0.0,2025,0.0
Alabama,2025-07-01,948369.0,2025,1116599.0,84.93371389370759,1174119,80.7728177467531,2023,28.0,105.0,0.26666666666666666,7.0,35.0,0.2,-0.23333333333333334,0.0,-0.3,0.0,0.34,0,,0.0,0.0,2025,0.0
Arkansas,2025-07-01,818956.0,2025,706692.0,115.88584560176145,761746,107.51037747490632,2023,18.0,100.0,0.18,6.0,35.0,0.17142857142857143,-0.32,0.0,-0.32857142857142857,0.0,0.335,1,2014-01-01,1.0,0.0,2025,0.0
California,2025-07-01,13394082.0,2025,6705321.0,199.75303195775416,7534254,177.77582226455334,2023,62.0,80.0,0.775,32.0,40.0,0.8,0.275,1.0,0.30000000000000004,1.0,0.601,1,2014-01-01,1.0,0.0,2025,0.0
Connecticut,2025-07-01,915836.0,2025,520053.0,176.1043585942202,530145,172.75198294806137,2023,96.0,151.0,0.6357615894039735,24.0,36.0,0.6666666666666666,0.13576158940397354,1.0,0.16666666666666663,1.0,0.567,1,2014-01-01,1.0,0.0,2025,0.0
Delaware,2025-07-01,244501.0,2025,147229.0,166.068505525406,165961,147.32437138845873,2023,26.0,41.0,0.6341463414634146,15.0,21.0,0.7142857142857143,0.13414634146341464,1.0,0.2142857142857143,1.0,0.566,1,2014-01-01,1.0,0.0,2025,0.0
Florida,2025-07-01,3671259.0,2025,4070991.0,90.18096576484695,4384883,83.72535823646834,2023,35.0,120.0,0.2916666666666667,12.0,40.0,0.3,-0.20833333333333331,0.0,-0.2,0.0,0.432,0,,0.0,0.0,2025,0.0
Georgia,2025-07-01,1919391.0,2025,2123949.0,90.36897778618979,2209726,86.86104069011272,2023,79.0,180.0,0.4388888888888889,23.0,56.0,0.4107142857142857,-0.061111111111111116,0.0,-0.0892857142857143,0.0,0.481,0,,0.0,0.0,2025,1.0
Hawaii,2025-07-01,392938.0,2025,203721.0,192.88045905920353,185180,212.19246138891887,2023,45.0,51.0,0.8823529411764706,23.0,25.0,0.92,0.38235294117647056,1.0,0.42000000000000004,1.0,0.604,1,2014-01-01,1.0,0.0,2025,0.0
Idaho,2025-07-01,316230.0,2025,307164.0,102.95151775598703,341618,92.56830729059944,2023,11.0,70.0,0.15714285714285714,7.0,35.0,0.2,-0.34285714285714286,0.0,-0.3,0.0,0.296,1,2020-01-01,1.0,0.0,2025,0.0
Indiana,2025-07-01,1656610.0,2025,1220463.0,135.73619192060718,1293314,128.09031681401424,2023,30.0,100.0,0.3,10.0,50.0,0.2,-0.2,0.0,-0.3,0.0,0.393,1,2015-02-01,1.0,0.0,2025,1.0
Mississippi,2025-07-01,599061.0,2025,759514.0,78.87425379913998,831252,72.06731532676012,2023,42.0,122.0,0.3442622950819672,16.0,52.0,0.3076923076923077,-0.1557377049180328,0.0,-0.1923076923076923,0.0,0.392,0,,0.0,0.0,2025,0.0
North Dakota,2025-07-01,107198.0,2025,105296.0,101.806336423036,122160,87.75212835625409,2023,12.0,94.0,0.1276595744680851,4.0,47.0,0.0851063829787234,-0.37234042553191493,0.0,-0.4148936170212766,0.0,0.312,1,2014-01-01,1.0,0.0,2025,0.0
Ohio,2025-07-01,2777854.0,2025,2187122.0,127.00955868031139,2296371,120.96712595656365,2023,32.0,99.0,0.32323232323232326,7.0,33.0,0.21212121212121213,-0.17676767676767674,0.0,-0.28787878787878785,0.0,0.44,1,2014-01-01,1.0,0.0,2025,0.0
Oklahoma,2025-07-01,1002153.0,2025,915687.0,109.44274626591837,885167,113.21626314582447,2023,20.0,101.0,0.19801980198019803,8.0,48.0,0.16666666666666666,-0.30198019801980197,0.0,-0.33333333333333337,0.0,0.311,1,2021-07-01,1.0,0.0,2025,0.0
Oregon,2025-07-01,1317200.0,2025,737782.0,178.53512284116445,797451,165.1762929634548,2023,35.0,60.0,0.5833333333333334,17.0,30.0,0.5666666666666667,0.08333333333333337,1.0,0.06666666666666665,1.0,0.556,1,2014-01-01,1.0,0.0,2025,0.0
Rhode Island,2025-07-01,307370.0,2025,166359.0,184.76307263207883,188712,162.8778244096825,2023,64.0,75.0,0.8533333333333334,33.0,38.0,0.868421052631579,0.3533333333333334,1.0,0.368421052631579,1.0,0.579,1,2014-01-01,1.0,0.0,2025,0.0
South Carolina,2025-07-01,1034953.0,2025,1063038.0,97.35804364472389,1124024,92.07570300990014,2023,36.0,124.0,0.2903225806451613,16.0,46.0,0.34782608695652173,-0.2096774193548387,0.0,-0.15217391304347827,0.0,0.414,0,,0.0,0.0,2025,0.0
South Dakota,2025-07-01,139110.0,2025,158748.0,87.62945044976944,166237,83.68173150381683,2023,7.0,70.0,0.1,4.0,35.0,0.11428571428571428,-0.4,0.0,-0.38571428571428573,0.0,0.341,1,2023-07-01,1.0,0.0,2025,0.0
Tennessee,2025-07-01,1438184.0,2025,1393277.0,103.22312074339848,1514870,94.93778344016319,2023,24.0,99.0,0.24242424242424243,6.0,33.0,0.18181818181818182,-0.25757575757575757,0.0,-0.3181818181818182,0.0,0.355,0,,0.0,0.0,2025,0.0
Texas,2025-07-01,4200014.0,2025,6023586.0,69.72613987747498,6299251,66.67481578365428,2023,64.0,150.0,0.4266666666666667,12.0,31.0,0.3870967741935484,-0.0733333333333333,0.0,-0.11290322580645162,0.0,0.444,0,,0.0,0.0,2025,0.0
Utah,2025-07-01,339046.0,2025,451465.0,75.09906637280852,456764,74.22782881312888,2023,14.0,75.0,0.18666666666666668,6.0,29.0,0.20689655172413793,-0.31333333333333335,0.0,-0.2931034482758621,0.0,0.39,1,2020-01-01,1.0,0.0,2025,0.0
Wyoming,2025-07-01,62021.0,2025,96051.0,64.57090504003081,93266,66.4990457401411,2023,5.0,62.0,0.08064516129032258,2.0,31.0,0.06451612903225806,-0.41935483870967744,0.0,-0.43548387096774194,0.0,0.258,0,,0.0,0.0,2025,0.0
Alabama,2025-08-01,947380.0,2025,1116599.0,84.84514136229747,1174119,80.68858437688174,2023,28.0,105.0,0.26666666666666666,7.0,35.0,0.2,-0.23333333333333334,0.0,-0.3,0.0,0.34,0,,0.0,0.0,2025,0.0
Arkansas,2025-08-01,815146.0,2025,706692.0,115.34671398572505,761746,107.01021075266559,2023,18.0,100.0,0.18,6.0,35.0,0.17142857142857143,-0.32,0.0,-0.32857142857142857,0.0,0.335,1,2014-01-01,1.0,0.0,2025,0.0
California,2025-08-01,13292415.0,2025,6705321.0,198.2368181925966,7534254,176.42642523068642,2023,62.0,80.0,0.775,32.0,40.0,0.8,0.275,1.0,0.30000000000000004,1.0,0.601,1,2014-01-01,1.0,0.0,2025,0.0
Connecticut,2025-08-01,915136.0,2025,520053.0,175.96975692862074,530145,172.61994360033577,2023,96.0,151.0,0.6357615894039735,24.0,36.0,0.6666666666666666,0.13576158940397354,1.0,0.16666666666666663,1.0,0.567,1,2014-01-01,1.0,0.0,2025,0.0
Delaware,2025-08-01,244057.0,2025,147229.0,165.7669345033927,165961,147.0568386548647,2023,26.0,41.0,0.6341463414634146,15.0,21.0,0.7142857142857143,0.13414634146341464,1.0,0.2142857142857143,1.0,0.566,1,2014-01-01,1.0,0.0,2025,0.0
Florida,2025-08-01,3674391.0,2025,4070991.0,90.25790034907962,4384883,83.7967854558491,2023,35.0,120.0,0.2916666666666667,12.0,40.0,0.3,-0.20833333333333331,0.0,-0.2,0.0,0.432,0,,0.0,0.0,2025,0.0
Georgia,2025-08-01,1904949.0,2025,2123949.0,89.68901795664586,2209726,86.20747549696208,2023,79.0,180.0,0.4388888888888889,23.0,56.0,0.4107142857142857,-0.061111111111111116,0.0,-0.0892857142857143,0.0,0.481,0,,0.0,0.0,2025,1.0
Hawaii,2025-08-01,391691.0,2025,203721.0,192.26834739668467,185180,211.51906253375094,2023,45.0,51.0,0.8823529411764706,23.0,25.0,0.92,0.38235294117647056,1.0,0.42000000000000004,1.0,0.604,1,2014-01-01,1.0,0.0,2025,0.0
Idaho,2025-08-01,315337.0,2025,307164.0,102.66079358258129,341618,92.30690420294012,2023,11.0,70.0,0.15714285714285714,7.0,35.0,0.2,-0.34285714285714286,0.0,-0.3,0.0,0.296,1,2020-01-01,1.0,0.0,2025,0.0
Indiana,2025-08-01,1622884.0,2025,1220463.0,132.9728144155128,1293314,125.48259742027072,2023,30.0,100.0,0.3,10.0,50.0,0.2,-0.2,0.0,-0.3,0.0,0.393,1,2015-02-01,1.0,0.0,2025,1.0
Mississippi,2025-08-01,598813.0,2025,759514.0,78.84160133980413,831252,72.03748081207624,2023,42.0,122.0,0.3442622950819672,16.0,52.0,0.3076923076923077,-0.1557377049180328,0.0,-0.1923076923076923,0.0,0.392,0,,0.0,0.0,2025,0.0
North Dakota,2025-08-01,107232.0,2025,105296.0,101.83862634857925,122160,87.77996070726915,2023,12.0,94.0,0.1276595744680851,4.0,47.0,0.0851063829787234,-0.37234042553191493,0.0,-0.4148936170212766,0.0,0.312,1,2014-01-01,1.0,0.0,2025,0.0
Ohio,2025-08-01,2781898.0,2025,2187122.0,127.19445920255019,2296371,121.1432299049239,2023,32.0,99.0,0.32323232323232326,7.0,33.0,0.21212121212121213,-0.17676767676767674,0.0,-0.28787878787878785,0.0,0.44,1,2014-01-01,1.0,0.0,2025,0.0
Oklahoma,2025-08-01,992278.0,2025,915687.0,108.36432099614825,885167,112.10065445277557,2023,20.0,101.0,0.19801980198019803,8.0,48.0,0.16666666666666666,-0.30198019801980197,0.0,-0.33333333333333337,0.0,0.311,1,2021-07-01,1.0,0.0,2025,0.0
Oregon,2025-08-01,1310037.0,2025,737782.0,177.5642398432057,797451,164.2780559557891,2023,35.0,60.0,0.5833333333333334,17.0,30.0,0.5666666666666667,0.08333333333333337,1.0,0.06666666666666665,1.0,0.556,1,2014-01-01,1.0,0.0,2025,0.0
Rhode Island,2025-08-01,305293.0,2025,166359.0,183.51456789232924,188712,161.77720547712917,2023,64.0,75.0,0.8533333333333334,33.0,38.0,0.868421052631579,0.3533333333333334,1.0,0.368421052631579,1.0,0.579,1,2014-01-01,1.0,0.0,2025,0.0
South Carolina,2025-08-01,1029840.0,2025,1063038.0,96.87706366094156,1124024,91.62081948428148,2023,36.0,124.0,0.2903225806451613,16.0,46.0,0.34782608695652173,-0.2096774193548387,0.0,-0.15217391304347827,0.0,0.414,0,,0.0,0.0,2025,0.0
South Dakota,2025-08-01,136904.0,2025,158748.0,86.23982664348527,166237,82.3547104435234,2023,7.0,70.0,0.1,4.0,35.0,0.11428571428571428,-0.4,0.0,-0.38571428571428573,0.0,0.341,1,2023-07-01,1.0,0.0,2025,0.0
Tennessee,2025-08-01,1435315.0,2025,1393277.0,103.01720332712017,1514870,94.74839425165196,2023,24.0,99.0,0.24242424242424243,6.0,33.0,0.18181818181818182,-0.25757575757575757,0.0,-0.3181818181818182,0.0,0.355,0,,0.0,0.0,2025,0.0
Texas,2025-08-01,4192882.0,2025,6023586.0,69.60773864604904,6299251,66.56159597387055,2023,64.0,150.0,0.4266666666666667,12.0,31.0,0.3870967741935484,-0.0733333333333333,0.0,-0.11290322580645162,0.0,0.444,0,,0.0,0.0,2025,0.0
Utah,2025-08-01,339044.0,2025,451465.0,75.09862337058244,456764,74.22739095025001,2023,14.0,75.0,0.18666666666666668,6.0,29.0,0.20689655172413793,-0.31333333333333335,0.0,-0.2931034482758621,0.0,0.39,1,2020-01-01,1.0,0.0,2025,0.0
Wyoming,2025-08-01,61564.0,2025,96051.0,64.0951161362193,93266,66.0090493856282,2023,5.0,62.0,0.08064516129032258,2.0,31.0,0.06451612903225806,-0.41935483870967744,0.0,-0.43548387096774194,0.0,0.258,0,,0.0,0.0,2025,0.0
Alabama,2025-09-01,947718.0,2025,1116599.0,84.87541185331528,1174119,80.71737191886001,2023,28.0,105.0,0.26666666666666666,7.0,35.0,0.2,-0.23333333333333334,0.0,-0.3,0.0,0.34,0,,0.0,0.0,2025,0.0
Arkansas,2025-09-01,814767.0,2025,706692.0,115.29308383284373,761746,106.96045663515135,2023,18.0,100.0,0.18,6.0,35.0,0.17142857142857143,-0.32,0.0,-0.32857142857142857,0.0,0.335,1,2014-01-01,1.0,0.0,2025,0.0
California,2025-09-01,13214259.0,2025,6705321.0,197.07123641060585,7534254,175.38908298021278,2023,62.0,80.0,0.775,32.0,40.0,0.8,0.275,1.0,0.30000000000000004,1.0,0.601,1,2014-01-01,1.0,0.0,2025,0.0
Connecticut,2025-09-01,914518.0,2025,520053.0,175.85092288670577,530145,172.50337171905798,2023,96.0,151.0,0.6357615894039735,24.0,36.0,0.6666666666666666,0.13576158940397354,1.0,0.16666666666666663,1.0,0.567,1,2014-01-01,1.0,0.0,2025,0.0
Delaware,2025-09-01,243805.0,2025,147229.0,165.5957725719797,165961,146.90499575201403,2023,26.0,41.0,0.6341463414634146,15.0,21.0,0.7142857142857143,0.13414634146341464,1.0,0.2142857142857143,1.0,0.566,1,2014-01-01,1.0,0.0,2025,0.0
Florida,2025-09-01,3639607.0,2025,4070991.0,89.40346466007908,4384883,83.00351457496129,2023,35.0,120.0,0.2916666666666667,12.0,40.0,0.3,-0.20833333333333331,0.0,-0.2,0.0,0.432,0,,0.0,0.0,2025,0.0
Georgia,2025-09-01,1906009.0,2025,2123949.0,89.73892499302008,2209726,86.2554452452476,2023,79.0,180.0,0.4388888888888889,23.0,56.0,0.4107142857142857,-0.061111111111111116,0.0,-0.0892857142857143,0.0,0.481,0,,0.0,0.0,2025,1.0
Hawaii,2025-09-01,390360.0,2025,203721.0,191.61500287157435,185180,210.80030240846745,2023,45.0,51.0,0.8823529411764706,23.0,25.0,0.92,0.38235294117647056,1.0,0.42000000000000004,1.0,0.604,1,2014-01-01,1.0,0.0,2025,0.0
Idaho,2025-09-01,315251.0,2025,307164.0,102.63279550989049,341618,92.2817298854276,2023,11.0,70.0,0.15714285714285714,7.0,35.0,0.2,-0.34285714285714286,0.0,-0.3,0.0,0.296,1,2020-01-01,1.0,0.0,2025,0.0
Indiana,2025-09-01,1598756.0,2025,1220463.0,130.9958597679733,1293314,123.61700252220264,2023,30.0,100.0,0.3,10.0,50.0,0.2,-0.2,0.0,-0.3,0.0,0.393,1,2015-02-01,1.0,0.0,2025,1.0
Mississippi,2025-09-01,597348.0,2025,759514.0,78.64871483606622,831252,71.861240634609,2023,42.0,122.0,0.3442622950819672,16.0,52.0,0.3076923076923077,-0.1557377049180328,0.0,-0.1923076923076923,0.0,0.392,0,,0.0,0.0,2025,0.0
North Dakota,2025-09-01,107356.0,2025,105296.0,101.9563896064428,122160,87.8814669286182,2023,12.0,94.0,0.1276595744680851,4.0,47.0,0.0851063829787234,-0.37234042553191493,0.0,-0.4148936170212766,0.0,0.312,1,2014-01-01,1.0,0.0,2025,0.0
Ohio,2025-09-01,2775847.0,2025,2187122.0,126.91779425198959,2296371,120.87972718693973,2023,32.0,99.0,0.32323232323232326,7.0,33.0,0.21212121212121213,-0.17676767676767674,0.0,-0.28787878787878785,0.0,0.44,1,2014-01-01,1.0,0.0,2025,0.0
Oklahoma,2025-09-01,989984.0,2025,915687.0,108.11379871069482,885167,111.84149431689161,2023,20.0,101.0,0.19801980198019803,8.0,48.0,0.16666666666666666,-0.30198019801980197,0.0,-0.33333333333333337,0.0,0.311,1,2021-07-01,1.0,0.0,2025,0.0
Oregon,2025-09-01,1309058.0,2025,737782.0,177.4315448194724,797451,164.1552897921001,2023,35.0,60.0,0.5833333333333334,17.0,30.0,0.5666666666666667,0.08333333333333337,1.0,0.06666666666666665,1.0,0.556,1,2014-01-01,1.0,0.0,2025,0.0
Rhode Island,2025-09-01,304391.0,2025,166359.0,182.97236698946256,188712,161.2992284539404,2023,64.0,75.0,0.8533333333333334,33.0,38.0,0.868421052631579,0.3533333333333334,1.0,0.368421052631579,1.0,0.579,1,2014-01-01,1.0,0.0,2025,0.0
South Carolina,2025-09-01,1021467.0,2025,1063038.0,96.08941543011633,1124024,90.87590656427264,2023,36.0,124.0,0.2903225806451613,16.0,46.0,0.34782608695652173,-0.2096774193548387,0.0,-0.15217391304347827,0.0,0.414,0,,0.0,0.0,2025,0.0
South Dakota,2025-09-01,136318.0,2025,158748.0,85.87068813465366,166237,82.00220167592053,2023,7.0,70.0,0.1,4.0,35.0,0.11428571428571428,-0.4,0.0,-0.38571428571428573,0.0,0.341,1,2023-07-01,1.0,0.0,2025,0.0
Tennessee,2025-09-01,1434452.0,2025,1393277.0,102.95526302379213,1514870,94.6914256668889,2023,24.0,99.0,0.24242424242424243,6.0,33.0,0.18181818181818182,-0.25757575757575757,0.0,-0.3181818181818182,0.0,0.355,0,,0.0,0.0,2025,0.0
Texas,2025-09-01,4198271.0,2025,6023586.0,69.69720362588,6299251,66.64714582733725,2023,64.0,150.0,0.4266666666666667,12.0,31.0,0.3870967741935484,-0.0733333333333333,0.0,-0.11290322580645162,0.0,0.444,0,,0.0,0.0,2025,0.0
Utah,2025-09-01,337687.0,2025,451465.0,74.79804636018295,456764,73.93030098694294,2023,14.0,75.0,0.18666666666666668,6.0,29.0,0.20689655172413793,-0.31333333333333335,0.0,-0.2931034482758621,0.0,0.39,1,2020-01-01,1.0,0.0,2025,0.0
Wyoming,2025-09-01,60384.0,2025,96051.0,62.866602117625014,93266,64.74385092102159,2023,5.0,62.0,0.08064516129032258,2.0,31.0,0.06451612903225806,-0.41935483870967744,0.0,-0.43548387096774194,0.0,0.258,0,,0.0,0.0,2025,0.0
Alabama,2025-10-01,947046.0,2025,1116599.0,84.81522910194259,1174119,80.66013751587361,2023,28.0,105.0,0.26666666666666666,7.0,35.0,0.2,-0.23333333333333334,0.0,-0.3,0.0,0.34,0,,0.0,0.0,2025,0.0
Arkansas,2025-10-01,811928.0,2025,706692.0,114.89135295149796,761746,106.5877602245368,2023,18.0,100.0,0.18,6.0,35.0,0.17142857142857143,-0.32,0.0,-0.32857142857142857,0.0,0.335,1,2014-01-01,1.0,0.0,2025,0.0
California,2025-10-01,13189926.0,2025,6705321.0,196.70834550650147,7534254,175.0661180257528,2023,62.0,80.0,0.775,32.0,40.0,0.8,0.275,1.0,0.30000000000000004,1.0,0.601,1,2014-01-01,1.0,0.0,2025,0.0
Connecticut,2025-10-01,913090.0,2025,520053.0,175.57633548888288,530145,172.23401144969773,2023,96.0,151.0,0.6357615894039735,24.0,36.0,0.6666666666666666,0.13576158940397354,1.0,0.16666666666666663,1.0,0.567,1,2014-01-01,1.0,0.0,2025,0.0
Delaware,2025-10-01,242745.0,2025,147229.0,164.87580571762356,165961,146.26629147811835,2023,26.0,41.0,0.6341463414634146,15.0,21.0,0.7142857142857143,0.13414634146341464,1.0,0.2142857142857143,1.0,0.566,1,2014-01-01,1.0,0.0,2025,0.0
Florida,2025-10-01,3648091.0,2025,4070991.0,89.61186600510784,4384883,83.19699750255593,2023,35.0,120.0,0.2916666666666667,12.0,40.0,0.3,-0.20833333333333331,0.0,-0.2,0.0,0.432,0,,0.0,0.0,2025,0.0
Georgia,2025-10-01,1895046.0,2025,2123949.0,89.22276382342514,2209726,85.75932038632844,2023,79.0,180.0,0.4388888888888889,23.0,56.0,0.4107142857142857,-0.061111111111111116,0.0,-0.0892857142857143,0.0,0.481,0,,0.0,0.0,2025,1.0
Hawaii,2025-10-01,390044.0,2025,203721.0,191.4598887694445,185180,210.62965763041365,2023,45.0,51.0,0.8823529411764706,23.0,25.0,0.92,0.38235294117647056,1.0,0.42000000000000004,1.0,0.604,1,2014-01-01,1.0,0.0,2025,0.0
Idaho,2025-10-01,314788.0,2025,307164.0,102.48206169993878,341618,92.14619838533098,2023,11.0,70.0,0.15714285714285714,7.0,35.0,0.2,-0.34285714285714286,0.0,-0.3,0.0,0.296,1,2020-01-01,1.0,0.0,2025,0.0
Indiana,2025-10-01,1587156.0,2025,1220463.0,130.0454008028101,1293314,122.72008189813147,2023,30.0,100.0,0.3,10.0,50.0,0.2,-0.2,0.0,-0.3,0.0,0.393,1,2015-02-01,1.0,0.0,2025,1.0
Mississippi,2025-10-01,595171.0,2025,759514.0,78.36208417488025,831252,71.59934652788806,2023,42.0,122.0,0.3442622950819672,16.0,52.0,0.3076923076923077,-0.1557377049180328,0.0,-0.1923076923076923,0.0,0.392,0,,0.0,0.0,2025,0.0
North Dakota,2025-10-01,107030.0,2025,105296.0,101.64678620270476,122160,87.61460379829732,2023,12.0,94.0,0.1276595744680851,4.0,47.0,0.0851063829787234,-0.37234042553191493,0.0,-0.4148936170212766,0.0,0.312,1,2014-01-01,1.0,0.0,2025,0.0
Ohio,2025-10-01,2768467.0,2025,2187122.0,126.58036451555972,2296371,120.5583505452734,2023,32.0,99.0,0.32323232323232326,7.0,33.0,0.21212121212121213,-0.17676767676767674,0.0,-0.28787878787878785,0.0,0.44,1,2014-01-01,1.0,0.0,2025,0.0
Oklahoma,2025-10-01,989060.0,2025,915687.0,108.012890867731,885167,111.7371072351319,2023,20.0,101.0,0.19801980198019803,8.0,48.0,0.16666666666666666,-0.30198019801980197,0.0,-0.33333333333333337,0.0,0.311,1,2021-07-01,1.0,0.0,2025,0.0
Oregon,2025-10-01,1308135.0,2025,737782.0,177.30644011374633,797451,164.0395460034535,2023,35.0,60.0,0.5833333333333334,17.0,30.0,0.5666666666666667,0.08333333333333337,1.0,0.06666666666666665,1.0,0.556,1,2014-01-01,1.0,0.0,2025,0.0
Rhode Island,2025-10-01,304076.0,2025,166359.0,182.7830174502131,188712,161.1323074314299,2023,64.0,75.0,0.8533333333333334,33.0,38.0,0.868421052631579,0.3533333333333334,1.0,0.368421052631579,1.0,0.579,1,2014-01-01,1.0,0.0,2025,0.0
South Carolina,2025-10-01,1013659.0,2025,1063038.0,95.35491675744423,1124024,90.18125947488666,2023,36.0,124.0,0.2903225806451613,16.0,46.0,0.34782608695652173,-0.2096774193548387,0.0,-0.15217391304347827,0.0,0.414,0,,0.0,0.0,2025,0.0
South Dakota,2025-10-01,136919.0,2025,158748.0,86.24927558142464,166237,82.36373370549276,2023,7.0,70.0,0.1,4.0,35.0,0.11428571428571428,-0.4,0.0,-0.38571428571428573,0.0,0.341,1,2023-07-01,1.0,0.0,2025,0.0
Tennessee,2025-10-01,1424658.0,2025,1393277.0,102.2523159429173,1514870,94.04490154270664,2023,24.0,99.0,0.24242424242424243,6.0,33.0,0.18181818181818182,-0.25757575757575757,0.0,-0.3181818181818182,0.0,0.355,0,,0.0,0.0,2025,0.0
Texas,2025-10-01,4168710.0,2025,6023586.0,69.20644944722297,6299251,66.17786781317334,2023,64.0,150.0,0.4266666666666667,12.0,31.0,0.3870967741935484,-0.0733333333333333,0.0,-0.11290322580645162,0.0,0.444,0,,0.0,0.0,2025,0.0
Utah,2025-10-01,335404.0,2025,451465.0,74.29235931910559,456764,73.43048051072326,2023,14.0,75.0,0.18666666666666668,6.0,29.0,0.20689655172413793,-0.31333333333333335,0.0,-0.2931034482758621,0.0,0.39,1,2020-01-01,1.0,0.0,2025,0.0
Wyoming,2025-10-01,60444.0,2025,96051.0,62.92906893212981,93266,64.80818304634057,2023,5.0,62.0,0.08064516129032258,2.0,31.0,0.06451612903225806,-0.41935483870967744,0.0,-0.43548387096774194,0.0,0.258,0,,0.0,0.0,2025,0.0
Alabama,2025-11-01,945436.0,2025,1116599.0,84.67104126011218,1174119,80.52301342538534,2023,28.0,105.0,0.26666666666666666,7.0,35.0,0.2,-0.23333333333333334,0.0,-0.3,0.0,0.34,0,,0.0,0.0,2025,0.0
Arkansas,2025-11-01,806626.0,2025,706692.0,114.14109682860425,761746,105.89172768875714,2023,18.0,100.0,0.18,6.0,35.0,0.17142857142857143,-0.32,0.0,-0.32857142857142857,0.0,0.335,1,2014-01-01,1.0,0.0,2025,0.0
California,2025-11-01,12778416.0,2025,6705321.0,190.57127913786678,7534254,169.60426340816224,2023,62.0,80.0,0.775,32.0,40.0,0.8,0.275,1.0,0.30000000000000004,1.0,0.601,1,2014-01-01,1.0,0.0,2025,0.0
Connecticut,2025-11-01,907051.0,2025,520053.0,174.41510769094688,530145,171.09488913410482,2023,96.0,151.0,0.6357615894039735,24.0,36.0,0.6666666666666666,0.13576158940397354,1.0,0.16666666666666663,1.0,0.567,1,2014-01-01,1.0,0.0,2025,0.0
Delaware,2025-11-01,241168.0,2025,147229.0,163.80468521826543,165961,145.3160682328981,2023,26.0,41.0,0.6341463414634146,15.0,21.0,0.7142857142857143,0.13414634146341464,1.0,0.2142857142857143,1.0,0.566,1,2014-01-01,1.0,0.0,2025,0.0
Florida,2025-11-01,3611012.0,2025,4070991.0,88.70105583628163,4384883,82.35138771091498,2023,35.0,120.0,0.2916666666666667,12.0,40.0,0.3,-0.20833333333333331,0.0,-0.2,0.0,0.432,0,,0.0,0.0,2025,0.0
Georgia,2025-11-01,1888985.0,2025,2123949.0,88.93739915600611,2209726,85.48503298599012,2023,79.0,180.0,0.4388888888888889,23.0,56.0,0.4107142857142857,-0.061111111111111116,0.0,-0.0892857142857143,0.0,0.481,0,,0.0,0.0,2025,1.0
Hawaii,2025-11-01,389135.0,2025,203721.0,191.0136902921152,185180,210.1387838859488,2023,45.0,51.0,0.8823529411764706,23.0,25.0,0.92,0.38235294117647056,1.0,0.42000000000000004,1.0,0.604,1,2014-01-01,1.0,0.0,2025,0.0
Idaho,2025-11-01,313479.0,2025,307164.0,102.05590498886588,341618,91.7630218548203,2023,11.0,70.0,0.15714285714285714,7.0,35.0,0.2,-0.34285714285714286,0.0,-0.3,0.0,0.296,1,2020-01-01,1.0,0.0,2025,0.0
Indiana,2025-11-01,1557726.0,2025,1220463.0,127.63402085929685,1293314,120.44453241826811,2023,30.0,100.0,0.3,10.0,50.0,0.2,-0.2,0.0,-0.3,0.0,0.393,1,2015-02-01,1.0,0.0,2025,1.0
Mississippi,2025-11-01,593696.0,2025,759514.0,78.1678810397175,831252,71.42190334579645,2023,42.0,122.0,0.3442622950819672,16.0,52.0,0.3076923076923077,-0.1557377049180328,0.0,-0.1923076923076923,0.0,0.392,0,,0.0,0.0,2025,0.0
North Dakota,2025-11-01,106318.0,2025,105296.0,100.97059717368182,122160,87.03176162409954,2023,12.0,94.0,0.1276595744680851,4.0,47.0,0.0851063829787234,-0.37234042553191493,0.0,-0.4148936170212766,0.0,0.312,1,2014-01-01,1.0,0.0,2025,0.0
Ohio,2025-11-01,2751300.0,2025,2187122.0,125.7954517397749,2296371,119.81077970415059,2023,32.0,99.0,0.32323232323232326,7.0,33.0,0.21212121212121213,-0.17676767676767674,0.0,-0.28787878787878785,0.0,0.44,1,2014-01-01,1.0,0.0,2025,0.0
Oklahoma,2025-11-01,987037.0,2025,915687.0,107.79196384790872,885167,111.50856279097616,2023,20.0,101.0,0.19801980198019803,8.0,48.0,0.16666666666666666,-0.30198019801980197,0.0,-0.33333333333333337,0.0,0.311,1,2021-07-01,1.0,0.0,2025,0.0
Oregon,2025-11-01,1308255.0,2025,737782.0,177.32270508090465,797451,164.0545939499731,2023,35.0,60.0,0.5833333333333334,17.0,30.0,0.5666666666666667,0.08333333333333337,1.0,0.06666666666666665,1.0,0.556,1,2014-01-01,1.0,0.0,2025,0.0
Rhode Island,2025-11-01,297814.0,2025,166359.0,179.0188688318636,188712,157.8140234855229,2023,64.0,75.0,0.8533333333333334,33.0,38.0,0.868421052631579,0.3533333333333334,1.0,0.368421052631579,1.0,0.579,1,2014-01-01,1.0,0.0,2025,0.0
South Carolina,2025-11-01,1007906.0,2025,1063038.0,94.81373196442648,1124024,89.66943766325274,2023,36.0,124.0,0.2903225806451613,16.0,46.0,0.34782608695652173,-0.2096774193548387,0.0,-0.15217391304347827,0.0,0.414,0,,0.0,0.0,2025,0.0
South Dakota,2025-11-01,136379.0,2025,158748.0,85.90911381560713,166237,82.03889627459591,2023,7.0,70.0,0.1,4.0,35.0,0.11428571428571428,-0.4,0.0,-0.38571428571428573,0.0,0.341,1,2023-07-01,1.0,0.0,2025,0.0
Tennessee,2025-11-01,1416620.0,2025,1393277.0,101.67540266580156,1514870,93.51429495600283,2023,24.0,99.0,0.24242424242424243,6.0,33.0,0.18181818181818182,-0.25757575757575757,0.0,-0.3181818181818182,0.0,0.355,0,,0.0,0.0,2025,0.0
Texas,2025-11-01,4123943.0,2025,6023586.0,68.46325428075568,6299251,65.46719602060625,2023,64.0,150.0,0.4266666666666667,12.0,31.0,0.3870967741935484,-0.0733333333333333,0.0,-0.11290322580645162,0.0,0.444,0,,0.0,0.0,2025,0.0
Utah,2025-11-01,334123.0,2025,451465.0,74.00861639329737,456764,73.15002933681288,2023,14.0,75.0,0.18666666666666668,6.0,29.0,0.20689655172413793,-0.31333333333333335,0.0,-0.2931034482758621,0.0,0.39,1,2020-01-01,1.0,0.0,2025,0.0
Wyoming,2025-11-01,59940.0,2025,96051.0,62.404347690289526,93266,64.26779319366113,2023,5.0,62.0,0.08064516129032258,2.0,31.0,0.06451612903225806,-0.41935483870967744,0.0,-0.43548387096774194,0.0,0.258,0,,0.0,0.0,2025,0.0
Alabama,2025-12-01,945191.0,2025,1116599.0,84.64909963200755,1174119,80.5021467159632,2023,28.0,105.0,0.26666666666666666,7.0,35.0,0.2,-0.23333333333333334,0.0,-0.3,0.0,0.34,0,,0.0,0.0,2025,0.0
Arkansas,2025-12-01,807724.0,2025,706692.0,114.29646861716279,761746,106.03587022445802,2023,18.0,100.0,0.18,6.0,35.0,0.17142857142857143,-0.32,0.0,-0.32857142857142857,0.0,0.335,1,2014-01-01,1.0,0.0,2025,0.0
California,2025-12-01,12731627.0,2025,6705321.0,189.8734900238184,7534254,168.98324638378267,2023,62.0,80.0,0.775,32.0,40.0,0.8,0.275,1.0,0.30000000000000004,1.0,0.601,1,2014-01-01,1.0,0.0,2025,0.0
Connecticut,2025-12-01,907009.0,2025,520053.0,174.4070315910109,530145,171.0869667732413,2023,96.0,151.0,0.6357615894039735,24.0,36.0,0.6666666666666666,0.13576158940397354,1.0,0.16666666666666663,1.0,0.567,1,2014-01-01,1.0,0.0,2025,0.0
Delaware,2025-12-01,240456.0,2025,147229.0,163.32108484062243,165961,144.88705177722477,2023,26.0,41.0,0.6341463414634146,15.0,21.0,0.7142857142857143,0.13414634146341464,1.0,0.2142857142857143,1.0,0.566,1,2014-01-01,1.0,0.0,2025,0.0
Florida,2025-12-01,3592110.0,2025,4070991.0,88.23674628610085,4384883,81.92031577581432,2023,35.0,120.0,0.2916666666666667,12.0,40.0,0.3,-0.20833333333333331,0.0,-0.2,0.0,0.432,0,,0.0,0.0,2025,0.0
Georgia,2025-12-01,1882498.0,2025,2123949.0,88.6319775098178,2209726,85.19146717737856,2023,79.0,180.0,0.4388888888888889,23.0,56.0,0.4107142857142857,-0.061111111111111116,0.0,-0.0892857142857143,0.0,0.481,0,,0.0,0.0,2025,1.0
Hawaii,2025-12-01,388228.0,2025,203721.0,190.5684735496095,185180,209.6489901717248,2023,45.0,51.0,0.8823529411764706,23.0,25.0,0.92,0.38235294117647056,1.0,0.42000000000000004,1.0,0.604,1,2014-01-01,1.0,0.0,2025,0.0
Idaho,2025-12-01,313952.0,2025,307164.0,102.20989438866535,341618,91.90148060113928,2023,11.0,70.0,0.15714285714285714,7.0,35.0,0.2,-0.34285714285714286,0.0,-0.3,0.0,0.296,1,2020-01-01,1.0,0.0,2025,0.0
Indiana,2025-12-01,1538217.0,2025,1220463.0,126.03552913935121,1293314,118.93608203421597,2023,30.0,100.0,0.3,10.0,50.0,0.2,-0.2,0.0,-0.3,0.0,0.393,1,2015-02-01,1.0,0.0,2025,1.0
Mississippi,2025-12-01,593107.0,2025,759514.0,78.0903314487949,831252,71.35104637342225,2023,42.0,122.0,0.3442622950819672,16.0,52.0,0.3076923076923077,-0.1557377049180328,0.0,-0.1923076923076923,0.0,0.392,0,,0.0,0.0,2025,0.0
North Dakota,2025-12-01,106248.0,2025,105296.0,100.90411791521046,122160,86.97445972495088,2023,12.0,94.0,0.1276595744680851,4.0,47.0,0.0851063829787234,-0.37234042553191493,0.0,-0.4148936170212766,0.0,0.312,1,2014-01-01,1.0,0.0,2025,0.0
Ohio,2025-12-01,2729099.0,2025,2187122.0,124.78037347710827,2296371,118.8439934139562,2023,32.0,99.0,0.32323232323232326,7.0,33.0,0.21212121212121213,-0.17676767676767674,0.0,-0.28787878787878785,0.0,0.44,1,2014-01-01,1.0,0.0,2025,0.0
Oklahoma,2025-12-01,968050.0,2025,915687.0,105.7184387241492,885167,109.3635438284527,2023,20.0,101.0,0.19801980198019803,8.0,48.0,0.16666666666666666,-0.30198019801980197,0.0,-0.33333333333333337,0.0,0.311,1,2021-07-01,1.0,0.0,2025,0.0
Oregon,2025-12-01,1308432.0,2025,737782.0,177.34669590746316,797451,164.07678967108953,2023,35.0,60.0,0.5833333333333334,17.0,30.0,0.5666666666666667,0.08333333333333337,1.0,0.06666666666666665,1.0,0.556,1,2014-01-01,1.0,0.0,2025,0.0
Rhode Island,2025-12-01,298497.0,2025,166359.0,179.4294267217283,188712,158.1759506549663,2023,64.0,75.0,0.8533333333333334,33.0,38.0,0.868421052631579,0.3533333333333334,1.0,0.368421052631579,1.0,0.579,1,2014-01-01,1.0,0.0,2025,0.0
South Carolina,2025-12-01,977554.0,2025,1063038.0,91.9585188864368,1124024,86.96913944897973,2023,36.0,124.0,0.2903225806451613,16.0,46.0,0.34782608695652173,-0.2096774193548387,0.0,-0.15217391304347827,0.0,0.414,0,,0.0,0.0,2025,0.0
South Dakota,2025-12-01,136509.0,2025,158748.0,85.9910046110817,166237,82.11709787833034,2023,7.0,70.0,0.1,4.0,35.0,0.11428571428571428,-0.4,0.0,-0.38571428571428573,0.0,0.341,1,2023-07-01,1.0,0.0,2025,0.0
Tennessee,2025-12-01,1409733.0,2025,1393277.0,101.18110038420214,1514870,93.05966848640477,2023,24.0,99.0,0.24242424242424243,6.0,33.0,0.18181818181818182,-0.25757575757575757,0.0,-0.3181818181818182,0.0,0.355,0,,0.0,0.0,2025,0.0
Texas,2025-12-01,4111374.0,2025,6023586.0,68.254591201985,6299251,65.26766436200113,2023,64.0,150.0,0.4266666666666667,12.0,31.0,0.3870967741935484,-0.0733333333333333,0.0,-0.11290322580645162,0.0,0.444,0,,0.0,0.0,2025,0.0
Utah,2025-12-01,332396.0,2025,451465.0,73.62608397107195,456764,72.77193474091654,2023,14.0,75.0,0.18666666666666668,6.0,29.0,0.20689655172413793,-0.31333333333333335,0.0,-0.2931034482758621,0.0,0.39,1,2020-01-01,1.0,0.0,2025,0.0
Wyoming,2025-12-01,60450.0,2025,96051.0,62.935315613580286,93266,64.81461625887248,2023,5.0,62.0,0.08064516129032258,2.0,31.0,0.06451612903225806,-0.41935483870967744,0.0,-0.43548387096774194,0.0,0.258,0,,0.0,0.0,2025,0.0
Alabama,2026-01-01,935658.0,2026,1116599.0,83.79534640457317,1174119,79.69021879383605,2023,28.0,105.0,0.26666666666666666,7.0,35.0,0.2,-0.23333333333333334,0.0,-0.3,0.0,0.34,0,,0.0,0.0,2026,0.0
Arkansas,2026-01-01,801620.0,2026,706692.0,113.43272599661522,761746,105.23455325003349,2023,18.0,100.0,0.18,6.0,35.0,0.17142857142857143,-0.32,0.0,-0.32857142857142857,0.0,0.335,1,2014-01-01,1.0,0.0,2026,0.0
California,2026-01-01,12555434.0,2026,6705321.0,187.24583058737977,7534254,166.64468705196293,2023,62.0,80.0,0.775,32.0,40.0,0.8,0.275,1.0,0.30000000000000004,1.0,0.601,1,2014-01-01,1.0,0.0,2026,0.0
Connecticut,2026-01-01,905638.0,2026,520053.0,174.14340461452966,530145,170.82835827933866,2023,96.0,151.0,0.6357615894039735,24.0,36.0,0.6666666666666666,0.13576158940397354,1.0,0.16666666666666663,1.0,0.567,1,2014-01-01,1.0,0.0,2026,0.0
Delaware,2026-01-01,239213.0,2026,147229.0,162.4768218217878,165961,144.13808063340184,2023,26.0,41.0,0.6341463414634146,15.0,21.0,0.7142857142857143,0.13414634146341464,1.0,0.2142857142857143,1.0,0.566,1,2014-01-01,1.0,0.0,2026,0.0
Florida,2026-01-01,3588652.0,2026,4070991.0,88.15180382368814,4384883,81.84145392248779,2023,35.0,120.0,0.2916666666666667,12.0,40.0,0.3,-0.20833333333333331,0.0,-0.2,0.0,0.432,0,,0.0,0.0,2026,0.0
Georgia,2026-01-01,1851524.0,2026,2123949.0,87.1736562412751,2209726,83.78975492889164,2023,79.0,180.0,0.4388888888888889,23.0,56.0,0.4107142857142857,-0.061111111111111116,0.0,-0.0892857142857143,0.0,0.481,0,,0.0,0.0,2026,1.0
Hawaii,2026-01-01,387938.0,2026,203721.0,190.42612200018652,185180,209.49238578680203,2023,45.0,51.0,0.8823529411764706,23.0,25.0,0.92,0.38235294117647056,1.0,0.42000000000000004,1.0,0.604,1,2014-01-01,1.0,0.0,2026,0.0
Idaho,2026-01-01,310464.0,2026,307164.0,101.07434464976363,341618,90.88045711877008,2023,11.0,70.0,0.15714285714285714,7.0,35.0,0.2,-0.34285714285714286,0.0,-0.3,0.0,0.296,1,2020-01-01,1.0,0.0,2026,0.0
Indiana,2026-01-01,1457607.0,2026,1220463.0,119.43065869264369,1293314,112.70325690435578,2023,30.0,100.0,0.3,10.0,50.0,0.2,-0.2,0.0,-0.3,0.0,0.393,1,2015-02-01,1.0,0.0,2026,1.0
Mississippi,2026-01-01,588020.0,2026,759514.0,77.42056104298275,831252,70.73907792101552,2023,42.0,122.0,0.3442622950819672,16.0,52.0,0.3076923076923077,-0.1557377049180328,0.0,-0.1923076923076923,0.0,0.392,0,,0.0,0.0,2026,0.0
North Dakota,2026-01-01,103684.0,2026,105296.0,98.4690776477739,122160,84.87557301899149,2023,12.0,94.0,0.1276595744680851,4.0,47.0,0.0851063829787234,-0.37234042553191493,0.0,-0.4148936170212766,0.0,0.312,1,2014-01-01,1.0,0.0,2026,0.0
Ohio,2026-01-01,2698937.0,2026,2187122.0,123.40130088765054,2296371,117.53052969228403,2023,32.0,99.0,0.32323232323232326,7.0,33.0,0.21212121212121213,-0.17676767676767674,0.0,-0.28787878787878785,0.0,0.44,1,2014-01-01,1.0,0.0,2026,0.0
Oklahoma,2026-01-01,966557.0,2026,915687.0,105.55539174412216,885167,109.19487509136694,2023,20.0,101.0,0.19801980198019803,8.0,48.0,0.16666666666666666,-0.30198019801980197,0.0,-0.33333333333333337,0.0,0.311,1,2021-07-01,1.0,0.0,2026,0.0
Oregon,2026-01-01,1297017.0,2026,737782.0,175.79949090652795,797451,162.64535375841274,2023,35.0,60.0,0.5833333333333334,17.0,30.0,0.5666666666666667,0.08333333333333337,1.0,0.06666666666666665,1.0,0.556,1,2014-01-01,1.0,0.0,2026,0.0
Rhode Island,2026-01-01,299004.0,2026,166359.0,179.73418931347268,188712,158.444614015007,2023,64.0,75.0,0.8533333333333334,33.0,38.0,0.868421052631579,0.3533333333333334,1.0,0.368421052631579,1.0,0.579,1,2014-01-01,1.0,0.0,2026,0.0
South Carolina,2026-01-01,973021.0,2026,1063038.0,91.53209951102407,1124024,86.56585624506238,2023,36.0,124.0,0.2903225806451613,16.0,46.0,0.34782608695652173,-0.2096774193548387,0.0,-0.15217391304347827,0.0,0.414,0,,0.0,0.0,2026,0.0
South Dakota,2026-01-01,136524.0,2026,158748.0,86.00045354902109,166237,82.12612114029969,2023,7.0,70.0,0.1,4.0,35.0,0.11428571428571428,-0.4,0.0,-0.38571428571428573,0.0,0.341,1,2023-07-01,1.0,0.0,2026,0.0
Tennessee,2026-01-01,1402697.0,2026,1393277.0,100.67610389032475,1514870,92.59520618930998,2023,24.0,99.0,0.24242424242424243,6.0,33.0,0.18181818181818182,-0.25757575757575757,0.0,-0.3181818181818182,0.0,0.355,0,,0.0,0.0,2026,0.0
Texas,2026-01-01,4032864.0,2026,6023586.0,66.95121477472057,6299251,64.02132570999314,2023,64.0,150.0,0.4266666666666667,12.0,31.0,0.3870967741935484,-0.0733333333333333,0.0,-0.11290322580645162,0.0,0.444,0,,0.0,0.0,2026,0.0
Utah,2026-01-01,326004.0,2026,451465.0,72.2102488565005,456764,71.37252498007723,2023,14.0,75.0,0.18666666666666668,6.0,29.0,0.20689655172413793,-0.31333333333333335,0.0,-0.2931034482758621,0.0,0.39,1,2020-01-01,1.0,0.0,2026,0.0
Wyoming,2026-01-01,59735.0,2026,96051.0,62.19091940739815,93266,64.04799176548795,2023,5.0,62.0,0.08064516129032258,2.0,31.0,0.06451612903225806,-0.41935483870967744,0.0,-0.43548387096774194,0.0,0.258,0,,0.0,0.0,2026,0.0
